country_name,country_iso3code,year,indicator_value
Africa Eastern and Southern,AFE,2021,8.66186046600342
Africa Eastern and Southern,AFE,2020,8.71187019348145
Africa Eastern and Southern,AFE,2019,8.67273044586182
Africa Eastern and Southern,AFE,2018,8.7509298324585
Africa Eastern and Southern,AFE,2017,8.71269035339355
Africa Eastern and Southern,AFE,2016,8.57314014434814
Africa Eastern and Southern,AFE,2015,8.43400001525879
Africa Eastern and Southern,AFE,2014,8.29104042053223
Africa Eastern and Southern,AFE,2013,8.18673038482666
Africa Eastern and Southern,AFE,2012,7.9946699142456
Africa Eastern and Southern,AFE,2011,7.71177005767822
Africa Eastern and Southern,AFE,2010,7.34631013870239
Africa Eastern and Southern,AFE,2009,6.78540992736816
Africa Eastern and Southern,AFE,2008,6.22163009643555
Africa Eastern and Southern,AFE,2007,5.82964992523193
Africa Eastern and Southern,AFE,2006,5.67903995513916
Africa Eastern and Southern,AFE,2005,5.39512014389038
Africa Eastern and Southern,AFE,2004,5.12434005737305
Africa Eastern and Southern,AFE,2003,4.8099799156189
Africa Eastern and Southern,AFE,2002,4.5005898475647
Africa Eastern and Southern,AFE,2001,4.2595100402832
Africa Eastern and Southern,AFE,2000,3.99448990821838
Africa Eastern and Southern,AFE,1999,3.8215799331665
Africa Eastern and Southern,AFE,1998,3.85899996757507
Africa Eastern and Southern,AFE,1997,3.8187301158905
Africa Eastern and Southern,AFE,1996,3.79064011573792
Africa Eastern and Southern,AFE,1995,3.77903008460998
Africa Eastern and Southern,AFE,1994,3.75828003883362
Africa Eastern and Southern,AFE,1993,3.58260989189148
Africa Eastern and Southern,AFE,1992,3.44453001022339
Africa Eastern and Southern,AFE,1991,3.32539010047913
Africa Eastern and Southern,AFE,1990,3.19349002838135
Africa Eastern and Southern,AFE,1989,3.1723198890686
Africa Eastern and Southern,AFE,1988,3.01823997497559
Africa Eastern and Southern,AFE,1987,2.90907001495361
Africa Eastern and Southern,AFE,1986,2.80894994735718
Africa Eastern and Southern,AFE,1985,2.71170997619629
Africa Eastern and Southern,AFE,1984,2.61872005462646
Africa Eastern and Southern,AFE,1983,2.57652997970581
Africa Eastern and Southern,AFE,1982,2.54147005081177
Africa Eastern and Southern,AFE,1981,2.37480998039246
Africa Eastern and Southern,AFE,1980,2.31379008293152
Africa Eastern and Southern,AFE,1979,2.24832010269165
Africa Eastern and Southern,AFE,1978,2.19693994522095
Africa Eastern and Southern,AFE,1977,2.10810995101929
Africa Eastern and Southern,AFE,1976,2.06860995292664
Africa Eastern and Southern,AFE,1975,2.0278000831604
Africa Eastern and Southern,AFE,1974,1.97111999988556
Africa Eastern and Southern,AFE,1973,1.89342999458313
Africa Eastern and Southern,AFE,1972,1.93185997009277
Africa Eastern and Southern,AFE,1971,1.82993996143341
Africa Eastern and Southern,AFE,1970,1.88971996307373
Africa Western and Central,AFW,2021,10.1902599334717
Africa Western and Central,AFW,2020,9.93537998199463
Africa Western and Central,AFW,2019,9.73875999450684
Africa Western and Central,AFW,2018,9.58899021148682
Africa Western and Central,AFW,2017,9.39776039123535
Africa Western and Central,AFW,2016,9.26937007904053
Africa Western and Central,AFW,2015,9.45302963256836
Africa Western and Central,AFW,2014,9.39218044281006
Africa Western and Central,AFW,2013,9.13339042663574
Africa Western and Central,AFW,2012,8.61141014099121
Africa Western and Central,AFW,2011,8.23383045196533
Africa Western and Central,AFW,2010,7.94076013565063
Africa Western and Central,AFW,2009,7.67314004898071
Africa Western and Central,AFW,2008,7.55156993865967
Africa Western and Central,AFW,2007,7.31161022186279
Africa Western and Central,AFW,2006,7.09086990356445
Africa Western and Central,AFW,2005,7.03709983825684
Africa Western and Central,AFW,2004,6.620689868927
Africa Western and Central,AFW,2003,6.43214988708496
Africa Western and Central,AFW,2002,5.93669986724854
Africa Western and Central,AFW,2001,5.43233013153076
Africa Western and Central,AFW,2000,4.95100021362305
Africa Western and Central,AFW,1999,4.33806991577148
Africa Western and Central,AFW,1998,4.16986989974976
Africa Western and Central,AFW,1997,4.01411008834839
Africa Western and Central,AFW,1996,3.78765988349915
Africa Western and Central,AFW,1995,3.59401988983154
Africa Western and Central,AFW,1994,3.45100998878479
Africa Western and Central,AFW,1993,3.29299998283386
Africa Western and Central,AFW,1992,3.11690998077393
Africa Western and Central,AFW,1991,2.97762989997864
Africa Western and Central,AFW,1990,2.87589001655579
Africa Western and Central,AFW,1989,2.77177000045776
Africa Western and Central,AFW,1988,2.65233993530273
Africa Western and Central,AFW,1987,2.47387003898621
Africa Western and Central,AFW,1986,2.51521992683411
Africa Western and Central,AFW,1985,2.3889799118042
Africa Western and Central,AFW,1984,2.20619988441467
Africa Western and Central,AFW,1983,2.14419007301331
Africa Western and Central,AFW,1982,2.05622005462646
Africa Western and Central,AFW,1981,1.9273099899292
Africa Western and Central,AFW,1980,1.65649998188019
Africa Western and Central,AFW,1979,1.50065994262695
Africa Western and Central,AFW,1978,1.23221004009247
Africa Western and Central,AFW,1977,1.09012997150421
Africa Western and Central,AFW,1976,0.927500009536743
Africa Western and Central,AFW,1975,0.831439971923828
Africa Western and Central,AFW,1974,0.78600001335144
Africa Western and Central,AFW,1973,0.72408002614975
Africa Western and Central,AFW,1972,0.66184002161026
Africa Western and Central,AFW,1971,0.619029998779297
Africa Western and Central,AFW,1970,0.617680013179779
Arab World,ARB,2024,35.0803985595703
Arab World,ARB,2023,33.2456398010254
Arab World,ARB,2022,32.7095909118652
Arab World,ARB,2021,32.6684608459473
Arab World,ARB,2020,32.7869911193848
Arab World,ARB,2019,32.1644706726074
Arab World,ARB,2018,31.8304405212402
Arab World,ARB,2017,30.7080307006836
Arab World,ARB,2016,29.9698600769043
Arab World,ARB,2015,29.4163494110107
Arab World,ARB,2014,27.9501495361328
Arab World,ARB,2013,26.6111106872559
Arab World,ARB,2012,24.9674091339111
Arab World,ARB,2011,23.5923805236816
Arab World,ARB,2010,24.0447006225586
Arab World,ARB,2009,23.2823505401611
Arab World,ARB,2008,22.4240398406982
Arab World,ARB,2007,21.5595207214356
Arab World,ARB,2006,20.922119140625
Arab World,ARB,2005,20.39501953125
Arab World,ARB,2004,19.4084701538086
Arab World,ARB,2003,18.2871894836426
Arab World,ARB,2002,18.2287998199463
Arab World,ARB,2001,17.4352397918701
Arab World,ARB,2000,16.8672409057617
Arab World,ARB,1999,16.7325000762939
Arab World,ARB,1998,15.4457502365112
Arab World,ARB,1997,14.5025501251221
Arab World,ARB,1996,13.5704402923584
Arab World,ARB,1995,12.6549396514893
Arab World,ARB,1994,11.8772401809692
Arab World,ARB,1993,10.910590171814
Arab World,ARB,1992,10.0868196487427
Arab World,ARB,1991,9.47113037109375
Arab World,ARB,1990,9.73840045928955
Arab World,ARB,1989,9.67932987213135
Arab World,ARB,1988,13.7320003509522
Arab World,ARB,1987,9.79909992218018
Arab World,ARB,1986,9.68360996246338
Arab World,ARB,1985,9.36201953887939
Arab World,ARB,1984,9.33497047424316
Arab World,ARB,1983,9.06667995452881
Arab World,ARB,1982,8.87298011779785
Arab World,ARB,1981,8.51006031036377
Arab World,ARB,1980,7.99777984619141
Arab World,ARB,1979,7.6641697883606
Arab World,ARB,1978,7.55993986129761
Arab World,ARB,1977,7.75063991546631
Arab World,ARB,1976,7.33316993713379
Arab World,ARB,1975,6.74680995941162
Arab World,ARB,1974,6.26859998703003
Arab World,ARB,1973,5.91309022903442
Arab World,ARB,1972,5.61168003082275
Arab World,ARB,1971,5.39283990859985
Arab World,ARB,1970,12.7094001770019
Caribbean small states,CSS,2016,22.4458999633789
Caribbean small states,CSS,2015,22.3374500274658
Caribbean small states,CSS,2014,22.1476001739502
Caribbean small states,CSS,2013,21.7818107604981
Caribbean small states,CSS,2012,22.1598205566406
Caribbean small states,CSS,2011,20.8291606903076
Caribbean small states,CSS,2010,20.8750495910644
Caribbean small states,CSS,2009,19.4849090576172
Caribbean small states,CSS,2008,18.9792003631592
Caribbean small states,CSS,2007,17.4229507446289
Caribbean small states,CSS,2006,16.1468200683594
Caribbean small states,CSS,2005,16.0023498535156
Caribbean small states,CSS,2004,16.4811305999756
Caribbean small states,CSS,2003,15.3083400726318
Caribbean small states,CSS,2002,14.4409503936768
Caribbean small states,CSS,2001,13.4508304595947
Caribbean small states,CSS,2000,12.4815998077393
Caribbean small states,CSS,1999,10.1685104370117
Caribbean small states,CSS,1998,10.1574897766113
Caribbean small states,CSS,1997,10.2123603820801
Caribbean small states,CSS,1996,9.88105964660645
Caribbean small states,CSS,1995,9.52126026153564
Caribbean small states,CSS,1994,9.40382957458496
Caribbean small states,CSS,1993,9.07065963745117
Caribbean small states,CSS,1992,8.82328987121582
Caribbean small states,CSS,1991,8.56671047210693
Caribbean small states,CSS,1990,7.63067007064819
Caribbean small states,CSS,1989,7.07566022872925
Caribbean small states,CSS,1988,6.70971012115479
Caribbean small states,CSS,1987,6.45601987838745
Caribbean small states,CSS,1986,6.19642019271851
Caribbean small states,CSS,1985,5.98225021362305
Caribbean small states,CSS,1984,5.7889199256897
Caribbean small states,CSS,1983,5.76469993591309
Caribbean small states,CSS,1982,6.19103002548218
Caribbean small states,CSS,1981,6.02912998199463
Caribbean small states,CSS,1980,6.02961015701294
Caribbean small states,CSS,1979,6.11389017105103
Caribbean small states,CSS,1978,6.15292978286743
Caribbean small states,CSS,1977,6.15764999389648
Caribbean small states,CSS,1976,5.89448022842407
Caribbean small states,CSS,1975,5.17656993865967
Caribbean small states,CSS,1974,4.83447980880737
Caribbean small states,CSS,1973,4.74669981002808
Caribbean small states,CSS,1972,4.57147979736328
Caribbean small states,CSS,1971,4.37943983078003
Caribbean small states,CSS,1970,4.4039101600647
Central Europe and the Baltics,CEB,2024,68.5388870239258
Central Europe and the Baltics,CEB,2023,68.5388870239258
Central Europe and the Baltics,CEB,2022,69.6117095947266
Central Europe and the Baltics,CEB,2021,67.2225112915039
Central Europe and the Baltics,CEB,2020,65.5949325561523
Central Europe and the Baltics,CEB,2019,65.126091003418
Central Europe and the Baltics,CEB,2018,64.793212890625
Central Europe and the Baltics,CEB,2017,64.2809066772461
Central Europe and the Baltics,CEB,2016,63.742748260498
Central Europe and the Baltics,CEB,2015,63.5147018432617
Central Europe and the Baltics,CEB,2014,64.334602355957
Central Europe and the Baltics,CEB,2013,65.7614822387695
Central Europe and the Baltics,CEB,2012,67.0797119140625
Central Europe and the Baltics,CEB,2011,69.3709716796875
Central Europe and the Baltics,CEB,2010,71.1350784301758
Central Europe and the Baltics,CEB,2009,70.2542572021484
Central Europe and the Baltics,CEB,2008,67.3870162963867
Central Europe and the Baltics,CEB,2007,63.0291404724121
Central Europe and the Baltics,CEB,2006,60.1693992614746
Central Europe and the Baltics,CEB,2005,57.1709289550781
Central Europe and the Baltics,CEB,2004,54.1560592651367
Central Europe and the Baltics,CEB,2003,51.3497581481934
Central Europe and the Baltics,CEB,2002,48.1001586914062
Central Europe and the Baltics,CEB,2001,43.7403717041016
Central Europe and the Baltics,CEB,2000,39.194709777832
Central Europe and the Baltics,CEB,1999,35.614429473877
Early-demographic dividend,EAR,2024,36.2870903015137
Early-demographic dividend,EAR,2023,35.5325889587402
Early-demographic dividend,EAR,2022,34.193359375
Early-demographic dividend,EAR,2021,33.4120712280273
Early-demographic dividend,EAR,2020,32.2398986816406
Early-demographic dividend,EAR,2019,31.5165290832519
Early-demographic dividend,EAR,2018,30.673189163208
Early-demographic dividend,EAR,2017,30.3353500366211
Early-demographic dividend,EAR,2016,29.7700099945068
Early-demographic dividend,EAR,2015,28.9729995727539
Early-demographic dividend,EAR,2014,27.4999103546143
Early-demographic dividend,EAR,2013,26.1639900207519
Early-demographic dividend,EAR,2012,25.700590133667
Early-demographic dividend,EAR,2011,24.1540393829346
Early-demographic dividend,EAR,2010,21.7061100006104
Early-demographic dividend,EAR,2009,20.0750503540039
Early-demographic dividend,EAR,2008,18.9660301208496
Early-demographic dividend,EAR,2007,17.3509292602539
Early-demographic dividend,EAR,2006,16.0446300506592
Early-demographic dividend,EAR,2005,15.2303199768066
Early-demographic dividend,EAR,2004,14.925350189209
Early-demographic dividend,EAR,2003,14.4978704452515
Early-demographic dividend,EAR,2002,14.0371999740601
Early-demographic dividend,EAR,2001,13.5822095870972
Early-demographic dividend,EAR,2000,13.3640298843384
Early-demographic dividend,EAR,1999,13.1674900054932
Early-demographic dividend,EAR,1998,12.6715803146362
Early-demographic dividend,EAR,1997,10.7684097290039
Early-demographic dividend,EAR,1996,10.4444303512573
Early-demographic dividend,EAR,1995,9.46609020233154
Early-demographic dividend,EAR,1994,11.3204898834228
Early-demographic dividend,EAR,1993,10.9425001144409
Early-demographic dividend,EAR,1992,11.1210899353027
Early-demographic dividend,EAR,1991,8.46541023254395
Early-demographic dividend,EAR,1990,8.21088027954102
Early-demographic dividend,EAR,1989,8.01064014434814
Early-demographic dividend,EAR,1988,8.15447044372559
Early-demographic dividend,EAR,1987,8.01111030578613
Early-demographic dividend,EAR,1986,7.60780000686646
Early-demographic dividend,EAR,1985,7.84681987762451
Early-demographic dividend,EAR,1984,7.11780023574829
Early-demographic dividend,EAR,1983,6.59203004837036
Early-demographic dividend,EAR,1982,6.12936019897461
Early-demographic dividend,EAR,1981,6.01020002365112
Early-demographic dividend,EAR,1980,5.64235019683838
Early-demographic dividend,EAR,1979,5.40312004089355
Early-demographic dividend,EAR,1978,5.27688980102539
Early-demographic dividend,EAR,1977,5.0441198348999
Early-demographic dividend,EAR,1976,4.9022798538208
East Asia & Pacific,EAS,2024,63.3318481445312
East Asia & Pacific,EAS,2023,61.8918609619141
East Asia & Pacific,EAS,2022,59.3321418762207
East Asia & Pacific,EAS,2021,56.0834693908691
East Asia & Pacific,EAS,2020,52.6518783569336
East Asia & Pacific,EAS,2019,49.4808692932129
East Asia & Pacific,EAS,2018,47.4009819030762
East Asia & Pacific,EAS,2017,46.5590782165527
East Asia & Pacific,EAS,2016,45.9389686584473
East Asia & Pacific,EAS,2015,44.2587699890137
East Asia & Pacific,EAS,2014,41.8916206359863
East Asia & Pacific,EAS,2013,35.0063514709473
East Asia & Pacific,EAS,2012,32.6158103942871
East Asia & Pacific,EAS,2011,30.5334892272949
East Asia & Pacific,EAS,2010,29.0185108184814
East Asia & Pacific,EAS,2009,27.3756103515625
East Asia & Pacific,EAS,2008,26.1920108795166
East Asia & Pacific,EAS,2007,25.5336608886719
East Asia & Pacific,EAS,2006,24.681209564209
East Asia & Pacific,EAS,2005,23.4988803863525
East Asia & Pacific,EAS,2004,22.3188800811768
East Asia & Pacific,EAS,2003,20.7942905426025
East Asia & Pacific,EAS,2002,19.0702209472656
East Asia & Pacific,EAS,2001,17.4698600769043
East Asia & Pacific,EAS,2000,16.5568504333496
East Asia & Pacific,EAS,1999,15.0512599945068
East Asia & Pacific,EAS,1998,14.1969804763794
East Asia & Pacific,EAS,1997,14.0118904113769
East Asia & Pacific,EAS,1996,12.5520896911621
East Asia & Pacific,EAS,1995,10.8400802612305
East Asia & Pacific,EAS,1994,10.2500200271606
East Asia & Pacific,EAS,1993,9.50734043121338
East Asia & Pacific,EAS,1992,8.27670955657959
East Asia & Pacific,EAS,1991,8.1414098739624
East Asia & Pacific,EAS,1990,7.48769998550415
East Asia & Pacific,EAS,1989,8.02836990356445
East Asia & Pacific,EAS,1988,7.26129007339478
East Asia & Pacific,EAS,1987,7.8642201423645
East Asia & Pacific,EAS,1986,6.87367010116577
East Asia & Pacific,EAS,1985,6.53017997741699
East Asia & Pacific,EAS,1984,6.46175003051758
East Asia & Pacific,EAS,1983,6.39443016052246
East Asia & Pacific,EAS,1982,6.42841005325317
East Asia & Pacific,EAS,1981,6.27251005172729
East Asia & Pacific,EAS,1980,5.68712997436523
East Asia & Pacific,EAS,1979,5.07028007507324
East Asia & Pacific,EAS,1978,4.52276992797852
East Asia & Pacific,EAS,1977,4.0946798324585
East Asia & Pacific,EAS,1976,3.91329002380371
East Asia & Pacific,EAS,1975,3.5766499042511
East Asia & Pacific,EAS,1974,3.35064005851746
East Asia & Pacific,EAS,1973,3.14942002296448
East Asia & Pacific,EAS,1972,3.07946991920471
East Asia & Pacific,EAS,1971,2.975909948349
East Asia & Pacific,EAS,1970,9.52993011474609
East Asia & Pacific (excluding high income),EAP,2024,61.7415199279785
East Asia & Pacific (excluding high income),EAP,2023,60.2147789001465
East Asia & Pacific (excluding high income),EAP,2022,57.4992599487305
East Asia & Pacific (excluding high income),EAP,2021,53.9938011169434
East Asia & Pacific (excluding high income),EAP,2020,50.3684883117676
East Asia & Pacific (excluding high income),EAP,2019,46.9729614257812
East Asia & Pacific (excluding high income),EAP,2018,44.811351776123
East Asia & Pacific (excluding high income),EAP,2017,43.858829498291
East Asia & Pacific (excluding high income),EAP,2016,43.1053314208984
East Asia & Pacific (excluding high income),EAP,2015,41.3544311523438
East Asia & Pacific (excluding high income),EAP,2014,38.8466682434082
East Asia & Pacific (excluding high income),EAP,2013,31.580940246582
East Asia & Pacific (excluding high income),EAP,2012,29.1287307739258
East Asia & Pacific (excluding high income),EAP,2011,26.9844398498535
East Asia & Pacific (excluding high income),EAP,2010,25.4730396270752
East Asia & Pacific (excluding high income),EAP,2009,23.7790603637695
East Asia & Pacific (excluding high income),EAP,2008,22.4409999847412
East Asia & Pacific (excluding high income),EAP,2007,21.6776599884033
East Asia & Pacific (excluding high income),EAP,2006,20.6872100830078
East Asia & Pacific (excluding high income),EAP,2005,19.3102798461914
East Asia & Pacific (excluding high income),EAP,2004,17.9389495849609
East Asia & Pacific (excluding high income),EAP,2003,16.2081909179688
East Asia & Pacific (excluding high income),EAP,2002,14.2745199203491
East Asia & Pacific (excluding high income),EAP,2001,12.4969301223755
East Asia & Pacific (excluding high income),EAP,2000,11.3488101959228
East Asia & Pacific (excluding high income),EAP,1999,10.5767602920532
East Asia & Pacific (excluding high income),EAP,1998,9.74847030639648
East Asia & Pacific (excluding high income),EAP,1997,9.03649044036865
East Asia & Pacific (excluding high income),EAP,1996,8.07845020294189
East Asia & Pacific (excluding high income),EAP,1995,7.28415012359619
East Asia & Pacific (excluding high income),EAP,1994,6.93306016921997
East Asia & Pacific (excluding high income),EAP,1993,5.51512002944946
East Asia & Pacific (excluding high income),EAP,1992,5.84430980682373
East Asia & Pacific (excluding high income),EAP,1991,5.82052993774414
East Asia & Pacific (excluding high income),EAP,1990,5.20879983901978
East Asia & Pacific (excluding high income),EAP,1989,5.87879991531372
East Asia & Pacific (excluding high income),EAP,1988,5.0896201133728
East Asia & Pacific (excluding high income),EAP,1987,5.81178998947144
East Asia & Pacific (excluding high income),EAP,1986,4.81120014190674
East Asia & Pacific (excluding high income),EAP,1985,4.46297979354858
East Asia & Pacific (excluding high income),EAP,1984,4.36929988861084
East Asia & Pacific (excluding high income),EAP,1983,4.26933002471924
East Asia & Pacific (excluding high income),EAP,1982,4.2795000076294
East Asia & Pacific (excluding high income),EAP,1981,3.98623991012573
East Asia & Pacific (excluding high income),EAP,1980,3.45133996009827
East Asia & Pacific (excluding high income),EAP,1979,2.92281007766724
East Asia & Pacific (excluding high income),EAP,1978,2.3559000492096
East Asia & Pacific (excluding high income),EAP,1977,2.09910011291504
East Asia & Pacific (excluding high income),EAP,1976,1.9538300037384
East Asia & Pacific (excluding high income),EAP,1975,1.76789999008179
East Asia & Pacific (excluding high income),EAP,1974,1.62221002578735
East Asia & Pacific (excluding high income),EAP,1973,1.47678005695343
East Asia & Pacific (excluding high income),EAP,1972,1.42950999736786
East Asia & Pacific (excluding high income),EAP,1971,1.39549005031586
East Asia & Pacific (excluding high income),EAP,1970,3.17813992500305
East Asia & Pacific (IDA & IBRD countries),TEA,2024,62.1942710876465
East Asia & Pacific (IDA & IBRD countries),TEA,2023,60.657829284668
East Asia & Pacific (IDA & IBRD countries),TEA,2022,57.9160804748535
East Asia & Pacific (IDA & IBRD countries),TEA,2021,54.3689193725586
East Asia & Pacific (IDA & IBRD countries),TEA,2020,50.6974411010742
East Asia & Pacific (IDA & IBRD countries),TEA,2019,47.2565612792969
East Asia & Pacific (IDA & IBRD countries),TEA,2018,45.0661506652832
East Asia & Pacific (IDA & IBRD countries),TEA,2017,44.0927085876465
East Asia & Pacific (IDA & IBRD countries),TEA,2016,43.3201484680176
East Asia & Pacific (IDA & IBRD countries),TEA,2015,41.5367698669434
East Asia & Pacific (IDA & IBRD countries),TEA,2014,38.9852485656738
East Asia & Pacific (IDA & IBRD countries),TEA,2013,31.6151294708252
East Asia & Pacific (IDA & IBRD countries),TEA,2012,29.1261692047119
East Asia & Pacific (IDA & IBRD countries),TEA,2011,26.9515590667725
East Asia & Pacific (IDA & IBRD countries),TEA,2010,25.4230098724365
East Asia & Pacific (IDA & IBRD countries),TEA,2009,23.7103404998779
East Asia & Pacific (IDA & IBRD countries),TEA,2008,22.3570995330811
East Asia & Pacific (IDA & IBRD countries),TEA,2007,21.5844192504883
East Asia & Pacific (IDA & IBRD countries),TEA,2006,20.5814304351807
East Asia & Pacific (IDA & IBRD countries),TEA,2005,19.1879806518555
East Asia & Pacific (IDA & IBRD countries),TEA,2004,17.7994499206543
East Asia & Pacific (IDA & IBRD countries),TEA,2003,16.0474491119385
East Asia & Pacific (IDA & IBRD countries),TEA,2002,14.0914402008057
East Asia & Pacific (IDA & IBRD countries),TEA,2001,12.2932901382446
East Asia & Pacific (IDA & IBRD countries),TEA,2000,11.1288003921509
East Asia & Pacific (IDA & IBRD countries),TEA,1999,10.3489799499512
East Asia & Pacific (IDA & IBRD countries),TEA,1998,9.51282024383545
East Asia & Pacific (IDA & IBRD countries),TEA,1997,8.79578971862793
East Asia & Pacific (IDA & IBRD countries),TEA,1996,7.83038997650146
East Asia & Pacific (IDA & IBRD countries),TEA,1995,7.02889013290405
East Asia & Pacific (IDA & IBRD countries),TEA,1994,6.66963005065918
East Asia & Pacific (IDA & IBRD countries),TEA,1993,5.22213983535767
East Asia & Pacific (IDA & IBRD countries),TEA,1992,5.54217004776001
East Asia & Pacific (IDA & IBRD countries),TEA,1991,5.50631999969482
East Asia & Pacific (IDA & IBRD countries),TEA,1990,4.8690299987793
East Asia & Pacific (IDA & IBRD countries),TEA,1989,5.536789894104
East Asia & Pacific (IDA & IBRD countries),TEA,1988,4.73126983642578
East Asia & Pacific (IDA & IBRD countries),TEA,1987,5.4640998840332
East Asia & Pacific (IDA & IBRD countries),TEA,1986,4.46036005020142
East Asia & Pacific (IDA & IBRD countries),TEA,1985,4.11627006530762
East Asia & Pacific (IDA & IBRD countries),TEA,1984,4.00758981704712
East Asia & Pacific (IDA & IBRD countries),TEA,1983,3.89931011199951
East Asia & Pacific (IDA & IBRD countries),TEA,1982,3.89819002151489
East Asia & Pacific (IDA & IBRD countries),TEA,1981,3.57886004447937
East Asia & Pacific (IDA & IBRD countries),TEA,1980,3.0409300327301
East Asia & Pacific (IDA & IBRD countries),TEA,1979,2.52308011054993
East Asia & Pacific (IDA & IBRD countries),TEA,1978,1.96166002750397
East Asia & Pacific (IDA & IBRD countries),TEA,1977,1.7083899974823
East Asia & Pacific (IDA & IBRD countries),TEA,1976,1.5720499753952
East Asia & Pacific (IDA & IBRD countries),TEA,1975,1.4120899438858
East Asia & Pacific (IDA & IBRD countries),TEA,1974,1.29895997047424
East Asia & Pacific (IDA & IBRD countries),TEA,1973,1.18884003162384
East Asia & Pacific (IDA & IBRD countries),TEA,1972,1.16428005695343
East Asia & Pacific (IDA & IBRD countries),TEA,1971,1.12454998493195
East Asia & Pacific (IDA & IBRD countries),TEA,1970,2.91224002838135
Euro area,EMU,2024,81.8938369750977
Euro area,EMU,2023,81.8938369750977
Euro area,EMU,2022,81.6640472412109
Euro area,EMU,2021,79.9525680541992
Euro area,EMU,2020,76.9254837036133
Euro area,EMU,2019,76.0138626098633
Euro area,EMU,2018,74.7783737182617
Euro area,EMU,2017,73.6193008422852
Euro area,EMU,2016,72.2064819335938
Euro area,EMU,2015,71.4340972900391
Euro area,EMU,2014,69.9664688110352
Euro area,EMU,2013,67.9843521118164
Euro area,EMU,2012,67.2605895996094
Euro area,EMU,2011,66.5702667236328
Euro area,EMU,2010,65.1743316650391
Euro area,EMU,2009,63.742259979248
Euro area,EMU,2008,63.1868896484375
Euro area,EMU,2007,63.1724586486816
Euro area,EMU,2006,63.1356391906738
Euro area,EMU,2005,62.4031982421875
Euro area,EMU,2004,61.2149200439453
Euro area,EMU,2003,59.5358581542969
Euro area,EMU,2002,57.7058181762695
Euro area,EMU,2001,56.2347106933594
Euro area,EMU,2000,54.636791229248
Euro area,EMU,1999,53.4500617980957
Europe & Central Asia,ECS,2024,84.8905563354492
Europe & Central Asia,ECS,2023,81.5205917358398
Europe & Central Asia,ECS,2022,81.0477066040039
Europe & Central Asia,ECS,2021,79.1505813598633
Europe & Central Asia,ECS,2020,75.6536102294922
Europe & Central Asia,ECS,2019,73.6700897216797
Europe & Central Asia,ECS,2018,72.0409393310547
Europe & Central Asia,ECS,2017,70.533203125
Europe & Central Asia,ECS,2016,68.9127578735352
Europe & Central Asia,ECS,2015,67.4049606323242
Europe & Central Asia,ECS,2014,66.4192199707031
Europe & Central Asia,ECS,2013,64.9021987915039
Europe & Central Asia,ECS,2012,63.842960357666
Europe & Central Asia,ECS,2011,63.1500511169434
Europe & Central Asia,ECS,2010,62.1960716247559
Europe & Central Asia,ECS,2009,60.6389389038086
Europe & Central Asia,ECS,2008,59.4951515197754
Europe & Central Asia,ECS,2007,58.696159362793
Europe & Central Asia,ECS,2006,57.5957984924316
Europe & Central Asia,ECS,2005,56.0824089050293
Europe & Central Asia,ECS,2004,54.428840637207
Europe & Central Asia,ECS,2003,53.2160682678223
Europe & Central Asia,ECS,2002,50.6971092224121
Europe & Central Asia,ECS,2001,48.1379318237305
Europe & Central Asia,ECS,2000,45.8308486938477
Europe & Central Asia,ECS,1999,43.6435012817383
Europe & Central Asia (excluding high income),ECA,2024,85.1110763549805
Europe & Central Asia (excluding high income),ECA,2023,79.1041488647461
Europe & Central Asia (excluding high income),ECA,2022,79.0034332275391
Europe & Central Asia (excluding high income),ECA,2021,77.9448471069336
Europe & Central Asia (excluding high income),ECA,2020,74.5084381103516
Europe & Central Asia (excluding high income),ECA,2019,72.0600280761719
Europe & Central Asia (excluding high income),ECA,2018,69.4651870727539
Europe & Central Asia (excluding high income),ECA,2017,66.7744674682617
Europe & Central Asia (excluding high income),ECA,2016,63.0641899108887
Europe & Central Asia (excluding high income),ECA,2015,59.4534492492676
Europe & Central Asia (excluding high income),ECA,2014,57.4994316101074
Europe & Central Asia (excluding high income),ECA,2013,54.6174812316895
Europe & Central Asia (excluding high income),ECA,2012,51.655029296875
Europe & Central Asia (excluding high income),ECA,2011,48.8937301635742
Europe & Central Asia (excluding high income),ECA,2010,46.8220100402832
Europe & Central Asia (excluding high income),ECA,2009,44.1857299804688
Europe & Central Asia (excluding high income),ECA,2008,42.468391418457
Europe & Central Asia (excluding high income),ECA,2007,41.7718391418457
Europe & Central Asia (excluding high income),ECA,2006,40.5656318664551
Europe & Central Asia (excluding high income),ECA,2005,38.0454292297363
Europe & Central Asia (excluding high income),ECA,2004,36.3488998413086
Europe & Central Asia (excluding high income),ECA,2003,34.9637107849121
Europe & Central Asia (excluding high income),ECA,2002,32.5421905517578
Europe & Central Asia (excluding high income),ECA,2001,30.9964904785156
Europe & Central Asia (excluding high income),ECA,2000,29.9919700622559
Europe & Central Asia (excluding high income),ECA,1999,28.1236400604248
Europe & Central Asia (IDA & IBRD countries),TEC,2024,88.6189193725586
Europe & Central Asia (IDA & IBRD countries),TEC,2023,82.1417770385742
Europe & Central Asia (IDA & IBRD countries),TEC,2022,81.2411270141602
Europe & Central Asia (IDA & IBRD countries),TEC,2021,79.2664413452148
Europe & Central Asia (IDA & IBRD countries),TEC,2020,76.050666809082
Europe & Central Asia (IDA & IBRD countries),TEC,2019,73.6460266113281
Europe & Central Asia (IDA & IBRD countries),TEC,2018,72.1406326293945
Europe & Central Asia (IDA & IBRD countries),TEC,2017,70.3993377685547
Europe & Central Asia (IDA & IBRD countries),TEC,2016,68.5775833129883
Europe & Central Asia (IDA & IBRD countries),TEC,2015,66.5678024291992
Europe & Central Asia (IDA & IBRD countries),TEC,2014,65.699821472168
Europe & Central Asia (IDA & IBRD countries),TEC,2013,64.0805892944336
Europe & Central Asia (IDA & IBRD countries),TEC,2012,62.2472190856934
Europe & Central Asia (IDA & IBRD countries),TEC,2011,61.4155616760254
Europe & Central Asia (IDA & IBRD countries),TEC,2010,60.5026206970215
Europe & Central Asia (IDA & IBRD countries),TEC,2009,58.7855110168457
Europe & Central Asia (IDA & IBRD countries),TEC,2008,57.3591613769531
Europe & Central Asia (IDA & IBRD countries),TEC,2007,55.8291511535645
Europe & Central Asia (IDA & IBRD countries),TEC,2006,53.9830513000488
Europe & Central Asia (IDA & IBRD countries),TEC,2005,51.7776718139648
Europe & Central Asia (IDA & IBRD countries),TEC,2004,49.6661491394043
Europe & Central Asia (IDA & IBRD countries),TEC,2003,48.6035614013672
Europe & Central Asia (IDA & IBRD countries),TEC,2002,45.6075897216797
Europe & Central Asia (IDA & IBRD countries),TEC,2001,42.5860595703125
Europe & Central Asia (IDA & IBRD countries),TEC,2000,39.5721206665039
Europe & Central Asia (IDA & IBRD countries),TEC,1999,36.4291915893555
European Union,EUU,2024,79.4997329711914
European Union,EUU,2023,79.4997329711914
European Union,EUU,2022,79.6330184936523
European Union,EUU,2021,77.8575668334961
European Union,EUU,2020,75.0071029663086
European Union,EUU,2019,74.0401382446289
European Union,EUU,2018,72.9149475097656
European Union,EUU,2017,71.7874526977539
European Union,EUU,2016,70.514030456543
European Union,EUU,2015,69.7687225341797
European Union,EUU,2014,68.7397079467773
European Union,EUU,2013,67.5626907348633
European Union,EUU,2012,67.3753204345703
European Union,EUU,2011,67.5122680664062
European Union,EUU,2010,66.8966522216797
European Union,EUU,2009,65.613899230957
European Union,EUU,2008,64.5242614746094
European Union,EUU,2007,63.493091583252
European Union,EUU,2006,62.8105583190918
European Union,EUU,2005,61.5676918029785
European Union,EUU,2004,59.9736289978027
European Union,EUU,2003,57.9621315002441
European Union,EUU,2002,55.6869888305664
European Union,EUU,2001,53.326229095459
European Union,EUU,2000,50.9117202758789
European Union,EUU,1999,49.1069717407227
Heavily indebted poor countries (HIPC),HPC,2021,9.09300994873047
Heavily indebted poor countries (HIPC),HPC,2020,8.93181037902832
Heavily indebted poor countries (HIPC),HPC,2019,8.76803016662598
Heavily indebted poor countries (HIPC),HPC,2018,8.68200016021729
Heavily indebted poor countries (HIPC),HPC,2017,8.52756977081299
Heavily indebted poor countries (HIPC),HPC,2016,8.36925029754639
Heavily indebted poor countries (HIPC),HPC,2015,8.46887016296387
Heavily indebted poor countries (HIPC),HPC,2014,8.39015007019043
Heavily indebted poor countries (HIPC),HPC,2013,8.12090969085693
Heavily indebted poor countries (HIPC),HPC,2012,7.75029993057251
Heavily indebted poor countries (HIPC),HPC,2011,7.36318016052246
Heavily indebted poor countries (HIPC),HPC,2010,7.1113600730896
Heavily indebted poor countries (HIPC),HPC,2009,6.50473022460938
Heavily indebted poor countries (HIPC),HPC,2008,5.94095993041992
Heavily indebted poor countries (HIPC),HPC,2007,5.42055988311768
Heavily indebted poor countries (HIPC),HPC,2006,5.0988597869873
Heavily indebted poor countries (HIPC),HPC,2005,4.72972011566162
Heavily indebted poor countries (HIPC),HPC,2004,4.40012979507446
Heavily indebted poor countries (HIPC),HPC,2003,4.06547021865845
Heavily indebted poor countries (HIPC),HPC,2002,3.82609009742737
Heavily indebted poor countries (HIPC),HPC,2001,3.52948999404907
Heavily indebted poor countries (HIPC),HPC,2000,3.24032998085022
Heavily indebted poor countries (HIPC),HPC,1999,2.97796988487244
Heavily indebted poor countries (HIPC),HPC,1998,2.91209006309509
Heavily indebted poor countries (HIPC),HPC,1997,2.84836006164551
Heavily indebted poor countries (HIPC),HPC,1996,2.75222992897034
Heavily indebted poor countries (HIPC),HPC,1995,2.70195007324219
Heavily indebted poor countries (HIPC),HPC,1994,2.69591999053955
Heavily indebted poor countries (HIPC),HPC,1993,2.67179989814758
Heavily indebted poor countries (HIPC),HPC,1992,2.63121008872986
Heavily indebted poor countries (HIPC),HPC,1991,2.61220002174377
Heavily indebted poor countries (HIPC),HPC,1990,2.55408000946045
Heavily indebted poor countries (HIPC),HPC,1989,2.53938007354736
Heavily indebted poor countries (HIPC),HPC,1988,2.53682994842529
Heavily indebted poor countries (HIPC),HPC,1987,2.51004004478455
Heavily indebted poor countries (HIPC),HPC,1986,2.5425500869751
Heavily indebted poor countries (HIPC),HPC,1985,2.50383996963501
Heavily indebted poor countries (HIPC),HPC,1984,2.48872995376587
Heavily indebted poor countries (HIPC),HPC,1983,2.52833008766174
Heavily indebted poor countries (HIPC),HPC,1982,2.53328990936279
Heavily indebted poor countries (HIPC),HPC,1981,2.48164010047913
Heavily indebted poor countries (HIPC),HPC,1980,2.45870995521545
Heavily indebted poor countries (HIPC),HPC,1979,2.39974999427795
Heavily indebted poor countries (HIPC),HPC,1978,2.36312007904053
Heavily indebted poor countries (HIPC),HPC,1977,2.2613000869751
Heavily indebted poor countries (HIPC),HPC,1976,2.22235989570618
Heavily indebted poor countries (HIPC),HPC,1975,2.1660099029541
Heavily indebted poor countries (HIPC),HPC,1974,2.09611010551453
Heavily indebted poor countries (HIPC),HPC,1973,2.04482007026672
Heavily indebted poor countries (HIPC),HPC,1972,2.0635199546814
Heavily indebted poor countries (HIPC),HPC,1971,1.94863998889923
Heavily indebted poor countries (HIPC),HPC,1970,2.00177001953125
High income,,2024,82.0356521606445
High income,,2023,81.3826599121094
High income,,2022,80.0000076293945
High income,,2021,80.3660430908203
High income,,2020,78.8942108154297
High income,,2019,78.1505126953125
High income,,2018,77.3113708496094
High income,,2017,76.9816284179688
High income,,2016,76.8188171386719
High income,,2015,76.1647109985352
High income,,2014,75.5722274780273
High income,,2013,74.6711502075195
High income,,2012,73.9660415649414
High income,,2011,73.4673080444336
High income,,2010,72.7250671386719
High income,,2009,71.669563293457
High income,,2008,70.3824996948242
High income,,2007,69.4518508911133
High income,,2006,68.3215713500977
High income,,2005,66.98193359375
High income,,2004,65.9248275756836
High income,,2003,64.6086807250977
High income,,2002,62.5276412963867
High income,,2001,59.5139083862305
High income,,2000,56.6191596984863
High income,,1999,54.4368782043457
IBRD only,IBD,2024,52.829891204834
IBRD only,IBD,2023,52.1241912841797
IBRD only,IBD,2022,50.1821708679199
IBRD only,IBD,2021,48.078239440918
IBRD only,IBD,2020,45.7753410339355
IBRD only,IBD,2019,43.9086608886719
IBRD only,IBD,2018,42.8337593078613
IBRD only,IBD,2017,42.1075210571289
IBRD only,IBD,2016,41.3350410461426
IBRD only,IBD,2015,40.3413391113281
IBRD only,IBD,2014,38.5710983276367
IBRD only,IBD,2013,34.6321601867676
IBRD only,IBD,2012,33.3618087768555
IBRD only,IBD,2011,31.60080909729
IBRD only,IBD,2010,29.3168201446533
IBRD only,IBD,2009,27.5671901702881
IBRD only,IBD,2008,26.4676303863525
IBRD only,IBD,2007,24.9976596832275
IBRD only,IBD,2006,24.1985492706299
IBRD only,IBD,2005,22.308780670166
IBRD only,IBD,2004,21.3158397674561
IBRD only,IBD,2003,20.156099319458
IBRD only,IBD,2002,18.6798000335693
IBRD only,IBD,2001,17.2033996582031
IBRD only,IBD,2000,16.2139205932617
IBRD only,IBD,1999,15.4099798202515
IBRD only,IBD,1998,14.5565900802612
IBRD only,IBD,1997,14.2854900360107
IBRD only,IBD,1996,11.8981704711914
IBRD only,IBD,1995,12.2933597564697
IBRD only,IBD,1994,11.6766595840454
IBRD only,IBD,1993,10.7540302276611
IBRD only,IBD,1992,10.9922199249268
IBRD only,IBD,1991,9.4219799041748
IBRD only,IBD,1990,9.07730960845947
IBRD only,IBD,1989,9.29485034942627
IBRD only,IBD,1988,8.78166961669922
IBRD only,IBD,1987,9.33368015289307
IBRD only,IBD,1986,8.6370096206665
IBRD only,IBD,1985,10.2196702957153
IBRD only,IBD,1984,10.0322198867798
IBRD only,IBD,1983,8.2416296005249
IBRD only,IBD,1982,8.17922973632812
IBRD only,IBD,1981,8.25599002838135
IBRD only,IBD,1980,7.88591003417969
IBRD only,IBD,1979,7.48780012130737
IBRD only,IBD,1978,7.16031980514526
IBRD only,IBD,1977,6.92325019836426
IBRD only,IBD,1976,6.61143016815185
IBRD only,IBD,1975,8.35641002655029
IBRD only,IBD,1974,8.269700050354
IBRD only,IBD,1973,6.22402000427246
IBRD only,IBD,1972,7.76310014724731
IBRD only,IBD,1971,5.28875017166138
IBRD only,IBD,1970,10.3687496185303
IDA & IBRD total,IBT,2024,39.3488082885742
IDA & IBRD total,IBT,2023,38.8012886047363
IDA & IBRD total,IBT,2022,37.5708808898926
IDA & IBRD total,IBT,2021,36.371711730957
IDA & IBRD total,IBT,2020,34.881721496582
IDA & IBRD total,IBT,2019,33.7504501342773
IDA & IBRD total,IBT,2018,32.9231109619141
IDA & IBRD total,IBT,2017,32.534610748291
IDA & IBRD total,IBT,2016,32.1406402587891
IDA & IBRD total,IBT,2015,31.5849208831787
IDA & IBRD total,IBT,2014,30.4351806640625
IDA & IBRD total,IBT,2013,27.7377204895019
IDA & IBRD total,IBT,2012,26.9026508331299
IDA & IBRD total,IBT,2011,25.6595001220703
IDA & IBRD total,IBT,2010,23.9923896789551
IDA & IBRD total,IBT,2009,22.640739440918
IDA & IBRD total,IBT,2008,21.6924991607666
IDA & IBRD total,IBT,2007,20.5265102386475
IDA & IBRD total,IBT,2006,19.8638801574707
IDA & IBRD total,IBT,2005,18.3835792541504
IDA & IBRD total,IBT,2004,17.5342903137207
IDA & IBRD total,IBT,2003,16.6210899353027
IDA & IBRD total,IBT,2002,15.4760999679565
IDA & IBRD total,IBT,2001,14.3240900039673
IDA & IBRD total,IBT,2000,13.4703903198242
IDA & IBRD total,IBT,1999,12.8300504684448
IDA & IBRD total,IBT,1998,12.1943702697754
IDA & IBRD total,IBT,1997,12.0109100341797
IDA & IBRD total,IBT,1996,10.1860198974609
IDA & IBRD total,IBT,1995,10.5301303863525
IDA & IBRD total,IBT,1994,10.0930099487305
IDA & IBRD total,IBT,1993,9.40445041656494
IDA & IBRD total,IBT,1992,9.62351036071777
IDA & IBRD total,IBT,1991,8.38817024230957
IDA & IBRD total,IBT,1990,8.12067031860352
IDA & IBRD total,IBT,1989,8.29928016662598
IDA & IBRD total,IBT,1988,7.88896989822388
IDA & IBRD total,IBT,1987,8.35669040679932
IDA & IBRD total,IBT,1986,7.79210996627808
IDA & IBRD total,IBT,1985,9.1207799911499
IDA & IBRD total,IBT,1984,8.94071960449219
IDA & IBRD total,IBT,1983,7.42835998535156
IDA & IBRD total,IBT,1982,7.34491014480591
IDA & IBRD total,IBT,1981,7.36645984649658
IDA & IBRD total,IBT,1980,7.04888010025024
IDA & IBRD total,IBT,1979,6.7324800491333
IDA & IBRD total,IBT,1978,6.43860006332397
IDA & IBRD total,IBT,1977,6.24139022827148
IDA & IBRD total,IBT,1976,5.96917009353638
IDA & IBRD total,IBT,1975,7.47087001800537
IDA & IBRD total,IBT,1974,7.41722011566162
IDA & IBRD total,IBT,1973,5.67695999145508
IDA & IBRD total,IBT,1972,7.0049901008606
IDA & IBRD total,IBT,1971,4.88203001022339
IDA & IBRD total,IBT,1970,9.23927974700928
IDA blend,IDB,2024,12.5017795562744
IDA blend,IDB,2023,11.2455501556397
IDA blend,IDB,2022,10.9789304733276
IDA blend,IDB,2021,11.750789642334
IDA blend,IDB,2020,11.1854295730591
IDA blend,IDB,2019,10.7665796279907
IDA blend,IDB,2018,9.50831985473633
IDA blend,IDB,2017,9.59840965270996
IDA blend,IDB,2016,9.36579990386963
IDA blend,IDB,2015,9.33965969085693
IDA blend,IDB,2014,9.27478981018066
IDA blend,IDB,2013,9.06772041320801
IDA blend,IDB,2012,8.63274955749512
IDA blend,IDB,2011,8.02414035797119
IDA blend,IDB,2010,7.6446099281311
IDA blend,IDB,2009,7.30359983444214
IDA blend,IDB,2008,6.84502983093262
IDA blend,IDB,2007,6.89648008346558
IDA blend,IDB,2006,6.67625999450684
IDA blend,IDB,2005,6.62731981277466
IDA blend,IDB,2004,6.13330984115601
IDA blend,IDB,2003,5.80453014373779
IDA blend,IDB,2002,5.49699020385742
IDA blend,IDB,2001,5.16861009597778
IDA blend,IDB,2000,4.86374998092651
IDA blend,IDB,1999,4.54576015472412
IDA blend,IDB,1998,4.50826978683472
IDA blend,IDB,1997,4.45048999786377
IDA blend,IDB,1996,4.34964990615845
IDA blend,IDB,1995,4.23231983184815
IDA blend,IDB,1994,4.1597900390625
IDA blend,IDB,1993,4.05819988250732
IDA blend,IDB,1992,4.06719017028809
IDA blend,IDB,1991,4.17679977416992
IDA blend,IDB,1990,4.26107978820801
IDA blend,IDB,1989,4.194739818573
IDA blend,IDB,1988,4.12769985198975
IDA blend,IDB,1987,3.86467003822327
IDA blend,IDB,1986,3.78659009933472
IDA blend,IDB,1985,3.77296996116638
IDA blend,IDB,1984,3.62104988098144
IDA blend,IDB,1983,3.53146004676819
IDA blend,IDB,1982,3.47352004051208
IDA blend,IDB,1981,3.33769011497498
IDA blend,IDB,1980,3.1712601184845
IDA blend,IDB,1979,3.14118003845215
IDA blend,IDB,1978,3.03010988235474
IDA blend,IDB,1977,2.97478008270264
IDA blend,IDB,1976,2.94630002975464
IDA blend,IDB,1975,2.92918992042542
IDA blend,IDB,1974,2.98615002632141
IDA blend,IDB,1973,3.02904009819031
IDA blend,IDB,1972,3.06652998924255
IDA blend,IDB,1971,3.20851993560791
IDA blend,IDB,1970,3.23656988143921
IDA only,IDX,2024,12.8071804046631
IDA only,IDX,2023,12.8625402450562
IDA only,IDX,2022,12.5317802429199
IDA only,IDX,2021,12.3128900527954
IDA only,IDX,2020,12.1009197235107
IDA only,IDX,2019,12.1506395339966
IDA only,IDX,2018,11.5536499023438
IDA only,IDX,2017,11.0960502624512
IDA only,IDX,2016,10.9488000869751
IDA only,IDX,2015,10.8185300827026
IDA only,IDX,2014,10.5037803649902
IDA only,IDX,2013,10.199330329895
IDA only,IDX,2012,9.869460105896
IDA only,IDX,2011,9.50562000274658
IDA only,IDX,2010,9.14879989624023
IDA only,IDX,2009,8.40328025817871
IDA only,IDX,2008,7.64674997329712
IDA only,IDX,2007,6.99860000610352
IDA only,IDX,2006,6.55491018295288
IDA only,IDX,2005,6.06575012207031
IDA only,IDX,2004,5.62271022796631
IDA only,IDX,2003,5.43798017501831
IDA only,IDX,2002,5.27756977081299
IDA only,IDX,2001,5.11661005020142
IDA only,IDX,2000,4.62181997299194
IDA only,IDX,1999,4.31957006454468
IDA only,IDX,1998,4.10483980178833
IDA only,IDX,1997,3.93319988250732
IDA only,IDX,1996,3.81008005142212
IDA only,IDX,1995,3.68244004249573
IDA only,IDX,1994,3.66381001472473
IDA only,IDX,1993,3.69358992576599
IDA only,IDX,1992,3.58607006072998
IDA only,IDX,1991,3.61227989196777
IDA only,IDX,1990,3.56413006782532
IDA only,IDX,1989,3.47477006912231
IDA only,IDX,1988,3.49155998229981
IDA only,IDX,1987,3.61267995834351
IDA only,IDX,1986,3.60064005851746
IDA only,IDX,1985,3.57655000686646
IDA only,IDX,1984,3.54152989387512
IDA only,IDX,1983,3.45823001861572
IDA only,IDX,1982,3.28224992752075
IDA only,IDX,1981,3.10199999809265
IDA only,IDX,1980,2.98077988624573
IDA only,IDX,1979,2.88459992408752
IDA only,IDX,1978,2.53603005409241
IDA only,IDX,1977,2.46202993392944
IDA only,IDX,1976,2.26793003082275
IDA only,IDX,1975,2.27554988861084
IDA only,IDX,1974,2.26337003707886
IDA only,IDX,1973,2.18725991249085
IDA only,IDX,1972,2.20144009590149
IDA only,IDX,1971,2.06837010383606
IDA only,IDX,1970,2.06711006164551
IDA total,IDA,2024,12.7190599441528
IDA total,IDA,2023,12.314169883728
IDA total,IDA,2022,12.0069704055786
IDA total,IDA,2021,12.1378402709961
IDA total,IDA,2020,11.8063497543335
IDA total,IDA,2019,11.6913900375366
IDA total,IDA,2018,10.8586797714233
IDA total,IDA,2017,10.5911903381348
IDA total,IDA,2016,10.4179496765137
IDA total,IDA,2015,10.3262100219727
IDA total,IDA,2014,10.1054496765137
IDA total,IDA,2013,9.83683967590332
IDA total,IDA,2012,9.49693965911865
IDA total,IDA,2011,9.07277011871338
IDA total,IDA,2010,8.64418029785156
IDA total,IDA,2009,8.02299976348877
IDA total,IDA,2008,7.35834980010986
IDA total,IDA,2007,6.94739007949829
IDA total,IDA,2006,6.58255004882812
IDA total,IDA,2005,6.2495698928833
IDA total,IDA,2004,5.78554010391235
IDA total,IDA,2003,5.5499701499939
IDA total,IDA,2002,5.33851003646851
IDA total,IDA,2001,5.11937999725342
IDA total,IDA,2000,4.6884298324585
IDA total,IDA,1999,4.38017988204956
IDA total,IDA,1998,4.22511005401611
IDA total,IDA,1997,4.09068012237549
IDA total,IDA,1996,3.98690009117127
IDA total,IDA,1995,3.87375998497009
IDA total,IDA,1994,3.83544993400574
IDA total,IDA,1993,3.83015990257263
IDA total,IDA,1992,3.76781988143921
IDA total,IDA,1991,3.82239007949829
IDA total,IDA,1990,3.81779003143311
IDA total,IDA,1989,3.73446989059448
IDA total,IDA,1988,3.72187995910644
IDA total,IDA,1987,3.71360993385315
IDA total,IDA,1986,3.67985010147095
IDA total,IDA,1985,3.65946006774902
IDA total,IDA,1984,3.58394002914429
IDA total,IDA,1983,3.49552011489868
IDA total,IDA,1982,3.35531997680664
IDA total,IDA,1981,3.18377995491028
IDA total,IDA,1980,3.05164003372192
IDA total,IDA,1979,2.97728991508484
IDA total,IDA,1978,2.70449995994568
IDA total,IDA,1977,2.6366400718689
IDA total,IDA,1976,2.49532008171081
IDA total,IDA,1975,2.49408006668091
IDA total,IDA,1974,2.50323009490967
IDA total,IDA,1973,2.46309995651245
IDA total,IDA,1972,2.48449993133545
IDA total,IDA,1971,2.43548011779785
IDA total,IDA,1970,2.44357991218567
Late-demographic dividend,LTE,2024,69.3638916015625
Late-demographic dividend,LTE,2023,68.1330413818359
Late-demographic dividend,LTE,2022,65.5056533813477
Late-demographic dividend,LTE,2021,61.8659400939941
Late-demographic dividend,LTE,2020,57.8864784240723
Late-demographic dividend,LTE,2019,54.3362693786621
Late-demographic dividend,LTE,2018,52.2510185241699
Late-demographic dividend,LTE,2017,50.7083702087402
Late-demographic dividend,LTE,2016,49.5272407531738
Late-demographic dividend,LTE,2015,48.2025108337402
Late-demographic dividend,LTE,2014,46.0270004272461
Late-demographic dividend,LTE,2013,38.6981582641602
Late-demographic dividend,LTE,2012,36.1907615661621
Late-demographic dividend,LTE,2011,34.3755798339844
Late-demographic dividend,LTE,2010,32.7734413146973
Late-demographic dividend,LTE,2009,30.9654293060303
Late-demographic dividend,LTE,2008,29.939790725708
Late-demographic dividend,LTE,2007,29.1174507141113
Late-demographic dividend,LTE,2006,29.2601299285889
Late-demographic dividend,LTE,2005,26.4337997436523
Late-demographic dividend,LTE,2004,24.6795501708984
Late-demographic dividend,LTE,2003,22.8418598175049
Late-demographic dividend,LTE,2002,20.4317893981934
Late-demographic dividend,LTE,2001,18.0309791564941
Late-demographic dividend,LTE,2000,16.1450004577637
Late-demographic dividend,LTE,1999,14.7308702468872
Late-demographic dividend,LTE,1998,13.6268196105957
Late-demographic dividend,LTE,1997,15.5510902404785
Late-demographic dividend,LTE,1996,11.2503595352173
Late-demographic dividend,LTE,1995,13.2426204681397
Late-demographic dividend,LTE,1994,9.90587997436523
Late-demographic dividend,LTE,1993,8.56987953186035
Late-demographic dividend,LTE,1992,8.91987991333008
Late-demographic dividend,LTE,1991,8.89568996429443
Late-demographic dividend,LTE,1990,8.55105972290039
Late-demographic dividend,LTE,1989,9.14400959014893
Late-demographic dividend,LTE,1988,8.52429008483887
Late-demographic dividend,LTE,1987,9.18723011016846
Late-demographic dividend,LTE,1986,8.39546966552734
Late-demographic dividend,LTE,1985,11.1134901046753
Late-demographic dividend,LTE,1984,11.5246095657349
Late-demographic dividend,LTE,1983,8.70643043518066
Late-demographic dividend,LTE,1982,9.04605960845947
Late-demographic dividend,LTE,1981,9.32742023468018
Late-demographic dividend,LTE,1980,8.93488025665283
Late-demographic dividend,LTE,1979,8.36326026916504
Late-demographic dividend,LTE,1978,7.71150016784668
Late-demographic dividend,LTE,1977,7.5762300491333
Late-demographic dividend,LTE,1976,7.36766004562378
Late-demographic dividend,LTE,1975,6.89207983016968
Late-demographic dividend,LTE,1974,6.54320001602173
Late-demographic dividend,LTE,1973,6.28271007537842
Late-demographic dividend,LTE,1972,6.17184019088745
Late-demographic dividend,LTE,1971,6.12052011489868
Late-demographic dividend,LTE,1970,8.77587985992432
Latin America & Caribbean,LCN,2024,58.9027099609375
Latin America & Caribbean,LCN,2023,60.6225090026855
Latin America & Caribbean,LCN,2022,58.2350807189941
Latin America & Caribbean,LCN,2021,56.7638816833496
Latin America & Caribbean,LCN,2020,54.8686599731445
Latin America & Caribbean,LCN,2019,53.3577194213867
Latin America & Caribbean,LCN,2018,52.4460487365723
Latin America & Caribbean,LCN,2017,51.7569198608398
Latin America & Caribbean,LCN,2016,50.3843383789062
Latin America & Caribbean,LCN,2015,48.3956489562988
Latin America & Caribbean,LCN,2014,47.1078109741211
Latin America & Caribbean,LCN,2013,45.4711112976074
Latin America & Caribbean,LCN,2012,44.429859161377
Latin America & Caribbean,LCN,2011,43.2492713928223
Latin America & Caribbean,LCN,2010,41.7594985961914
Latin America & Caribbean,LCN,2009,40.250301361084
Latin America & Caribbean,LCN,2008,39.265079498291
Latin America & Caribbean,LCN,2007,36.3547286987305
Latin America & Caribbean,LCN,2006,38.6138916015625
Latin America & Caribbean,LCN,2005,31.8272495269775
Latin America & Caribbean,LCN,2004,30.1274299621582
Latin America & Caribbean,LCN,2003,28.6692295074463
Latin America & Caribbean,LCN,2002,27.1014404296875
Latin America & Caribbean,LCN,2001,25.2762908935547
Latin America & Caribbean,LCN,2000,23.8176708221436
Latin America & Caribbean,LCN,1999,22.5913906097412
Latin America & Caribbean (excluding high income),LAC,2024,56.6634292602539
Latin America & Caribbean (excluding high income),LAC,2023,58.5862693786621
Latin America & Caribbean (excluding high income),LAC,2022,56.1285705566406
Latin America & Caribbean (excluding high income),LAC,2021,54.614860534668
Latin America & Caribbean (excluding high income),LAC,2020,52.8043212890625
Latin America & Caribbean (excluding high income),LAC,2019,51.0327110290527
Latin America & Caribbean (excluding high income),LAC,2018,49.9449081420898
Latin America & Caribbean (excluding high income),LAC,2017,49.1490287780762
Latin America & Caribbean (excluding high income),LAC,2016,47.6427688598633
Latin America & Caribbean (excluding high income),LAC,2015,45.495979309082
Latin America & Caribbean (excluding high income),LAC,2014,44.145320892334
Latin America & Caribbean (excluding high income),LAC,2013,42.4139709472656
Latin America & Caribbean (excluding high income),LAC,2012,41.3904914855957
Latin America & Caribbean (excluding high income),LAC,2011,40.2218818664551
Latin America & Caribbean (excluding high income),LAC,2010,38.6875381469727
Latin America & Caribbean (excluding high income),LAC,2009,37.243049621582
Latin America & Caribbean (excluding high income),LAC,2008,36.2729682922363
Latin America & Caribbean (excluding high income),LAC,2007,33.6932716369629
Latin America & Caribbean (excluding high income),LAC,2006,36.9377784729004
Latin America & Caribbean (excluding high income),LAC,2005,29.9256992340088
Latin America & Caribbean (excluding high income),LAC,2004,28.7352905273438
Latin America & Caribbean (excluding high income),LAC,2003,27.2607803344727
Latin America & Caribbean (excluding high income),LAC,2002,25.7361106872559
Latin America & Caribbean (excluding high income),LAC,2001,24.0530796051025
Latin America & Caribbean (excluding high income),LAC,2000,22.7809104919434
Latin America & Caribbean (excluding high income),LAC,1999,21.455680847168
Latin America & the Caribbean (IDA & IBRD countries),TLA,2024,59.0615386962891
Latin America & the Caribbean (IDA & IBRD countries),TLA,2023,60.7355194091797
Latin America & the Caribbean (IDA & IBRD countries),TLA,2022,58.2713890075684
Latin America & the Caribbean (IDA & IBRD countries),TLA,2021,56.7357902526855
Latin America & the Caribbean (IDA & IBRD countries),TLA,2020,54.8506698608398
Latin America & the Caribbean (IDA & IBRD countries),TLA,2019,53.3199310302734
Latin America & the Caribbean (IDA & IBRD countries),TLA,2018,52.4073104858398
Latin America & the Caribbean (IDA & IBRD countries),TLA,2017,51.7107086181641
Latin America & the Caribbean (IDA & IBRD countries),TLA,2016,50.4026489257812
Latin America & the Caribbean (IDA & IBRD countries),TLA,2015,48.3502616882324
Latin America & the Caribbean (IDA & IBRD countries),TLA,2014,46.9943084716797
Latin America & the Caribbean (IDA & IBRD countries),TLA,2013,45.221851348877
Latin America & the Caribbean (IDA & IBRD countries),TLA,2012,43.9397506713867
Latin America & the Caribbean (IDA & IBRD countries),TLA,2011,42.4470100402832
Latin America & the Caribbean (IDA & IBRD countries),TLA,2010,40.6646003723145
Latin America & the Caribbean (IDA & IBRD countries),TLA,2009,38.8017082214355
Latin America & the Caribbean (IDA & IBRD countries),TLA,2008,37.754810333252
Latin America & the Caribbean (IDA & IBRD countries),TLA,2007,35.0256118774414
Latin America & the Caribbean (IDA & IBRD countries),TLA,2006,37.6753311157227
Latin America & the Caribbean (IDA & IBRD countries),TLA,2005,31.132360458374
Latin America & the Caribbean (IDA & IBRD countries),TLA,2004,29.5181694030762
Latin America & the Caribbean (IDA & IBRD countries),TLA,2003,28.3239593505859
Latin America & the Caribbean (IDA & IBRD countries),TLA,2002,26.7873706817627
Latin America & the Caribbean (IDA & IBRD countries),TLA,2001,24.9325294494629
Latin America & the Caribbean (IDA & IBRD countries),TLA,2000,23.4782104492188
Latin America & the Caribbean (IDA & IBRD countries),TLA,1999,22.2505493164062
Least developed countries: UN classification,LDC,2024,11.0492496490478
Least developed countries: UN classification,LDC,2023,11.1316499710083
Least developed countries: UN classification,LDC,2022,10.8424100875854
Least developed countries: UN classification,LDC,2021,10.6617698669434
Least developed countries: UN classification,LDC,2020,10.5179395675659
Least developed countries: UN classification,LDC,2019,10.6823301315308
Least developed countries: UN classification,LDC,2018,10.154990196228
Least developed countries: UN classification,LDC,2017,9.68212985992432
Least developed countries: UN classification,LDC,2016,9.60595035552979
Least developed countries: UN classification,LDC,2015,9.34146976470947
Least developed countries: UN classification,LDC,2014,9.0360803604126
Least developed countries: UN classification,LDC,2013,8.92932033538818
Least developed countries: UN classification,LDC,2012,8.69954013824463
Least developed countries: UN classification,LDC,2011,8.46016979217529
Least developed countries: UN classification,LDC,2010,7.9300799369812
Least developed countries: UN classification,LDC,2009,7.15224981307983
Least developed countries: UN classification,LDC,2008,6.30137014389038
Least developed countries: UN classification,LDC,2007,5.69760990142822
Least developed countries: UN classification,LDC,2006,5.29082012176514
Least developed countries: UN classification,LDC,2005,4.85500001907349
Least developed countries: UN classification,LDC,2004,4.49539995193481
Least developed countries: UN classification,LDC,2003,4.41347980499268
Least developed countries: UN classification,LDC,2002,4.23750019073486
Least developed countries: UN classification,LDC,2001,4.12803983688354
Least developed countries: UN classification,LDC,2000,3.65261006355286
Least developed countries: UN classification,LDC,1999,3.40175008773804
Least developed countries: UN classification,LDC,1998,3.19510006904602
Least developed countries: UN classification,LDC,1997,3.07293009757996
Least developed countries: UN classification,LDC,1996,3.00693011283875
Least developed countries: UN classification,LDC,1995,2.91950011253357
Least developed countries: UN classification,LDC,1994,2.90509009361267
Least developed countries: UN classification,LDC,1993,2.92497992515564
Least developed countries: UN classification,LDC,1992,2.80761003494263
Least developed countries: UN classification,LDC,1991,2.82580995559692
Least developed countries: UN classification,LDC,1990,2.76378011703491
Least developed countries: UN classification,LDC,1989,2.67232990264893
Least developed countries: UN classification,LDC,1988,2.66613006591797
Least developed countries: UN classification,LDC,1987,2.84872007369995
Least developed countries: UN classification,LDC,1986,2.82793998718262
Least developed countries: UN classification,LDC,1985,2.79086995124817
Least developed countries: UN classification,LDC,1984,2.73060011863708
Least developed countries: UN classification,LDC,1983,2.62053990364075
Least developed countries: UN classification,LDC,1982,2.42261004447937
Least developed countries: UN classification,LDC,1981,2.24749994277954
Least developed countries: UN classification,LDC,1980,2.19651007652283
Least developed countries: UN classification,LDC,1979,2.10871005058289
Least developed countries: UN classification,LDC,1978,1.83456003665924
Least developed countries: UN classification,LDC,1977,1.80649995803833
Least developed countries: UN classification,LDC,1976,1.65555000305176
Least developed countries: UN classification,LDC,1975,1.7058299779892
Least developed countries: UN classification,LDC,1974,1.73907005786896
Least developed countries: UN classification,LDC,1973,1.68007004261017
Least developed countries: UN classification,LDC,1972,1.70150995254517
Least developed countries: UN classification,LDC,1971,1.61193001270294
Least developed countries: UN classification,LDC,1970,1.63674998283386
Low & middle income,LMY,2024,38.7901611328125
Low & middle income,LMY,2023,38.2484283447266
Low & middle income,LMY,2022,37.0190887451172
Low & middle income,LMY,2021,35.8265914916992
Low & middle income,LMY,2020,34.3418502807617
Low & middle income,LMY,2019,33.1788482666016
Low & middle income,LMY,2018,32.3189010620117
Low & middle income,LMY,2017,31.9152908325195
Low & middle income,LMY,2016,31.5065193176269
Low & middle income,LMY,2015,30.9507808685303
Low & middle income,LMY,2014,29.786039352417
Low & middle income,LMY,2013,27.0639896392822
Low & middle income,LMY,2012,26.2386302947998
Low & middle income,LMY,2011,24.9900798797607
Low & middle income,LMY,2010,23.3099193572998
Low & middle income,LMY,2009,21.9846591949463
Low & middle income,LMY,2008,21.0461902618408
Low & middle income,LMY,2007,19.9281501770019
Low & middle income,LMY,2006,19.3010101318359
Low & middle income,LMY,2005,17.8279209136963
Low & middle income,LMY,2004,17.0338306427002
Low & middle income,LMY,2003,16.0999202728271
Low & middle income,LMY,2002,14.9703702926636
Low & middle income,LMY,2001,13.8656902313232
Low & middle income,LMY,2000,13.0773096084595
Low & middle income,LMY,1999,12.4727802276611
Low & middle income,LMY,1998,11.8792400360107
Low & middle income,LMY,1997,11.7060899734497
Low & middle income,LMY,1996,9.90573978424072
Low & middle income,LMY,1995,10.3202295303345
Low & middle income,LMY,1994,9.92378044128418
Low & middle income,LMY,1993,9.27371025085449
Low & middle income,LMY,1992,9.54493999481201
Low & middle income,LMY,1991,8.31497001647949
Low & middle income,LMY,1990,8.02661037445068
Low & middle income,LMY,1989,8.21374988555908
Low & middle income,LMY,1988,7.86077976226807
Low & middle income,LMY,1987,8.3397102355957
Low & middle income,LMY,1986,7.76782989501953
Low & middle income,LMY,1985,9.11038017272949
Low & middle income,LMY,1984,8.91571044921875
Low & middle income,LMY,1983,7.38095998764038
Low & middle income,LMY,1982,7.28132009506226
Low & middle income,LMY,1981,7.22138023376465
Low & middle income,LMY,1980,6.96373987197876
Low & middle income,LMY,1979,6.64393997192383
Low & middle income,LMY,1978,6.33541011810303
Low & middle income,LMY,1977,6.151780128479
Low & middle income,LMY,1976,5.86932992935181
Low & middle income,LMY,1975,7.42683982849121
Low & middle income,LMY,1974,7.38233995437622
Low & middle income,LMY,1973,5.59647989273071
Low & middle income,LMY,1972,6.95523977279663
Low & middle income,LMY,1971,4.80055999755859
Low & middle income,LMY,1970,8.80035972595215
Low income,,2021,9.28015041351318
Low income,,2020,9.19797039031982
Low income,,2019,9.01313972473145
Low income,,2018,8.88230037689209
Low income,,2017,8.79467010498047
Low income,,2016,8.71317005157471
Low income,,2015,8.86390972137451
Low income,,2014,8.91011047363281
Low income,,2013,8.5317497253418
Low income,,2012,8.42776012420654
Low income,,2011,8.07408046722412
Low income,,2010,7.93957996368408
Low income,,2009,7.4379301071167
Low income,,2008,6.86619997024536
Low income,,2007,6.41929006576538
Low income,,2006,6.18627977371216
Low income,,2005,5.8095498085022
Low income,,2004,5.43169021606445
Low income,,2003,5.08628988265991
Low income,,2002,4.92111015319824
Low income,,2001,4.71783018112183
Low income,,2000,4.4872899055481
Low income,,1999,4.26265001296997
Low income,,1998,4.17962980270386
Low income,,1997,4.10144996643066
Low income,,1996,4.17020988464355
Low income,,1995,4.28110980987549
Low income,,1994,4.46163988113403
Low income,,1993,4.71951007843018
Low income,,1992,4.87666988372803
Low income,,1991,5.05625009536743
Low income,,1990,5.11652994155884
Low income,,1989,5.1811900138855
Low income,,1988,5.24444007873535
Low income,,1987,5.18932008743286
Low income,,1986,5.1949200630188
Low income,,1985,5.11683988571167
Low income,,1984,5.02208995819092
Low income,,1983,4.93846988677979
Low income,,1982,4.88576984405518
Low income,,1981,4.74575996398926
Low income,,1980,4.58893013000488
Low income,,1979,4.61584997177124
Low income,,1978,4.60983991622925
Low income,,1977,4.49495983123779
Low income,,1976,4.36883020401001
Low income,,1975,4.28123998641968
Low income,,1974,4.07375001907349
Low income,,1973,3.80736994743347
Low income,,1972,3.71119999885559
Low income,,1971,3.5698299407959
Low income,,1970,3.6603000164032
Lower middle income,,2024,27.4404697418213
Lower middle income,,2023,26.7934799194336
Lower middle income,,2022,25.6742095947266
Lower middle income,,2021,24.9580802917481
Lower middle income,,2020,23.7904491424561
Lower middle income,,2019,23.1019592285156
Lower middle income,,2018,22.3385906219482
Lower middle income,,2017,22.0319995880127
Lower middle income,,2016,21.8519096374512
Lower middle income,,2015,21.6971092224121
Lower middle income,,2014,20.7868595123291
Lower middle income,,2013,19.6597690582275
Lower middle income,,2012,19.551139831543
Lower middle income,,2011,18.6026000976562
Lower middle income,,2010,16.17506980896
Lower middle income,,2009,14.8929595947266
Lower middle income,,2008,14.0953397750854
Lower middle income,,2007,12.9341802597046
Lower middle income,,2006,11.8481998443603
Lower middle income,,2005,11.2711601257324
Lower middle income,,2004,11.0608701705933
Lower middle income,,2003,10.6699695587158
Lower middle income,,2002,10.4285297393799
Lower middle income,,2001,10.0435600280762
Lower middle income,,2000,9.76397037506104
Lower middle income,,1999,9.67063999176025
Lower middle income,,1998,9.44723033905029
Lower middle income,,1997,7.48793983459473
Lower middle income,,1996,7.06133985519409
Lower middle income,,1995,6.39603996276855
Lower middle income,,1994,8.67026042938232
Lower middle income,,1993,8.5859203338623
Lower middle income,,1992,8.46774005889893
Lower middle income,,1991,5.98908996582031
Lower middle income,,1990,5.90819978713989
Lower middle income,,1989,5.7936601638794
Lower middle income,,1988,5.62760019302368
Lower middle income,,1987,5.89059019088745
Lower middle income,,1986,5.68365001678467
Lower middle income,,1985,5.63571977615356
Lower middle income,,1984,5.62608003616333
Lower middle income,,1983,5.28179979324341
Lower middle income,,1982,4.85559988021851
Lower middle income,,1981,4.81966018676758
Lower middle income,,1980,4.53841018676758
Lower middle income,,1979,4.40287017822266
Lower middle income,,1978,4.17138004302979
Lower middle income,,1977,3.92182993888855
Lower middle income,,1976,3.81908011436462
Lower middle income,,1975,8.01609992980957
Lower middle income,,1974,8.05393028259277
"Middle East, North Africa, Afghanistan & Pakistan",MEA,2024,29.6833095550537
"Middle East, North Africa, Afghanistan & Pakistan",MEA,2023,28.7123298645019
"Middle East, North Africa, Afghanistan & Pakistan",MEA,2022,28.0563106536865
"Middle East, North Africa, Afghanistan & Pakistan",MEA,2021,28.3076190948486
"Middle East, North Africa, Afghanistan & Pakistan",MEA,2020,28.3051891326904
"Middle East, North Africa, Afghanistan & Pakistan",MEA,2019,27.9685897827148
"Middle East, North Africa, Afghanistan & Pakistan",MEA,2018,27.1299304962158
"Middle East, North Africa, Afghanistan & Pakistan",MEA,2017,27.2971000671387
"Middle East, North Africa, Afghanistan & Pakistan",MEA,2016,27.0987300872803
"Middle East, North Africa, Afghanistan & Pakistan",MEA,2015,27.3493404388428
"Middle East, North Africa, Afghanistan & Pakistan",MEA,2014,26.2296390533447
"Middle East, North Africa, Afghanistan & Pakistan",MEA,2013,24.6868095397949
"Middle East, North Africa, Afghanistan & Pakistan",MEA,2012,23.6090698242188
"Middle East, North Africa, Afghanistan & Pakistan",MEA,2011,21.9487991333008
"Middle East, North Africa, Afghanistan & Pakistan",MEA,2010,21.461669921875
"Middle East, North Africa, Afghanistan & Pakistan",MEA,2009,20.1668605804443
"Middle East, North Africa, Afghanistan & Pakistan",MEA,2008,19.4375705718994
"Middle East, North Africa, Afghanistan & Pakistan",MEA,2007,18.2272891998291
"Middle East, North Africa, Afghanistan & Pakistan",MEA,2006,17.0407199859619
"Middle East, North Africa, Afghanistan & Pakistan",MEA,2005,16.4484596252441
"Middle East, North Africa, Afghanistan & Pakistan",MEA,2004,15.3665399551392
"Middle East, North Africa, Afghanistan & Pakistan",MEA,2003,14.3840999603272
"Middle East, North Africa, Afghanistan & Pakistan",MEA,2002,14.1848001480103
"Middle East, North Africa, Afghanistan & Pakistan",MEA,2001,13.9357404708862
"Middle East, North Africa, Afghanistan & Pakistan",MEA,2000,13.556619644165
"Middle East, North Africa, Afghanistan & Pakistan",MEA,1999,13.4846296310425
"Middle East, North Africa, Afghanistan & Pakistan",MEA,1998,12.690770149231
"Middle East, North Africa, Afghanistan & Pakistan",MEA,1997,12.165060043335
"Middle East, North Africa, Afghanistan & Pakistan",MEA,1996,11.4784202575684
"Middle East, North Africa, Afghanistan & Pakistan",MEA,1995,10.6883602142334
"Middle East, North Africa, Afghanistan & Pakistan",MEA,1994,10.302080154419
"Middle East, North Africa, Afghanistan & Pakistan",MEA,1993,9.45423030853271
"Middle East, North Africa, Afghanistan & Pakistan",MEA,1992,9.11003017425537
"Middle East, North Africa, Afghanistan & Pakistan",MEA,1991,8.4927396774292
"Middle East, North Africa, Afghanistan & Pakistan",MEA,1990,8.68671989440918
"Middle East, North Africa, Afghanistan & Pakistan",MEA,1989,8.5864896774292
"Middle East, North Africa, Afghanistan & Pakistan",MEA,1988,11.1396799087524
"Middle East, North Africa, Afghanistan & Pakistan",MEA,1987,8.42222023010254
"Middle East, North Africa, Afghanistan & Pakistan",MEA,1986,8.27248001098633
"Middle East, North Africa, Afghanistan & Pakistan",MEA,1985,8.34799957275391
"Middle East, North Africa, Afghanistan & Pakistan",MEA,1984,7.77810001373291
"Middle East, North Africa, Afghanistan & Pakistan",MEA,1983,7.46280002593994
"Middle East, North Africa, Afghanistan & Pakistan",MEA,1982,7.2000298500061
"Middle East, North Africa, Afghanistan & Pakistan",MEA,1981,6.79896020889282
"Middle East, North Africa, Afghanistan & Pakistan",MEA,1980,6.36389017105103
"Middle East, North Africa, Afghanistan & Pakistan",MEA,1979,6.06896018981934
"Middle East, North Africa, Afghanistan & Pakistan",MEA,1978,5.88641977310181
"Middle East, North Africa, Afghanistan & Pakistan",MEA,1977,5.99184989929199
"Middle East, North Africa, Afghanistan & Pakistan",MEA,1976,6.38883018493652
"Middle East, North Africa, Afghanistan & Pakistan",MEA,1975,5.27615022659302
"Middle East, North Africa, Afghanistan & Pakistan",MEA,1974,5.66213989257812
"Middle East, North Africa, Afghanistan & Pakistan",MEA,1973,4.69874000549316
"Middle East, North Africa, Afghanistan & Pakistan",MEA,1972,4.40814018249512
"Middle East, North Africa, Afghanistan & Pakistan",MEA,1971,4.25426006317139
"Middle East, North Africa, Afghanistan & Pakistan",MEA,1970,10.4298000335693
Middle income,MIC,2024,43.2768402099609
Middle income,MIC,2023,42.6316795349121
Middle income,MIC,2022,41.134651184082
Middle income,MIC,2021,39.6747283935547
Middle income,MIC,2020,37.891170501709
Middle income,MIC,2019,36.4931297302246
Middle income,MIC,2018,35.4456214904785
Middle income,MIC,2017,34.9058494567871
Middle income,MIC,2016,34.3544692993164
Middle income,MIC,2015,33.6232795715332
Middle income,MIC,2014,32.2277793884277
Middle income,MIC,2013,29.1475200653076
Middle income,MIC,2012,28.1563606262207
Middle income,MIC,2011,26.7389297485352
Middle income,MIC,2010,24.841100692749
Middle income,MIC,2009,23.3845500946045
Middle income,MIC,2008,22.3852806091309
Middle income,MIC,2007,21.1776008605957
Middle income,MIC,2006,20.488639831543
Middle income,MIC,2005,18.8964004516602
Middle income,MIC,2004,18.051290512085
Middle income,MIC,2003,17.0537300109863
Middle income,MIC,2002,15.8292303085327
Middle income,MIC,2001,14.6393899917603
Middle income,MIC,2000,13.8052501678467
Middle income,MIC,1999,13.1548299789429
Middle income,MIC,1998,12.5035200119019
Middle income,MIC,1997,12.3088703155518
Middle income,MIC,1996,10.3503799438477
Middle income,MIC,1995,10.7753896713257
Middle income,MIC,1994,10.3195600509644
Middle income,MIC,1993,9.59543037414551
Middle income,MIC,1992,9.86660003662109
Middle income,MIC,1991,8.53505039215088
Middle income,MIC,1990,8.22194004058838
Middle income,MIC,1989,8.41475963592529
Middle income,MIC,1988,8.03194046020508
Middle income,MIC,1987,8.54238033294678
Middle income,MIC,1986,7.92997980117798
Middle income,MIC,1985,9.3576602935791
Middle income,MIC,1984,9.15861034393311
Middle income,MIC,1983,7.53498983383179
Middle income,MIC,1982,7.43350982666016
Middle income,MIC,1981,7.38142013549805
Middle income,MIC,1980,7.11709022521973
Middle income,MIC,1979,6.77103996276855
Middle income,MIC,1978,6.43999004364014
Middle income,MIC,1977,6.2508602142334
Middle income,MIC,1976,5.95762014389038
Middle income,MIC,1975,7.60647010803223
Middle income,MIC,1974,7.566810131073
Middle income,MIC,1973,5.69461011886597
Middle income,MIC,1972,7.13153982162476
Middle income,MIC,1971,4.86763000488281
Middle income,MIC,1970,9.08316993713379
North America,NAC,2024,79.0441970825195
North America,NAC,2023,82.2317199707031
North America,NAC,2022,79.3105697631836
North America,NAC,2021,84.3603820800781
North America,NAC,2020,86.3354034423828
North America,NAC,2019,86.4167633056641
North America,NAC,2018,86.4270935058594
North America,NAC,2017,86.4250564575195
North America,NAC,2016,86.9502792358398
North America,NAC,2015,86.8131408691406
North America,NAC,2014,86.5686874389648
North America,NAC,2013,86.5340118408203
North America,NAC,2012,86.0814895629883
North America,NAC,2011,85.7931976318359
North America,NAC,2010,85.4238433837891
North America,NAC,2009,85.34716796875
North America,NAC,2008,83.0399475097656
North America,NAC,2007,82.1136093139648
North America,NAC,2006,81.1328964233398
North America,NAC,2005,78.8173599243164
North America,NAC,2004,79.1845626831055
North America,NAC,2003,77.6200637817383
North America,NAC,2002,76.0470504760742
North America,NAC,2001,71.4756927490234
North America,NAC,2000,66.9040679931641
North America,NAC,1999,69.5722122192383
OECD members,OED,2024,78.6357879638672
OECD members,OED,2023,79.5250930786133
OECD members,OED,2022,78.3904876708984
OECD members,OED,2021,78.8566436767578
OECD members,OED,2020,77.2700805664062
OECD members,OED,2019,76.4273910522461
OECD members,OED,2018,75.4892120361328
OECD members,OED,2017,74.7901000976562
OECD members,OED,2016,73.9402770996094
OECD members,OED,2015,72.0236282348633
OECD members,OED,2014,70.9062423706055
OECD members,OED,2013,69.910758972168
OECD members,OED,2012,68.917236328125
OECD members,OED,2011,67.871696472168
OECD members,OED,2010,66.7914505004883
OECD members,OED,2009,65.258903503418
OECD members,OED,2008,63.6964912414551
OECD members,OED,2007,63.0849990844727
OECD members,OED,2006,62.3033905029297
OECD members,OED,2005,60.9480895996094
OECD members,OED,2004,60.0452499389648
OECD members,OED,2003,58.7679901123047
OECD members,OED,2002,57.0971183776855
OECD members,OED,2001,54.7479782104492
OECD members,OED,2000,52.5736885070801
OECD members,OED,1999,50.7634506225586
Other small states,OSS,2024,22.5716896057129
Other small states,OSS,2023,22.353889465332
Other small states,OSS,2022,22.3280200958252
Other small states,OSS,2021,22.1164093017578
Other small states,OSS,2020,21.617130279541
Other small states,OSS,2019,21.1205902099609
Other small states,OSS,2018,20.2906303405762
Other small states,OSS,2017,20.0034809112549
Other small states,OSS,2016,19.365930557251
Other small states,OSS,2015,19.3875293731689
Other small states,OSS,2014,19.1145305633545
Other small states,OSS,2013,18.7155208587646
Other small states,OSS,2012,18.0363903045654
Other small states,OSS,2011,17.2415008544922
Other small states,OSS,2010,16.3189792633057
Other small states,OSS,2009,15.9248199462891
Other small states,OSS,2008,14.2241697311401
Other small states,OSS,2007,12.9949903488159
Other small states,OSS,2006,12.1797800064087
Other small states,OSS,2005,11.9553003311157
Other small states,OSS,2004,11.674599647522
Other small states,OSS,2003,11.151650428772
Other small states,OSS,2002,10.2919998168945
Other small states,OSS,2001,10.1713199615478
Other small states,OSS,2000,9.36697006225586
Other small states,OSS,1999,9.0228099822998
Other small states,OSS,1998,9.31105041503906
Other small states,OSS,1997,8.38290023803711
Other small states,OSS,1996,8.18107032775879
Other small states,OSS,1995,7.23445987701416
Other small states,OSS,1994,6.96515989303589
Other small states,OSS,1993,6.70027017593384
Other small states,OSS,1992,7.22867012023926
Other small states,OSS,1991,6.10103988647461
Other small states,OSS,1990,6.02519989013672
Other small states,OSS,1989,5.70371007919312
Other small states,OSS,1988,5.52370977401733
Other small states,OSS,1987,7.38477993011475
Other small states,OSS,1986,5.36840009689331
Other small states,OSS,1985,7.50434017181396
Other small states,OSS,1984,7.48741006851196
Other small states,OSS,1983,7.39306020736694
Other small states,OSS,1982,7.32950019836426
Other small states,OSS,1981,5.05682992935181
Other small states,OSS,1980,7.20828008651733
Other small states,OSS,1979,7.77178001403809
Other small states,OSS,1978,7.38363981246948
Other small states,OSS,1977,8.23120975494385
Other small states,OSS,1976,8.251540184021
Other small states,OSS,1975,8.40069007873535
Other small states,OSS,1974,7.59345006942749
Other small states,OSS,1973,7.7076301574707
Other small states,OSS,1972,7.82173013687134
Other small states,OSS,1971,7.84894990921021
Other small states,OSS,1970,9.87901020050049
Pacific island small states,PSS,2024,29.3007507324219
Pacific island small states,PSS,2023,27.8527202606201
Pacific island small states,PSS,2022,26.6385803222656
Pacific island small states,PSS,2021,25.3326797485352
Pacific island small states,PSS,2020,23.8909606933594
Pacific island small states,PSS,2019,22.1763496398926
Pacific island small states,PSS,2018,21.6747703552246
Pacific island small states,PSS,2017,21.0051193237305
Pacific island small states,PSS,2016,20.3001098632812
Pacific island small states,PSS,2015,19.5440101623535
Pacific island small states,PSS,2014,18.7202606201172
Pacific island small states,PSS,2013,17.8391304016113
Pacific island small states,PSS,2012,16.9056892395019
Pacific island small states,PSS,2011,15.9915399551392
Pacific island small states,PSS,2010,14.9991502761841
Pacific island small states,PSS,2009,13.8834295272827
Pacific island small states,PSS,2008,12.749059677124
Pacific island small states,PSS,2007,11.6148996353149
Pacific island small states,PSS,2006,10.448320388794
Pacific island small states,PSS,2005,9.26836967468262
Pacific island small states,PSS,2004,9.18844985961914
Pacific island small states,PSS,2003,9.11674976348877
Pacific island small states,PSS,2002,8.9496603012085
Pacific island small states,PSS,2001,8.64962959289551
Pacific island small states,PSS,2000,8.57024955749512
Pacific island small states,PSS,1999,8.68115043640137
Pacific island small states,PSS,1998,8.41001987457275
Pacific island small states,PSS,1997,8.19550037384033
Pacific island small states,PSS,1996,7.91181993484497
Pacific island small states,PSS,1995,7.77312994003296
Pacific island small states,PSS,1994,7.66329002380371
Pacific island small states,PSS,1993,7.58362007141113
Pacific island small states,PSS,1992,7.51308012008667
Pacific island small states,PSS,1991,7.41555023193359
Pacific island small states,PSS,1990,6.1402997970581
Pacific island small states,PSS,1989,4.82097005844116
Pacific island small states,PSS,1988,4.55140018463135
Pacific island small states,PSS,1987,4.2595100402832
Pacific island small states,PSS,1986,3.95573997497559
Pacific island small states,PSS,1985,4.25334978103638
Pacific island small states,PSS,1984,4.03661012649536
Pacific island small states,PSS,1983,3.78049993515015
Pacific island small states,PSS,1982,3.86244010925293
Pacific island small states,PSS,1981,4.45417022705078
Pacific island small states,PSS,1980,3.54802989959717
Pacific island small states,PSS,1979,3.85166001319885
Pacific island small states,PSS,1978,3.11728000640869
Pacific island small states,PSS,1977,3.13172006607056
Pacific island small states,PSS,1976,3.13848996162415
Pacific island small states,PSS,1975,3.14565992355347
Pacific island small states,PSS,1974,2.79783010482788
Pacific island small states,PSS,1973,2.52595996856689
Pacific island small states,PSS,1972,2.30691003799439
Pacific island small states,PSS,1971,2.10576009750366
Pacific island small states,PSS,1970,1.87679994106293
Post-demographic dividend,PST,2024,80.2341079711914
Post-demographic dividend,PST,2023,81.2349395751953
Post-demographic dividend,PST,2022,79.975341796875
Post-demographic dividend,PST,2021,81.0674819946289
Post-demographic dividend,PST,2020,80.1040878295898
Post-demographic dividend,PST,2019,79.4663619995117
Post-demographic dividend,PST,2018,78.5094528198242
Post-demographic dividend,PST,2017,78.2045822143555
Post-demographic dividend,PST,2016,78.0374298095703
Post-demographic dividend,PST,2015,77.5960006713867
Post-demographic dividend,PST,2014,77.3907699584961
Post-demographic dividend,PST,2013,76.8820114135742
Post-demographic dividend,PST,2012,76.9093017578125
Post-demographic dividend,PST,2011,76.8018493652344
Post-demographic dividend,PST,2010,76.129638671875
Post-demographic dividend,PST,2009,75.7163009643555
Post-demographic dividend,PST,2008,74.382568359375
Post-demographic dividend,PST,2007,73.6274032592773
Post-demographic dividend,PST,2006,72.5484390258789
Post-demographic dividend,PST,2005,70.7085113525391
Post-demographic dividend,PST,2004,69.8123016357422
Post-demographic dividend,PST,2003,68.0389709472656
Post-demographic dividend,PST,2002,66.2143707275391
Post-demographic dividend,PST,2001,63.4118690490723
Post-demographic dividend,PST,2000,60.9504508972168
Post-demographic dividend,PST,1999,59.2588806152344
Pre-demographic dividend,PRE,2021,8.72068023681641
Pre-demographic dividend,PRE,2020,8.60867023468018
Pre-demographic dividend,PRE,2019,8.51943969726562
Pre-demographic dividend,PRE,2018,8.50343990325928
Pre-demographic dividend,PRE,2017,8.40110015869141
Pre-demographic dividend,PRE,2016,8.31756973266602
Pre-demographic dividend,PRE,2015,8.25500011444092
Pre-demographic dividend,PRE,2014,8.17070007324219
Pre-demographic dividend,PRE,2013,7.97291994094849
Pre-demographic dividend,PRE,2012,7.61994981765747
Pre-demographic dividend,PRE,2011,7.22444009780884
Pre-demographic dividend,PRE,2010,6.91344022750854
Pre-demographic dividend,PRE,2009,6.63960981369019
Pre-demographic dividend,PRE,2008,6.37200021743774
Pre-demographic dividend,PRE,2007,6.07145023345947
Pre-demographic dividend,PRE,2006,5.93388986587524
Pre-demographic dividend,PRE,2005,5.72213983535767
Pre-demographic dividend,PRE,2004,5.37591981887817
Pre-demographic dividend,PRE,2003,5.09181976318359
Pre-demographic dividend,PRE,2002,4.69973993301392
Pre-demographic dividend,PRE,2001,4.32922983169556
Pre-demographic dividend,PRE,2000,3.96374988555908
Pre-demographic dividend,PRE,1999,3.57716989517212
Pre-demographic dividend,PRE,1998,3.51804995536804
Pre-demographic dividend,PRE,1997,3.4682400226593
Pre-demographic dividend,PRE,1996,3.37503004074097
Pre-demographic dividend,PRE,1995,3.30173993110657
Pre-demographic dividend,PRE,1994,3.2739999294281
Pre-demographic dividend,PRE,1993,3.20022988319397
Pre-demographic dividend,PRE,1992,3.1136999130249
Pre-demographic dividend,PRE,1991,3.05075001716614
Pre-demographic dividend,PRE,1990,2.98382997512817
Pre-demographic dividend,PRE,1989,2.91318011283875
Pre-demographic dividend,PRE,1988,2.79390001296997
Pre-demographic dividend,PRE,1987,2.66790008544922
Pre-demographic dividend,PRE,1986,2.71370005607605
Pre-demographic dividend,PRE,1985,2.58225989341736
Pre-demographic dividend,PRE,1984,2.44584989547729
Pre-demographic dividend,PRE,1983,2.39800000190735
Pre-demographic dividend,PRE,1982,2.34966993331909
Pre-demographic dividend,PRE,1981,2.23442006111145
Pre-demographic dividend,PRE,1980,2.11011004447937
Pre-demographic dividend,PRE,1979,2.00989007949829
Pre-demographic dividend,PRE,1978,1.90436005592346
Pre-demographic dividend,PRE,1977,1.8194899559021
Pre-demographic dividend,PRE,1976,1.73740994930267
Pre-demographic dividend,PRE,1975,1.6808899641037
Pre-demographic dividend,PRE,1974,1.61492002010346
Pre-demographic dividend,PRE,1973,1.56094002723694
Pre-demographic dividend,PRE,1972,1.49906003475189
Pre-demographic dividend,PRE,1971,1.45096004009247
Pre-demographic dividend,PRE,1970,1.43795001506805
Small states,SST,2024,22.8753509521484
Small states,SST,2023,22.5767707824707
Small states,SST,2022,22.5005798339844
Small states,SST,2021,22.3052196502686
Small states,SST,2020,21.8676891326904
Small states,SST,2019,21.3656902313232
Small states,SST,2018,20.7374591827393
Small states,SST,2017,20.5163993835449
Small states,SST,2016,19.9832496643066
Small states,SST,2015,19.9418296813965
Small states,SST,2014,19.6605091094971
Small states,SST,2013,19.2426204681396
Small states,SST,2012,18.7524394989014
Small states,SST,2011,17.8525390625
Small states,SST,2010,17.1129703521729
Small states,SST,2009,16.4898891448975
Small states,SST,2008,15.073920249939
Small states,SST,2007,13.8059597015381
Small states,SST,2006,12.8919200897217
Small states,SST,2005,12.6359996795654
Small states,SST,2004,12.5509300231934
Small states,SST,2003,11.9303302764893
Small states,SST,2002,11.1305904388428
Small states,SST,2001,10.8100900650024
Small states,SST,2000,10.0239400863647
Small states,SST,1999,9.2608003616333
Small states,SST,1998,9.44421005249023
Small states,SST,1997,8.79374980926514
Small states,SST,1996,8.56110954284668
Small states,SST,1995,7.8176097869873
Small states,SST,1994,7.6034197807312
Small states,SST,1993,7.34355020523071
Small states,SST,1992,7.64163017272949
Small states,SST,1991,6.81321001052856
Small states,SST,1990,6.44184017181396
Small states,SST,1989,5.99501991271973
Small states,SST,1988,5.76652002334595
Small states,SST,1987,6.89273977279663
Small states,SST,1986,5.49169015884399
Small states,SST,1985,6.82032012939453
Small states,SST,1984,6.73109006881714
Small states,SST,1983,6.63998985290527
Small states,SST,1982,6.72982978820801
Small states,SST,1981,5.29812002182007
Small states,SST,1980,6.58978986740112
Small states,SST,1979,6.99792003631592
Small states,SST,1978,6.71257019042969
Small states,SST,1977,7.25982999801636
Small states,SST,1976,7.20242023468018
Small states,SST,1975,7.0944299697876
Small states,SST,1974,6.45592021942139
Small states,SST,1973,6.48850011825562
Small states,SST,1972,6.50186014175415
Small states,SST,1971,6.45990991592407
Small states,SST,1970,7.75795984268188
South Asia,SAS,2024,32.7833213806152
South Asia,SAS,2023,32.438419342041
South Asia,SAS,2022,30.9421100616455
South Asia,SAS,2021,29.8268604278564
South Asia,SAS,2020,28.2194099426269
South Asia,SAS,2019,27.6625595092773
South Asia,SAS,2018,26.8766307830811
South Asia,SAS,2017,26.079870223999
South Asia,SAS,2016,25.5159492492676
South Asia,SAS,2015,25.3642196655273
South Asia,SAS,2014,24.041389465332
South Asia,SAS,2013,22.6903400421143
South Asia,SAS,2012,23.1186695098877
South Asia,SAS,2011,21.8057098388672
South Asia,SAS,2010,17.6207408905029
South Asia,SAS,2009,15.8038501739502
South Asia,SAS,2008,14.7031297683716
South Asia,SAS,2007,12.8670997619629
South Asia,SAS,2006,11.3078498840332
South Asia,SAS,2005,10.4651298522949
South Asia,SAS,2004,10.5721397399902
South Asia,SAS,2003,10.3095397949219
South Asia,SAS,2002,9.87176036834717
South Asia,SAS,2001,9.43124008178711
South Asia,SAS,2000,9.22157001495361
South Asia,SAS,1999,9.23464012145996
South Asia (IDA & IBRD),TSA,2024,32.7833213806152
South Asia (IDA & IBRD),TSA,2023,32.438419342041
South Asia (IDA & IBRD),TSA,2022,30.9421100616455
South Asia (IDA & IBRD),TSA,2021,29.8268604278564
South Asia (IDA & IBRD),TSA,2020,28.2194099426269
South Asia (IDA & IBRD),TSA,2019,27.6625595092773
South Asia (IDA & IBRD),TSA,2018,26.8766307830811
South Asia (IDA & IBRD),TSA,2017,26.079870223999
South Asia (IDA & IBRD),TSA,2016,25.5159492492676
South Asia (IDA & IBRD),TSA,2015,25.3642196655273
South Asia (IDA & IBRD),TSA,2014,24.041389465332
South Asia (IDA & IBRD),TSA,2013,22.6903400421143
South Asia (IDA & IBRD),TSA,2012,23.1186695098877
South Asia (IDA & IBRD),TSA,2011,21.8057098388672
South Asia (IDA & IBRD),TSA,2010,17.6207408905029
South Asia (IDA & IBRD),TSA,2009,15.8038501739502
South Asia (IDA & IBRD),TSA,2008,14.7031297683716
South Asia (IDA & IBRD),TSA,2007,12.8670997619629
South Asia (IDA & IBRD),TSA,2006,11.3078498840332
South Asia (IDA & IBRD),TSA,2005,10.4651298522949
South Asia (IDA & IBRD),TSA,2004,10.5721397399902
South Asia (IDA & IBRD),TSA,2003,10.3095397949219
South Asia (IDA & IBRD),TSA,2002,9.87176036834717
South Asia (IDA & IBRD),TSA,2001,9.43124008178711
South Asia (IDA & IBRD),TSA,2000,9.22157001495361
South Asia (IDA & IBRD),TSA,1999,9.23464012145996
Sub-Saharan Africa,SSF,2021,9.27116012573242
Sub-Saharan Africa,SSF,2020,9.19791030883789
Sub-Saharan Africa,SSF,2019,9.09492015838623
Sub-Saharan Africa,SSF,2018,9.08197975158691
Sub-Saharan Africa,SSF,2017,8.98320960998535
Sub-Saharan Africa,SSF,2016,8.84762001037598
Sub-Saharan Africa,SSF,2015,8.83660984039307
Sub-Saharan Africa,SSF,2014,8.72679042816162
Sub-Saharan Africa,SSF,2013,8.56149959564209
Sub-Saharan Africa,SSF,2012,8.23978996276855
Sub-Saharan Africa,SSF,2011,7.91926002502441
Sub-Saharan Africa,SSF,2010,7.58255004882812
Sub-Saharan Africa,SSF,2009,7.13790988922119
Sub-Saharan Africa,SSF,2008,6.74998998641968
Sub-Saharan Africa,SSF,2007,6.42028999328613
Sub-Saharan Africa,SSF,2006,6.24377012252808
Sub-Saharan Africa,SSF,2005,6.05515003204346
Sub-Saharan Africa,SSF,2004,5.72870016098022
Sub-Saharan Africa,SSF,2003,5.46747016906738
Sub-Saharan Africa,SSF,2002,5.08393001556396
Sub-Saharan Africa,SSF,2001,4.7371997833252
Sub-Saharan Africa,SSF,2000,4.38447999954224
Sub-Saharan Africa,SSF,1999,4.03235006332397
Sub-Saharan Africa,SSF,1998,3.98570990562439
Sub-Saharan Africa,SSF,1997,3.89790010452271
Sub-Saharan Africa,SSF,1996,3.78944993019104
Sub-Saharan Africa,SSF,1995,3.70559000968933
Sub-Saharan Africa,SSF,1994,3.63604998588562
Sub-Saharan Africa,SSF,1993,3.46866011619568
Sub-Saharan Africa,SSF,1992,3.31670999526977
Sub-Saharan Africa,SSF,1991,3.19055008888245
Sub-Saharan Africa,SSF,1990,3.07052993774414
Sub-Saharan Africa,SSF,1989,3.01756000518799
Sub-Saharan Africa,SSF,1988,2.87684011459351
Sub-Saharan Africa,SSF,1987,2.74095988273621
Sub-Saharan Africa,SSF,1986,2.69552993774414
Sub-Saharan Africa,SSF,1985,2.58812999725342
Sub-Saharan Africa,SSF,1984,2.46070003509521
Sub-Saharan Africa,SSF,1983,2.41128993034363
Sub-Saharan Africa,SSF,1982,2.35640001296997
Sub-Saharan Africa,SSF,1981,2.20421004295349
Sub-Saharan Africa,SSF,1980,2.06377005577087
Sub-Saharan Africa,SSF,1979,1.96464002132416
Sub-Saharan Africa,SSF,1978,1.8309600353241
Sub-Saharan Africa,SSF,1977,1.72324001789093
Sub-Saharan Africa,SSF,1976,1.63738000392914
Sub-Saharan Africa,SSF,1975,1.57669997215271
Sub-Saharan Africa,SSF,1974,1.52420997619629
Sub-Saharan Africa,SSF,1973,1.45457005500794
Sub-Saharan Africa,SSF,1972,1.45711994171143
Sub-Saharan Africa,SSF,1971,1.37776005268097
Sub-Saharan Africa,SSF,1970,1.41486001014709
Sub-Saharan Africa (excluding high income),SSA,2021,9.27089023590088
Sub-Saharan Africa (excluding high income),SSA,2020,9.19779014587402
Sub-Saharan Africa (excluding high income),SSA,2019,9.09453010559082
Sub-Saharan Africa (excluding high income),SSA,2018,9.08168983459473
Sub-Saharan Africa (excluding high income),SSA,2017,8.98270988464355
Sub-Saharan Africa (excluding high income),SSA,2016,8.84714984893799
Sub-Saharan Africa (excluding high income),SSA,2015,8.83637046813965
Sub-Saharan Africa (excluding high income),SSA,2014,8.72710990905762
Sub-Saharan Africa (excluding high income),SSA,2013,8.56204032897949
Sub-Saharan Africa (excluding high income),SSA,2012,8.24044036865234
Sub-Saharan Africa (excluding high income),SSA,2011,7.91976976394653
Sub-Saharan Africa (excluding high income),SSA,2010,7.58326005935669
Sub-Saharan Africa (excluding high income),SSA,2009,7.13859987258911
Sub-Saharan Africa (excluding high income),SSA,2008,6.75066995620728
Sub-Saharan Africa (excluding high income),SSA,2007,6.42093992233276
Sub-Saharan Africa (excluding high income),SSA,2006,6.24442005157471
Sub-Saharan Africa (excluding high income),SSA,2005,6.05577993392944
Sub-Saharan Africa (excluding high income),SSA,2004,5.72931003570557
Sub-Saharan Africa (excluding high income),SSA,2003,5.4680700302124
Sub-Saharan Africa (excluding high income),SSA,2002,5.08449983596802
Sub-Saharan Africa (excluding high income),SSA,2001,4.73776006698608
Sub-Saharan Africa (excluding high income),SSA,2000,4.38500022888184
Sub-Saharan Africa (excluding high income),SSA,1999,4.03283023834229
Sub-Saharan Africa (excluding high income),SSA,1998,3.98621010780335
Sub-Saharan Africa (excluding high income),SSA,1997,3.89840006828308
Sub-Saharan Africa (excluding high income),SSA,1996,3.78994011878967
Sub-Saharan Africa (excluding high income),SSA,1995,3.70607995986939
Sub-Saharan Africa (excluding high income),SSA,1994,3.636549949646
Sub-Saharan Africa (excluding high income),SSA,1993,3.46915006637573
Sub-Saharan Africa (excluding high income),SSA,1992,3.31718993186951
Sub-Saharan Africa (excluding high income),SSA,1991,3.19103002548218
Sub-Saharan Africa (excluding high income),SSA,1990,3.07101011276245
Sub-Saharan Africa (excluding high income),SSA,1989,3.01804995536804
Sub-Saharan Africa (excluding high income),SSA,1988,2.87733006477356
Sub-Saharan Africa (excluding high income),SSA,1987,2.74144005775452
Sub-Saharan Africa (excluding high income),SSA,1986,2.69602990150452
Sub-Saharan Africa (excluding high income),SSA,1985,2.58861994743347
Sub-Saharan Africa (excluding high income),SSA,1984,2.46118998527527
Sub-Saharan Africa (excluding high income),SSA,1983,2.41176009178162
Sub-Saharan Africa (excluding high income),SSA,1982,2.35686993598938
Sub-Saharan Africa (excluding high income),SSA,1981,2.20463991165161
Sub-Saharan Africa (excluding high income),SSA,1980,2.06417989730835
Sub-Saharan Africa (excluding high income),SSA,1979,1.96501994132996
Sub-Saharan Africa (excluding high income),SSA,1978,1.8313000202179
Sub-Saharan Africa (excluding high income),SSA,1977,1.72353994846344
Sub-Saharan Africa (excluding high income),SSA,1976,1.63766002655029
Sub-Saharan Africa (excluding high income),SSA,1975,1.5769499540329
Sub-Saharan Africa (excluding high income),SSA,1974,1.52444005012512
Sub-Saharan Africa (excluding high income),SSA,1973,1.45478999614716
Sub-Saharan Africa (excluding high income),SSA,1972,1.45732998847961
Sub-Saharan Africa (excluding high income),SSA,1971,1.37794995307922
Sub-Saharan Africa (excluding high income),SSA,1970,1.41505002975464
Sub-Saharan Africa (IDA & IBRD countries),TSS,2021,9.27116012573242
Sub-Saharan Africa (IDA & IBRD countries),TSS,2020,9.19791030883789
Sub-Saharan Africa (IDA & IBRD countries),TSS,2019,9.09492015838623
Sub-Saharan Africa (IDA & IBRD countries),TSS,2018,9.08197975158691
Sub-Saharan Africa (IDA & IBRD countries),TSS,2017,8.98320960998535
Sub-Saharan Africa (IDA & IBRD countries),TSS,2016,8.84762001037598
Sub-Saharan Africa (IDA & IBRD countries),TSS,2015,8.83660984039307
Sub-Saharan Africa (IDA & IBRD countries),TSS,2014,8.72679042816162
Sub-Saharan Africa (IDA & IBRD countries),TSS,2013,8.56149959564209
Sub-Saharan Africa (IDA & IBRD countries),TSS,2012,8.23978996276855
Sub-Saharan Africa (IDA & IBRD countries),TSS,2011,7.91926002502441
Sub-Saharan Africa (IDA & IBRD countries),TSS,2010,7.58255004882812
Sub-Saharan Africa (IDA & IBRD countries),TSS,2009,7.13790988922119
Sub-Saharan Africa (IDA & IBRD countries),TSS,2008,6.74998998641968
Sub-Saharan Africa (IDA & IBRD countries),TSS,2007,6.42028999328613
Sub-Saharan Africa (IDA & IBRD countries),TSS,2006,6.24377012252808
Sub-Saharan Africa (IDA & IBRD countries),TSS,2005,6.05515003204346
Sub-Saharan Africa (IDA & IBRD countries),TSS,2004,5.72870016098022
Sub-Saharan Africa (IDA & IBRD countries),TSS,2003,5.46747016906738
Sub-Saharan Africa (IDA & IBRD countries),TSS,2002,5.08393001556396
Sub-Saharan Africa (IDA & IBRD countries),TSS,2001,4.7371997833252
Sub-Saharan Africa (IDA & IBRD countries),TSS,2000,4.38447999954224
Sub-Saharan Africa (IDA & IBRD countries),TSS,1999,4.03235006332397
Sub-Saharan Africa (IDA & IBRD countries),TSS,1998,3.98570990562439
Sub-Saharan Africa (IDA & IBRD countries),TSS,1997,3.89790010452271
Sub-Saharan Africa (IDA & IBRD countries),TSS,1996,3.78944993019104
Sub-Saharan Africa (IDA & IBRD countries),TSS,1995,3.70559000968933
Sub-Saharan Africa (IDA & IBRD countries),TSS,1994,3.63604998588562
Sub-Saharan Africa (IDA & IBRD countries),TSS,1993,3.46866011619568
Sub-Saharan Africa (IDA & IBRD countries),TSS,1992,3.31670999526977
Sub-Saharan Africa (IDA & IBRD countries),TSS,1991,3.19055008888245
Sub-Saharan Africa (IDA & IBRD countries),TSS,1990,3.07052993774414
Sub-Saharan Africa (IDA & IBRD countries),TSS,1989,3.01756000518799
Sub-Saharan Africa (IDA & IBRD countries),TSS,1988,2.87684011459351
Sub-Saharan Africa (IDA & IBRD countries),TSS,1987,2.74095988273621
Sub-Saharan Africa (IDA & IBRD countries),TSS,1986,2.69552993774414
Sub-Saharan Africa (IDA & IBRD countries),TSS,1985,2.58812999725342
Sub-Saharan Africa (IDA & IBRD countries),TSS,1984,2.46070003509521
Sub-Saharan Africa (IDA & IBRD countries),TSS,1983,2.41128993034363
Sub-Saharan Africa (IDA & IBRD countries),TSS,1982,2.35640001296997
Sub-Saharan Africa (IDA & IBRD countries),TSS,1981,2.20421004295349
Sub-Saharan Africa (IDA & IBRD countries),TSS,1980,2.06377005577087
Sub-Saharan Africa (IDA & IBRD countries),TSS,1979,1.96464002132416
Sub-Saharan Africa (IDA & IBRD countries),TSS,1978,1.8309600353241
Sub-Saharan Africa (IDA & IBRD countries),TSS,1977,1.72324001789093
Sub-Saharan Africa (IDA & IBRD countries),TSS,1976,1.63738000392914
Sub-Saharan Africa (IDA & IBRD countries),TSS,1975,1.57669997215271
Sub-Saharan Africa (IDA & IBRD countries),TSS,1974,1.52420997619629
Sub-Saharan Africa (IDA & IBRD countries),TSS,1973,1.45457005500794
Sub-Saharan Africa (IDA & IBRD countries),TSS,1972,1.45711994171143
Sub-Saharan Africa (IDA & IBRD countries),TSS,1971,1.37776005268097
Sub-Saharan Africa (IDA & IBRD countries),TSS,1970,1.41486001014709
Upper middle income,,2024,64.5994720458984
Upper middle income,,2023,64.0977478027344
Upper middle income,,2022,61.7802200317383
Upper middle income,,2021,58.9831390380859
Upper middle income,,2020,56.021671295166
Upper middle income,,2019,53.2710494995117
Upper middle income,,2018,51.4451103210449
Upper middle income,,2017,50.1707000732422
Upper middle income,,2016,48.6304512023926
Upper middle income,,2015,46.6499481201172
Upper middle income,,2014,44.0766296386719
Upper middle income,,2013,37.8507614135742
Upper middle income,,2012,35.3440704345703
Upper middle income,,2011,32.8706703186035
Upper middle income,,2010,30.9967708587646
Upper middle income,,2009,29.0400905609131
Upper middle income,,2008,27.747049331665
Upper middle income,,2007,26.4564990997314
Upper middle income,,2006,26.2403697967529
Upper middle income,,2005,23.5556201934814
Upper middle income,,2004,22.1560802459717
Upper middle income,,2003,20.4253807067871
Upper middle income,,2002,18.3253898620606
Upper middle income,,2001,16.5188007354736
Upper middle income,,2000,15.3636999130249
Upper middle income,,1999,14.3624200820923
Upper middle income,,1998,13.4518899917603
Upper middle income,,1997,15.0228595733643
Upper middle income,,1996,11.5313997268677
Upper middle income,,1995,12.9722995758057
Upper middle income,,1994,10.0458097457886
Upper middle income,,1993,8.70341014862061
Upper middle income,,1992,9.20166015625
Upper middle income,,1991,8.62090015411377
Upper middle income,,1990,8.05681037902832
Upper middle income,,1989,8.47537994384766
Upper middle income,,1988,7.85821008682251
Upper middle income,,1987,8.52945995330811
Upper middle income,,1986,7.52626991271973
Upper middle income,,1985,10.1108102798462
Upper middle income,,1984,9.75150012969971
Upper middle income,,1983,6.92132997512817
Upper middle income,,1982,7.02057981491089
Upper middle income,,1981,6.87576007843018
Upper middle income,,1980,6.5503101348877
Upper middle income,,1979,5.9678897857666
Upper middle income,,1978,5.52084016799927
Upper middle income,,1977,5.35727977752685
Upper middle income,,1976,4.89794015884399
Upper middle income,,1975,4.55344009399414
Upper middle income,,1974,4.48201990127563
Upper middle income,,1973,4.77341985702515
Upper middle income,,1972,3.65342998504639
Upper middle income,,1971,3.39777994155884
Upper middle income,,1970,7.11038017272949
World,WLD,2024,43.6151390075684
World,WLD,2023,43.197868347168
World,WLD,2022,42.0465698242188
World,WLD,2021,41.0742492675781
World,WLD,2020,39.7074089050293
World,WLD,2019,38.6688690185547
World,WLD,2018,37.8525314331055
World,WLD,2017,37.4994316101074
World,WLD,2016,37.1431999206543
World,WLD,2015,36.6130981445312
World,WLD,2014,35.5645713806152
World,WLD,2013,33.0915985107422
World,WLD,2012,32.3113899230957
World,WLD,2011,31.1437301635742
World,WLD,2010,29.5784606933594
World,WLD,2009,28.2910709381104
World,WLD,2008,27.350980758667
World,WLD,2007,26.303430557251
World,WLD,2006,25.7015895843506
World,WLD,2005,24.3295593261719
World,WLD,2004,23.6235904693604
World,WLD,2003,22.7504901885986
World,WLD,2002,21.6429405212402
World,WLD,2001,20.3930397033691
World,WLD,2000,19.484260559082
World,WLD,1999,18.7848205566406
World,WLD,1998,18.058629989624
World,WLD,1997,17.93284034729
World,WLD,1996,16.392370223999
World,WLD,1995,16.3353996276856
World,WLD,1994,15.8401098251343
World,WLD,1993,15.3053102493286
World,WLD,1992,14.8865699768066
World,WLD,1991,13.5430002212524
World,WLD,1990,13.307559967041
World,WLD,1989,13.3386201858521
World,WLD,1988,12.9720602035522
World,WLD,1987,13.0459604263306
World,WLD,1986,12.5483102798462
World,WLD,1985,13.6182899475098
World,WLD,1984,13.6792802810669
World,WLD,1983,12.2692899703979
World,WLD,1982,12.3560304641724
World,WLD,1981,12.2231702804565
World,WLD,1980,11.8621797561646
World,WLD,1979,11.4427404403687
World,WLD,1978,11.1817798614502
World,WLD,1977,10.9267702102661
World,WLD,1976,10.7146396636963
World,WLD,1975,11.5344495773315
World,WLD,1974,11.3469400405884
World,WLD,1973,9.73466968536377
World,WLD,1972,10.6534404754639
World,WLD,1971,8.73332977294922
World,WLD,1970,17.4421195983887
Afghanistan,AFG,2020,10.85435962677
Afghanistan,AFG,2018,9.99592018127441
Afghanistan,AFG,2014,8.39764022827148
Afghanistan,AFG,2011,3.68686008453369
Afghanistan,AFG,2009,3.93815994262695
Afghanistan,AFG,2004,1.39064002037048
Afghanistan,AFG,2003,1.37434995174408
Afghanistan,AFG,1990,2.21519994735718
Afghanistan,AFG,1987,1.71459996700287
Afghanistan,AFG,1986,2.19022011756897
Afghanistan,AFG,1982,2.01694989204407
Afghanistan,AFG,1979,1.91846001148224
Afghanistan,AFG,1978,1.80000996589661
Afghanistan,AFG,1977,1.40902996063232
Afghanistan,AFG,1976,1.26918995380402
Afghanistan,AFG,1975,1.12305998802185
Afghanistan,AFG,1974,1.03191995620727
Afghanistan,AFG,1973,1.10443997383118
Afghanistan,AFG,1972,0.959540009498596
Afghanistan,AFG,1971,0.928269982337952
Afghanistan,AFG,1970,0.769559979438782
Albania,ALB,2024,84.1496200561523
Albania,ALB,2023,64.7293520237257
Albania,ALB,2022,62.647921513098
Albania,ALB,2021,59.9698690125562
Albania,ALB,2020,61.5853024328899
Albania,ALB,2019,61.4085141527142
Albania,ALB,2018,56.0802964109938
Albania,ALB,2017,58.0177836674929
Albania,ALB,2016,58.4884791901189
Albania,ALB,2015,61.9608485481051
Albania,ALB,2014,65.5507096860696
Albania,ALB,2013,63.8440585382953
Albania,ALB,2012,58.6214186004979
Albania,ALB,2011,49.3997040639925
Albania,ALB,2010,43.3279304504395
Albania,ALB,2009,32.9239883422852
Albania,ALB,2008,31.6839599609375
Albania,ALB,2007,30.2319297790527
Albania,ALB,2006,26.2101001739502
Albania,ALB,2005,22.389009475708
Albania,ALB,2004,19.1295795440674
Albania,ALB,2003,16.3662395477295
Albania,ALB,2002,16.3895606994629
Albania,ALB,2001,15.4820499420166
Albania,ALB,2000,15.3867101669312
Albania,ALB,1999,14.7700595855713
Albania,ALB,1998,13.6314601898193
Albania,ALB,1997,12.8083696365356
Albania,ALB,1996,11.0262098312378
Albania,ALB,1995,10.0794801712036
Albania,ALB,1994,10.4434404373169
Albania,ALB,1993,11.0173997879028
Albania,ALB,1992,9.12522029876709
Albania,ALB,1991,8.63831043243408
Albania,ALB,1990,8.0117301940918
Albania,ALB,1989,7.76358985900879
Albania,ALB,1988,7.46460008621216
Albania,ALB,1987,7.123459815979
Albania,ALB,1986,7.06284999847412
Albania,ALB,1985,6.89037990570068
Albania,ALB,1984,6.34281015396118
Albania,ALB,1983,5.62990999221802
Albania,ALB,1981,4.82242012023926
Albania,ALB,1978,5.39772987365723
Albania,ALB,1972,13.9605598449707
Albania,ALB,1971,12.8983097076416
Algeria,DZA,2024,54.4283410150344
Algeria,DZA,2023,55.5320185816789
Algeria,DZA,2022,53.3875786756
Algeria,DZA,2021,54.2222597146723
Algeria,DZA,2020,53.3752192208988
Algeria,DZA,2019,53.8645018203122
Algeria,DZA,2018,52.8819387317527
Algeria,DZA,2017,49.177689984383
Algeria,DZA,2016,43.9040620880927
Algeria,DZA,2015,38.2444735695552
Algeria,DZA,2014,36.0427983596258
Algeria,DZA,2013,35.4386275633738
Algeria,DZA,2012,33.5570987119466
Algeria,DZA,2011,32.3866003582095
Algeria,DZA,2010,30.7344437013341
Algeria,DZA,2009,30.5014705657959
Algeria,DZA,2007,23.5956306457519
Algeria,DZA,2006,21.3458003997803
Algeria,DZA,2005,20.7098693847656
Algeria,DZA,2004,18.8709297180176
Algeria,DZA,2003,18.211820602417
Algeria,DZA,2002,16.9754199981689
Algeria,DZA,2001,15.2947797775269
Algeria,DZA,1999,13.6004695892334
Algeria,DZA,1996,11.6038904190063
Algeria,DZA,1995,10.2354803085327
Algeria,DZA,1994,10.4309101104736
Algeria,DZA,1993,10.8634300231934
Algeria,DZA,1992,10.945969581604
Algeria,DZA,1991,10.8018398284912
Algeria,DZA,1990,10.0710496902466
Algeria,DZA,1988,8.63753986358643
Algeria,DZA,1987,8.84932041168213
American Samoa,ASM,1989,19.6201190948486
American Samoa,ASM,1971,0
Andorra,AND,2024,67.6767676767677
Andorra,AND,2023,62.4106937082277
Andorra,AND,2022,34.6414389161411
Andorra,AND,2021,15.4117647058823
Andorra,AND,2020,15.2605749006777
Andorra,AND,2019,15.4352596927579
Andorra,AND,2018,15.7132150886835
Andorra,AND,2017,15.6664896441848
Andorra,AND,2016,15.2011095700416
Andorra,AND,2015,13.8206896551724
Andorra,AND,2014,13.5399673735726
Andorra,AND,2013,14.5405405405405
Andorra,AND,2012,12.870249017038
Andorra,AND,2008,10.986120223999
Andorra,AND,2006,9.89391040802002
Andorra,AND,2005,8.41534996032715
Andorra,AND,2004,8.74967002868652
Andorra,AND,2003,8.82861995697021
Andorra,AND,2002,7.31105995178223
Angola,AGO,2024,9.9549065722902
Angola,AGO,2023,10.04935810264
Angola,AGO,2016,9.78287696232453
Angola,AGO,2015,8.78320868033121
Angola,AGO,2013,9.22339720175662
Angola,AGO,2011,6.44004138280629
Angola,AGO,2006,2.55977010726929
Angola,AGO,2005,2.6385600566864
Angola,AGO,2004,2.14597010612488
Angola,AGO,2003,2.87620997428894
Angola,AGO,2002,0.783640027046204
Angola,AGO,1999,0.554629981517792
Angola,AGO,1998,0.613650023937225
Angola,AGO,1992,0.573329985141754
Angola,AGO,1991,0.60505998134613
Angola,AGO,1990,0.594919979572296
Angola,AGO,1989,0.5659099817276
Angola,AGO,1988,0.581809997558594
Antigua and Barbuda,ATG,2012,25.1156271899089
Antigua and Barbuda,ATG,2011,15.1060820367751
Antigua and Barbuda,ATG,2010,16.6952054794521
Antigua and Barbuda,ATG,2009,14.8930101394653
Argentina,ARG,2023,107.822574129434
Argentina,ARG,2022,107.103901423423
Argentina,ARG,2021,107.219557633976
Argentina,ARG,2020,99.3697348717996
Argentina,ARG,2019,95.1928240640628
Argentina,ARG,2018,91.0846512732766
Argentina,ARG,2017,89.3297346952415
Argentina,ARG,2016,86.6743832906399
Argentina,ARG,2015,83.75569332589
Argentina,ARG,2014,81.072589697739
Argentina,ARG,2013,78.5681646081939
Argentina,ARG,2012,78.1465174294761
Argentina,ARG,2011,77.0101185060955
Argentina,ARG,2010,73.803669361107
Argentina,ARG,2009,70.6931915283203
Argentina,ARG,2008,68.5610733032227
Argentina,ARG,2007,66.6672210693359
Argentina,ARG,2006,66.9444732666016
Argentina,ARG,2005,63.4893112182617
Argentina,ARG,2004,64.5891418457031
Argentina,ARG,2003,64.0304870605469
Argentina,ARG,2002,61.7228813171387
Argentina,ARG,2001,58.4697608947754
Argentina,ARG,2000,54.0843505859375
Argentina,ARG,1999,49.5107002258301
Argentina,ARG,1998,47.9862289428711
Argentina,ARG,1994,37.3899002075195
Argentina,ARG,1991,38.3296699523926
Argentina,ARG,1987,39.7573585510254
Argentina,ARG,1986,37.8025398254395
Argentina,ARG,1985,35.6665916442871
Argentina,ARG,1984,28.727560043335
Argentina,ARG,1983,24.7786998748779
Argentina,ARG,1982,23.6957092285156
Argentina,ARG,1981,22.9634208679199
Argentina,ARG,1980,21.5650291442871
Argentina,ARG,1979,22.0105895996094
Argentina,ARG,1978,21.2025909423828
Argentina,ARG,1977,23.9531192779541
Argentina,ARG,1976,26.9438800811768
Argentina,ARG,1975,26.914270401001
Argentina,ARG,1974,22.702169418335
Argentina,ARG,1973,19.5783805847168
Argentina,ARG,1972,16.4729194641113
Argentina,ARG,1971,15.310640335083
Argentina,ARG,1970,13.2804498672485
Armenia,ARM,2024,52.7748065090859
Armenia,ARM,2023,56.2770051010456
Armenia,ARM,2022,57.1818422625098
Armenia,ARM,2021,56.6235144830279
Armenia,ARM,2020,52.3331534448642
Armenia,ARM,2019,53.5944174785534
Armenia,ARM,2018,57.4585357681354
Armenia,ARM,2017,55.5065519523494
Armenia,ARM,2016,54.3432877365993
Armenia,ARM,2015,48.7313687040259
Armenia,ARM,2014,47.7150849538629
Armenia,ARM,2013,44.8347790892711
Armenia,ARM,2012,44.4855719494927
Armenia,ARM,2011,51.2949290708131
Armenia,ARM,2010,50.5839875932926
Armenia,ARM,2009,49.0897102355957
Armenia,ARM,2008,46.5244903564453
Armenia,ARM,2007,44.4558410644531
Armenia,ARM,2006,41.5903587341309
Armenia,ARM,2005,37.7094497680664
Armenia,ARM,2004,35.8360900878906
Armenia,ARM,2003,35.0657081604004
Armenia,ARM,2002,33.9618911743164
Armenia,ARM,2001,31.3409194946289
Armenia,ARM,2000,32.5305213928223
Armenia,ARM,1999,32.2853813171387
Armenia,ARM,1998,31.5830402374268
Armenia,ARM,1997,21.8644905090332
Armenia,ARM,1996,16.6888809204102
Armenia,ARM,1995,19.5058898925781
Armenia,ARM,1994,19.1631298065186
Armenia,ARM,1993,22.5643806457519
Armenia,ARM,1992,22.9340400695801
Armenia,ARM,1991,23.5778503417969
Armenia,ARM,1990,22.0238304138184
Armenia,ARM,1989,20.9915599822998
Armenia,ARM,1988,19.5468807220459
Armenia,ARM,1986,18.5561790466309
Aruba,ABW,2024,14.0655418559377
Aruba,ABW,2016,17.1416206359863
Aruba,ABW,2015,16.7312393188477
Aruba,ABW,2014,17.7518997192383
Aruba,ABW,2013,17.1258697509766
Aruba,ABW,2012,38.8641815185547
Aruba,ABW,2011,37.8648109436035
Aruba,ABW,2010,36.0625305175781
Aruba,ABW,2009,34.4308586120605
Aruba,ABW,2008,35.0970611572266
Aruba,ABW,2007,34.8968086242676
Aruba,ABW,2006,34.2268714904785
Aruba,ABW,2005,36.204231262207
Aruba,ABW,2004,30.352689743042
Aruba,ABW,2003,30.3779106140137
Aruba,ABW,2002,28.5816898345947
Aruba,ABW,2001,28.8601303100586
Aruba,ABW,2000,28.3303394317627
Aruba,ABW,1999,25.6337509155273
Australia,AUS,2024,108.421989440918
Australia,AUS,2023,104.64835357666
Australia,AUS,2022,106.240760803223
Australia,AUS,2021,112.688293457031
Australia,AUS,2020,110.139221191406
Australia,AUS,2019,109.759559631348
Australia,AUS,2018,103.322090148926
Australia,AUS,2017,109.993309020996
Australia,AUS,2016,119.682777404785
Australia,AUS,2015,119.679389953613
Austria,AUT,2024,92.6126708984375
Austria,AUT,2023,91.6818237304688
Austria,AUT,2022,94.5116882324219
Austria,AUT,2021,93.940071105957
Austria,AUT,2020,88.7071990966797
Austria,AUT,2019,86.3234329223633
Austria,AUT,2018,85.8698883056641
Austria,AUT,2017,83.8392562866211
Austria,AUT,2016,82.8496932983398
Austria,AUT,2015,82.2563095092773
Austria,AUT,2014,81.0195693969727
Austria,AUT,2013,80.9616012573242
Austria,AUT,2012,79.5471267700195
Austria,AUT,2011,77.2625122070312
Austria,AUT,2010,75.0402526855469
Austria,AUT,2009,67.9915771484375
Austria,AUT,2008,66.1983871459961
Austria,AUT,2007,63.8021202087402
Azerbaijan,AZE,2024,41.3413783372226
Azerbaijan,AZE,2023,41.3907560278377
Azerbaijan,AZE,2022,41.0017793895325
Azerbaijan,AZE,2021,39.0095977224788
Azerbaijan,AZE,2020,36.3854742250215
Azerbaijan,AZE,2019,32.9221812477847
Azerbaijan,AZE,2018,28.9724903670069
Azerbaijan,AZE,2017,28.4670565431322
Azerbaijan,AZE,2016,27.2368629930846
Azerbaijan,AZE,2015,25.4831961094662
Azerbaijan,AZE,2014,23.1597349800287
Azerbaijan,AZE,2013,21.4404253568261
Azerbaijan,AZE,2012,20.4384614704139
Azerbaijan,AZE,2011,19.6473062365442
Azerbaijan,AZE,2010,19.2600431394615
Azerbaijan,AZE,2009,19.057710647583
Azerbaijan,AZE,2008,19.0478897094727
Azerbaijan,AZE,2007,19.3645992279053
Azerbaijan,AZE,2006,19.7894592285156
"Bahamas, The",BHS,1995,14.8425798416138
"Bahamas, The",BHS,1988,18.4946308135986
"Bahamas, The",BHS,1987,17.2592391967773
"Bahamas, The",BHS,1986,16.0247592926025
"Bahamas, The",BHS,1985,14.3001403808594
"Bahamas, The",BHS,1984,13.4133701324463
"Bahamas, The",BHS,1983,11.8627195358276
"Bahamas, The",BHS,1982,15.8115196228027
"Bahamas, The",BHS,1981,17.0990505218506
"Bahamas, The",BHS,1980,19.3137397766113
"Bahamas, The",BHS,1979,25.906759262085
"Bahamas, The",BHS,1978,26.982120513916
"Bahamas, The",BHS,1977,28.8466396331787
Bahrain,BHR,2024,58.3677241853667
Bahrain,BHR,2023,57.0562240948353
Bahrain,BHR,2022,50.3073760962771
Bahrain,BHR,2021,47.5015525503536
Bahrain,BHR,2020,54.4077922369055
Bahrain,BHR,2019,52.9045782700327
Bahrain,BHR,2018,50.2628341348842
Bahrain,BHR,2017,48.7280981931009
Bahrain,BHR,2016,46.7631772606016
Bahrain,BHR,2015,45.6439860607554
Bahrain,BHR,2014,44.7866602427761
Bahrain,BHR,2013,44.1274788546413
Bahrain,BHR,2012,47.6811679519633
Bahrain,BHR,2011,46.3075025646345
Bahrain,BHR,2006,17.5358505249023
Bahrain,BHR,2005,19.0136394500732
Bahrain,BHR,2003,25.1201400756836
Bahrain,BHR,1999,19.2530899047852
Bahrain,BHR,1996,15.3127403259277
Bahrain,BHR,1995,15.6648597717285
Bahrain,BHR,1994,16.9074897766113
Bahrain,BHR,1993,18.3249492645264
Bahrain,BHR,1992,17.6800899505615
Bahrain,BHR,1991,16.2764205932617
Bahrain,BHR,1988,10.3946304321289
Bahrain,BHR,1987,7.04086017608643
Bahrain,BHR,1986,8.91714000701904
Bahrain,BHR,1985,9.24752998352051
Bahrain,BHR,1982,5.67314004898071
Bahrain,BHR,1981,4.71670007705688
Bahrain,BHR,1980,3.25013995170593
Bahrain,BHR,1979,2.71871995925903
Bahrain,BHR,1978,3.13807988166809
Bahrain,BHR,1977,3.31736993789673
Bahrain,BHR,1976,2.01219010353088
Bahrain,BHR,1975,2.06067991256714
Bahrain,BHR,1974,2.06624007225037
Bahrain,BHR,1973,1.32795000076294
Bahrain,BHR,1972,1.33492994308472
Bahrain,BHR,1971,1.39269995689392
Bangladesh,BGD,2024,23.7295608009814
Bangladesh,BGD,2023,24.2003442708621
Bangladesh,BGD,2022,23.5005059888653
Bangladesh,BGD,2021,23.9006822335243
Bangladesh,BGD,2020,22.6923019564501
Bangladesh,BGD,2019,22.7094642473405
Bangladesh,BGD,2018,19.5710492453779
Bangladesh,BGD,2017,18.5175604399834
Bangladesh,BGD,2016,17.3985207411042
Bangladesh,BGD,2015,15.5739926180902
Bangladesh,BGD,2014,13.5777392703559
Bangladesh,BGD,2013,13.4900578063704
Bangladesh,BGD,2012,13.4211598649529
Bangladesh,BGD,2011,13.2663245348367
Bangladesh,BGD,2009,10.4939298629761
Bangladesh,BGD,2008,8.62265968322754
Bangladesh,BGD,2007,7.66305017471313
Bangladesh,BGD,2006,7.07040023803711
Bangladesh,BGD,2005,6.13484001159668
Bangladesh,BGD,2004,5.55667018890381
Bangladesh,BGD,2003,5.99128007888794
Bangladesh,BGD,2002,5.91559982299805
Bangladesh,BGD,2001,6.17244005203247
Bangladesh,BGD,2000,5.25165987014771
Bangladesh,BGD,1999,5.28646993637085
Bangladesh,BGD,1990,4.3600001335144
Bangladesh,BGD,1989,3.81795001029968
Bangladesh,BGD,1988,3.86227011680603
Bangladesh,BGD,1987,4.47925996780396
Bangladesh,BGD,1986,5.1406397819519
Bangladesh,BGD,1985,5.20755004882812
Bangladesh,BGD,1984,5.03801012039185
Bangladesh,BGD,1983,4.55327987670898
Bangladesh,BGD,1982,3.59085988998413
Bangladesh,BGD,1981,2.92474007606506
Bangladesh,BGD,1980,2.93219995498657
Bangladesh,BGD,1979,2.90539002418518
Bangladesh,BGD,1978,1.97737002372742
Bangladesh,BGD,1977,2.39165997505188
Bangladesh,BGD,1976,2.15117001533508
Bangladesh,BGD,1974,2.67875003814697
Bangladesh,BGD,1973,2.13984990119934
Bangladesh,BGD,1972,2.14808988571167
Bangladesh,BGD,1970,1.99936997890472
Barbados,BRB,2025,50.801079116886
Barbados,BRB,2024,53.5815662047086
Barbados,BRB,2023,54.2600399378744
Barbados,BRB,2022,55.0600902713579
Barbados,BRB,2021,54.672
Barbados,BRB,2020,52.971630831
Barbados,BRB,2019,48.935497470489
Barbados,BRB,2018,45.8751983077737
Barbados,BRB,2017,51.0106696691866
Barbados,BRB,2016,52.0533712473342
Barbados,BRB,2015,57.2814457564167
Barbados,BRB,2014,71.2682628742848
Barbados,BRB,2013,73.1807704972012
Barbados,BRB,2012,70.0289730657796
Barbados,BRB,2011,66.9463967271583
Barbados,BRB,2010,69.5953279239237
Barbados,BRB,2009,74.2060775756836
Barbados,BRB,2007,60.2387390136719
Barbados,BRB,2001,41.2074584960938
Barbados,BRB,2000,41.9254302978516
Barbados,BRB,1999,36.0569381713867
Barbados,BRB,1993,27.2394599914551
Barbados,BRB,1992,29.5495491027832
Barbados,BRB,1991,28.3673095703125
Barbados,BRB,1990,18.1553592681885
Barbados,BRB,1989,18.0888195037842
Barbados,BRB,1985,19.9854698181152
Barbados,BRB,1984,19.0690193176269
Barbados,BRB,1982,18.3214607238769
Barbados,BRB,1981,15.1553897857666
Barbados,BRB,1974,6.00220012664795
Barbados,BRB,1973,5.37353992462158
Barbados,BRB,1972,4.37744998931885
Barbados,BRB,1971,3.27201008796692
Belarus,BLR,2024,70.1107509145358
Belarus,BLR,2023,72.8250212584046
Belarus,BLR,2022,77.0977334087936
Belarus,BLR,2021,78.6027133367864
Belarus,BLR,2020,79.900160036935
Belarus,BLR,2019,81.2921953254514
Belarus,BLR,2018,84.7097808751504
Belarus,BLR,2017,89.4706479354735
Belarus,BLR,2016,91.5206757734477
Belarus,BLR,2015,93.7888271999214
Belarus,BLR,2014,94.316359554493
Belarus,BLR,2013,95.4975003100193
Belarus,BLR,2012,93.4729592664074
Belarus,BLR,2011,87.3373753061346
Belarus,BLR,2010,80.1169697729485
Belarus,BLR,2009,75.3678512573242
Belarus,BLR,2008,71.3163528442383
Belarus,BLR,2007,71.1050872802734
Belarus,BLR,2006,68.3140869140625
Belarus,BLR,2005,65.4601211547852
Belarus,BLR,2004,62.9585113525391
Belarus,BLR,2003,61.6584510803223
Belarus,BLR,2002,58.9719886779785
Belarus,BLR,2001,56.5885696411133
Belarus,BLR,2000,54.5108413696289
Belarus,BLR,1999,51.9174118041992
Belarus,BLR,1998,48.6389083862305
Belarus,BLR,1997,44.790599822998
Belarus,BLR,1996,44.467098236084
Belarus,BLR,1995,40.5794792175293
Belarus,BLR,1994,41.3819999694824
Belarus,BLR,1993,43.4634819030762
Belarus,BLR,1992,44.3892517089844
Belarus,BLR,1991,47.9793395996094
Belarus,BLR,1990,48.9211387634277
Belarus,BLR,1989,48.534610748291
Belarus,BLR,1988,47.8894996643066
Belarus,BLR,1987,47.3251914978027
Belarus,BLR,1986,46.2769012451172
Belarus,BLR,1985,45.119930267334
Belarus,BLR,1984,43.1753311157227
Belarus,BLR,1983,41.5657081604004
Belarus,BLR,1982,39.6135101318359
Belarus,BLR,1981,39.1479187011719
Belarus,BLR,1980,37.8886413574219
Belarus,BLR,1976,36.5447311401367
Belarus,BLR,1971,38.1856689453125
Belgium,BEL,2023,82.1475601196289
Belgium,BEL,2022,83.5736465454102
Belgium,BEL,2021,82.6882019042969
Belgium,BEL,2020,79.4996032714844
Belgium,BEL,2019,79.3044815063477
Belgium,BEL,2018,79.1237487792969
Belgium,BEL,2017,80.7738189697266
Belgium,BEL,2016,77.2435073852539
Belgium,BEL,2015,76.423942565918
Belgium,BEL,2014,74.0397262573242
Belgium,BEL,2013,71.7841110229492
Belgium,BEL,2012,69.7490615844727
Belgium,BEL,2011,67.7034072875977
Belgium,BEL,2010,66.8578872680664
Belgium,BEL,2009,64.9798431396484
Belgium,BEL,2008,62.7642097473145
Belgium,BEL,2007,62.461841583252
Belgium,BEL,2006,63.3717384338379
Belgium,BEL,2005,62.8203315734863
Belgium,BEL,2004,62.0411491394043
Belgium,BEL,2003,59.6124610900879
Belgium,BEL,2002,58.1100807189941
Belgium,BEL,2001,56.7148895263672
Belize,BLZ,2024,24.8098643151325
Belize,BLZ,2023,22.3734089825019
Belize,BLZ,2022,23.9767727412258
Belize,BLZ,2021,23.6813942822198
Belize,BLZ,2020,25.9421694120047
Belize,BLZ,2019,25.138736158351
Belize,BLZ,2018,24.5883446033139
Belize,BLZ,2017,24.731690676743
Belize,BLZ,2016,24.4760136680388
Belize,BLZ,2015,23.4350622690571
Belize,BLZ,2014,24.0154633440872
Belize,BLZ,2013,24.0045345047471
Belize,BLZ,2012,24.0271611386785
Belize,BLZ,2011,21.5464009784327
Belize,BLZ,2010,21.5657311669129
Belize,BLZ,2009,22.0563106536865
Belize,BLZ,2008,18.78537940979
Belize,BLZ,2007,17.9253196716309
Belize,BLZ,2006,16.941520690918
Belize,BLZ,2005,16.1422500610352
Belize,BLZ,2004,15.6906204223633
Belize,BLZ,2003,16.2938194274902
Belize,BLZ,2002,17.0946197509766
Belize,BLZ,2001,15.1962203979492
Belize,BLZ,1975,0.97095000743866
Belize,BLZ,1974,0.914759993553162
Belize,BLZ,1972,0.868780016899109
Belize,BLZ,1971,1.07938003540039
Benin,BEN,2022,10.2350101470947
Benin,BEN,2021,9.82796955108643
Benin,BEN,2020,10.3808002471924
Benin,BEN,2019,10.3906803131103
Benin,BEN,2018,11.5739097595215
Benin,BEN,2017,11.337929725647
Benin,BEN,2016,11.9529895782471
Benin,BEN,2015,12.4851799011231
Benin,BEN,2014,14.6916198730469
Benin,BEN,2013,14.7752199172974
Benin,BEN,2012,12.8605403900147
Benin,BEN,2011,11.8088598251343
Benin,BEN,2010,12.6081895828247
Benin,BEN,2009,9.3462495803833
Benin,BEN,2008,7.34216022491455
Benin,BEN,2007,7.43086004257202
Benin,BEN,2006,6.20295000076294
Benin,BEN,2005,5.41120004653931
Benin,BEN,2004,5.47938013076782
Benin,BEN,2003,5.43203020095825
Benin,BEN,2002,4.92833995819092
Benin,BEN,2001,4.20038986206055
Benin,BEN,2000,3.49604988098144
Benin,BEN,1999,3.09658002853394
Benin,BEN,1997,2.43330001831055
Benin,BEN,1996,1.99114000797272
Benin,BEN,1995,1.97397005558014
Benin,BEN,1994,1.89841997623444
Benin,BEN,1993,1.94243001937866
Benin,BEN,1992,2.13378000259399
Benin,BEN,1991,2.25591993331909
Benin,BEN,1990,1.9679399728775
Benin,BEN,1989,2.15107011795044
Benin,BEN,1988,2.01651000976562
Benin,BEN,1987,2.07451009750366
Benin,BEN,1986,2.18576002120972
Benin,BEN,1985,1.81951999664307
Benin,BEN,1984,1.76051998138428
Benin,BEN,1983,1.70726001262665
Benin,BEN,1982,1.582200050354
Benin,BEN,1981,1.33398997783661
Benin,BEN,1980,0.974849998950958
Benin,BEN,1979,0.900799989700317
Benin,BEN,1978,1.02020001411438
Benin,BEN,1977,0.928269982337952
Benin,BEN,1976,0.702579975128174
Benin,BEN,1975,0.650449991226196
Benin,BEN,1974,0.673799991607666
Benin,BEN,1973,0.408630013465881
Benin,BEN,1972,0.222859993577004
Benin,BEN,1971,0.121500000357628
Bermuda,BMU,2023,17.3357105255127
Bermuda,BMU,2018,22.3407592773438
Bermuda,BMU,2017,21.8093700408936
Bermuda,BMU,2015,30.6167392730713
Bermuda,BMU,2014,33.3333282470703
Bermuda,BMU,2013,35.1997718811035
Bermuda,BMU,2012,36.9150810241699
Bermuda,BMU,2011,37.8277206420898
Bermuda,BMU,2010,36.5495414733887
Bermuda,BMU,2009,38.3707885742188
Bermuda,BMU,2008,29.9917602539062
Bermuda,BMU,2007,29.2320194244385
Bermuda,BMU,2006,32.5518684387207
Bermuda,BMU,1981,13.1459503173828
Bermuda,BMU,1980,12.1752195358276
Bermuda,BMU,1979,8.89025974273682
Bhutan,BTN,2024,13.011259392916
Bhutan,BTN,2023,15.0074996948242
Bhutan,BTN,2022,14.5780698560857
Bhutan,BTN,2021,14.7382447141292
Bhutan,BTN,2020,16.8650740250552
Bhutan,BTN,2019,15.9420291550317
Bhutan,BTN,2018,14.9303808051574
Bhutan,BTN,2017,14.8354989456323
Bhutan,BTN,2013,10.362939215902
Bhutan,BTN,2012,7.60806024678839
Bhutan,BTN,2011,7.70502526511554
Bhutan,BTN,2010,6.57718143152316
Bhutan,BTN,2009,6.29682016372681
Bhutan,BTN,2008,6.58204984664917
Bhutan,BTN,2007,5.54621982574463
Bhutan,BTN,2006,5.12222003936768
Bhutan,BTN,2005,4.87233018875122
Bhutan,BTN,1999,2.69045996665955
Bhutan,BTN,1983,0.696189999580383
Bhutan,BTN,1980,0.862020015716553
Bhutan,BTN,1979,0.729870021343231
Bhutan,BTN,1978,0.399619996547699
Bosnia and Herzegovina,BIH,2023,45.5027618408203
Bosnia and Herzegovina,BIH,2022,45.6063499450684
Bosnia and Herzegovina,BIH,2021,45.0589485168457
Bosnia and Herzegovina,BIH,2020,43.8039207458496
Bosnia and Herzegovina,BIH,2019,46.6677894592285
Bosnia and Herzegovina,BIH,2018,49.7987518310547
Bosnia and Herzegovina,BIH,2017,54.528678894043
Bosnia and Herzegovina,BIH,2016,56.9546089172363
Bosnia and Herzegovina,BIH,2015,55.5336608886719
Bosnia and Herzegovina,BIH,2014,54.1655807495117
Bosnia and Herzegovina,BIH,2013,51.3600883483887
Bosnia and Herzegovina,BIH,2012,44.7015495300293
Bosnia and Herzegovina,BIH,2011,41.9769592285156
Bosnia and Herzegovina,BIH,2010,38.5334587097168
Bosnia and Herzegovina,BIH,2009,36.9575691223145
Bosnia and Herzegovina,BIH,2008,34.473949432373
Bosnia and Herzegovina,BIH,2007,30.7171401977539
Bosnia and Herzegovina,BIH,2006,27.0378398895264
Bosnia and Herzegovina,BIH,2005,24.1594295501709
Bosnia and Herzegovina,BIH,2004,21.1273002624512
Bosnia and Herzegovina,BIH,2003,18.8590297698975
Bosnia and Herzegovina,BIH,2002,17.0357398986816
Bosnia and Herzegovina,BIH,2001,16.782470703125
Bosnia and Herzegovina,BIH,2000,15.3945398330688
Botswana,BWA,2024,21.4087908549348
Botswana,BWA,2023,20.5658232475186
Botswana,BWA,2022,20.7095613715302
Botswana,BWA,2021,21.2032904951187
Botswana,BWA,2020,22.4017870513653
Botswana,BWA,2019,21.4965480211896
Botswana,BWA,2017,21.4762885165012
Botswana,BWA,2016,22.6605855291776
Botswana,BWA,2015,26.8692925538756
Botswana,BWA,2014,24.8355648460166
Botswana,BWA,2013,26.3370990753174
Botswana,BWA,2012,21.6663608551025
Botswana,BWA,2011,17.5134506225586
Botswana,BWA,2010,19.5398902893066
Botswana,BWA,2009,21.9871006011963
Botswana,BWA,2008,14.2659397125244
Botswana,BWA,2007,10.2232799530029
Botswana,BWA,2006,10.0698099136353
Botswana,BWA,2005,9.23077964782715
Botswana,BWA,2004,9.56877994537354
Botswana,BWA,2003,9.07960033416748
Botswana,BWA,2002,7.80341005325317
Botswana,BWA,2001,7.48678016662598
Botswana,BWA,2000,6.98083019256592
Botswana,BWA,1999,6.25281000137329
Botswana,BWA,1998,5.96113014221191
Botswana,BWA,1996,5.66145992279053
Botswana,BWA,1995,5.28647994995117
Botswana,BWA,1994,5.62313985824585
Botswana,BWA,1993,5.16587018966675
Botswana,BWA,1991,4.35687017440796
Botswana,BWA,1987,2.52163004875183
Botswana,BWA,1986,2.26826000213623
Botswana,BWA,1985,1.90848004817963
Botswana,BWA,1984,1.71984994411469
Botswana,BWA,1983,1.50100004673004
Botswana,BWA,1982,1.4190399646759
Botswana,BWA,1981,1.27292001247406
Botswana,BWA,1980,1.18772995471954
Botswana,BWA,1979,0.998239994049072
Botswana,BWA,1978,0.951950013637543
Botswana,BWA,1977,0.829509973526001
Botswana,BWA,1976,0.752659976482391
Botswana,BWA,1975,0.71986997127533
Botswana,BWA,1974,0.475739985704422
Botswana,BWA,1973,0.432700008153915
Botswana,BWA,1972,0.37457001209259
Botswana,BWA,1971,0
Botswana,BWA,1970,0
Brazil,BRA,2024,69.7317733764648
Brazil,BRA,2022,61.0000915527344
Brazil,BRA,2021,57.6311988830566
Brazil,BRA,2020,55.529109954834
Brazil,BRA,2019,53.6215400695801
Brazil,BRA,2018,52.05712890625
Brazil,BRA,2017,50.7326316833496
Brazil,BRA,2016,48.9665794372559
Brazil,BRA,2015,49.0805015563965
Brazil,BRA,2014,47.8131904602051
Brazil,BRA,2013,44.9966697692871
Brazil,BRA,2012,43.8344116210938
British Virgin Islands,VGB,2024,29.5605306799337
British Virgin Islands,VGB,2023,26.6493055555556
British Virgin Islands,VGB,2022,29.0409725348942
British Virgin Islands,VGB,2021,30.3667262969589
British Virgin Islands,VGB,2020,30.475763016158
British Virgin Islands,VGB,2019,24.2532322781988
British Virgin Islands,VGB,2018,17.7551020408163
British Virgin Islands,VGB,2016,39.173320807891
British Virgin Islands,VGB,2015,40.3414634146341
British Virgin Islands,VGB,2009,70.4889373779297
British Virgin Islands,VGB,2004,65.4377899169922
British Virgin Islands,VGB,2002,47.8233413696289
British Virgin Islands,VGB,2001,43.8400993347168
British Virgin Islands,VGB,2000,49.8008003234863
British Virgin Islands,VGB,1999,57.7987785339355
Brunei Darussalam,BRN,2023,36.4182725443167
Brunei Darussalam,BRN,2022,31.1925368707703
Brunei Darussalam,BRN,2021,27.4258937503291
Brunei Darussalam,BRN,2020,27.4692556634304
Brunei Darussalam,BRN,2019,27.7715019255456
Brunei Darussalam,BRN,2018,27.9285989469629
Brunei Darussalam,BRN,2017,31.2433910195239
Brunei Darussalam,BRN,2016,28.6644096374512
Brunei Darussalam,BRN,2015,28.6641292572021
Brunei Darussalam,BRN,2014,30.0799102783203
Brunei Darussalam,BRN,2013,23.4649200439453
Brunei Darussalam,BRN,2012,22.0733509063721
Brunei Darussalam,BRN,2011,17.4244594573975
Brunei Darussalam,BRN,2010,15.3331604003906
Brunei Darussalam,BRN,2009,16.5658493041992
Brunei Darussalam,BRN,2008,15.7385101318359
Brunei Darussalam,BRN,2007,15.4847002029419
Brunei Darussalam,BRN,2006,15.2068796157837
Brunei Darussalam,BRN,2005,15.2498598098755
Brunei Darussalam,BRN,2004,15.1707801818848
Brunei Darussalam,BRN,2003,14.257490158081
Brunei Darussalam,BRN,2002,14.1154699325562
Brunei Darussalam,BRN,2001,14.6684103012085
Brunei Darussalam,BRN,2000,13.4959297180176
Brunei Darussalam,BRN,1999,13.0251398086548
Brunei Darussalam,BRN,1998,10.6331796646118
Brunei Darussalam,BRN,1994,6.15674018859863
Brunei Darussalam,BRN,1993,5.81064987182617
Brunei Darussalam,BRN,1992,5.49680995941162
Brunei Darussalam,BRN,1987,3.75074005126953
Brunei Darussalam,BRN,1986,2.42632007598877
Brunei Darussalam,BRN,1984,2.52369999885559
Brunei Darussalam,BRN,1983,0.926159977912903
Brunei Darussalam,BRN,1979,2.11526989936829
Brunei Darussalam,BRN,1977,1.76119995117188
Bulgaria,BGR,2024,69.5460433959961
Bulgaria,BGR,2023,79.8532333374023
Bulgaria,BGR,2022,84.1293563842773
Bulgaria,BGR,2021,85.3017501831055
Bulgaria,BGR,2020,85.5331115722656
Bulgaria,BGR,2019,84.7503128051758
Bulgaria,BGR,2018,83.134880065918
Bulgaria,BGR,2017,81.2245864868164
Bulgaria,BGR,2016,80.6399612426758
Bulgaria,BGR,2015,78.2999572753906
Bulgaria,BGR,2014,72.981559753418
Bulgaria,BGR,2013,68.2013397216797
Bulgaria,BGR,2012,62.1616516113281
Bulgaria,BGR,2011,59.8246803283691
Bulgaria,BGR,2010,58.354850769043
Bulgaria,BGR,2009,55.0083694458008
Bulgaria,BGR,2008,52.6504096984863
Bulgaria,BGR,2007,51.2403411865234
Bulgaria,BGR,2006,47.7948303222656
Bulgaria,BGR,2005,46.225269317627
Bulgaria,BGR,2004,43.6935691833496
Bulgaria,BGR,2003,42.8536109924316
Bulgaria,BGR,2002,41.4290084838867
Bulgaria,BGR,2001,41.0407791137695
Burkina Faso,BFA,2024,10.0419678526515
Burkina Faso,BFA,2023,10.1078755635882
Burkina Faso,BFA,2022,9.67069485831779
Burkina Faso,BFA,2021,9.30513098594236
Burkina Faso,BFA,2020,7.64277062242324
Burkina Faso,BFA,2019,6.90532594926159
Burkina Faso,BFA,2018,6.31826110291158
Burkina Faso,BFA,2017,5.8341880408112
Burkina Faso,BFA,2016,5.40541465878063
Burkina Faso,BFA,2015,4.90356866333498
Burkina Faso,BFA,2014,4.89539917725699
Burkina Faso,BFA,2013,4.57338342077701
Burkina Faso,BFA,2012,4.33792685706514
Burkina Faso,BFA,2011,3.91906920981907
Burkina Faso,BFA,2010,3.34944579587797
Burkina Faso,BFA,2009,3.26682996749878
Burkina Faso,BFA,2008,2.92968010902405
Burkina Faso,BFA,2007,2.40549993515015
Burkina Faso,BFA,2006,2.25787997245789
Burkina Faso,BFA,2005,2.14314007759094
Burkina Faso,BFA,2003,1.50508999824524
Burkina Faso,BFA,2002,1.34107005596161
Burkina Faso,BFA,2001,1.11434996128082
Burkina Faso,BFA,1999,0.983640015125275
Burkina Faso,BFA,1997,0.968949973583221
Burkina Faso,BFA,1996,1.05685997009277
Burkina Faso,BFA,1995,1.1000200510025
Burkina Faso,BFA,1994,1.05731999874115
Burkina Faso,BFA,1993,1.0837299823761
Burkina Faso,BFA,1992,0.928770005702972
Burkina Faso,BFA,1991,0.695360004901886
Burkina Faso,BFA,1990,0.744490027427673
Burkina Faso,BFA,1989,0.737389981746674
Burkina Faso,BFA,1988,0.659489989280701
Burkina Faso,BFA,1987,0.618170022964478
Burkina Faso,BFA,1986,0.591409981250763
Burkina Faso,BFA,1985,0.572809994220734
Burkina Faso,BFA,1984,0.523060023784637
Burkina Faso,BFA,1983,0.488929986953735
Burkina Faso,BFA,1982,0.419779986143112
Burkina Faso,BFA,1981,0.277289986610413
Burkina Faso,BFA,1980,0.213699996471405
Burkina Faso,BFA,1979,0.231639996170998
Burkina Faso,BFA,1978,0.2274100035429
Burkina Faso,BFA,1977,0.189649999141693
Burkina Faso,BFA,1976,0.211730003356934
Burkina Faso,BFA,1975,0.106890000402927
Burkina Faso,BFA,1974,0.0918599963188171
Burkina Faso,BFA,1973,0.0592299997806549
Burkina Faso,BFA,1972,0.0499299988150597
Burkina Faso,BFA,1971,0.0391299985349178
Burundi,BDI,2025,6.38454008102417
Burundi,BDI,2023,6.02545976638794
Burundi,BDI,2018,4.55281922933846
Burundi,BDI,2017,4.30528005798307
Burundi,BDI,2016,3.97908916361797
Burundi,BDI,2015,5.25856537918645
Burundi,BDI,2014,4.46892058042299
Burundi,BDI,2013,3.70341642841244
Burundi,BDI,2012,2.92052732762984
Burundi,BDI,2010,3.05528938002435
Burundi,BDI,2009,2.6779100894928
Burundi,BDI,2008,2.49793004989624
Burundi,BDI,2007,2.26625990867615
Burundi,BDI,2006,2.16554999351502
Burundi,BDI,2005,2.13503003120422
Burundi,BDI,2004,2.10109996795654
Burundi,BDI,2002,1.60111999511719
Burundi,BDI,2001,1.03059995174408
Burundi,BDI,2000,1.05474996566773
Burundi,BDI,1999,0.916909992694855
Burundi,BDI,1998,0.864509999752045
Burundi,BDI,1993,0.828920006752014
Burundi,BDI,1992,0.786339998245239
Burundi,BDI,1991,0.755699992179871
Burundi,BDI,1990,0.681379973888397
Burundi,BDI,1989,0.726930022239685
Burundi,BDI,1988,0.727800011634827
Burundi,BDI,1987,0.623340010643005
Burundi,BDI,1986,0.639429986476898
Burundi,BDI,1985,0.578610002994537
Burundi,BDI,1984,0.558409988880157
Burundi,BDI,1982,0.490969985723495
Burundi,BDI,1981,0.443080008029938
Burundi,BDI,1980,0.462680011987686
Burundi,BDI,1979,0.447210013866425
Burundi,BDI,1976,0.281199991703033
Burundi,BDI,1975,0.227899998426437
Burundi,BDI,1974,0.226860001683235
Burundi,BDI,1973,0.155389994382858
Burundi,BDI,1972,0.152759999036789
Burundi,BDI,1971,0.153439998626709
Cabo Verde,CPV,2018,24.2905954414767
Cabo Verde,CPV,2017,24.5594648459854
Cabo Verde,CPV,2016,23.6934975221505
Cabo Verde,CPV,2015,22.524027665499
Cabo Verde,CPV,2014,23.2703965538205
Cabo Verde,CPV,2013,22.2468122776255
Cabo Verde,CPV,2012,19.8951290654347
Cabo Verde,CPV,2011,19.8174684695304
Cabo Verde,CPV,2010,17.2396798150949
Cabo Verde,CPV,2009,14.5845203399658
Cabo Verde,CPV,2008,11.6451501846313
Cabo Verde,CPV,2007,9.42763996124268
Cabo Verde,CPV,2006,8.3322696685791
Cabo Verde,CPV,2005,7.33844995498657
Cabo Verde,CPV,2004,5.89057016372681
Cabo Verde,CPV,2003,4.45262002944946
Cabo Verde,CPV,2002,3.76713991165161
Cabo Verde,CPV,2001,1.54462003707886
Cabo Verde,CPV,2000,1.77746999263763
Cabo Verde,CPV,1999,1.54689002037048
Cambodia,KHM,2024,21.4437426836662
Cambodia,KHM,2023,17.4362364390629
Cambodia,KHM,2022,14.6069513022825
Cambodia,KHM,2021,13.5005634857238
Cambodia,KHM,2020,13.8767573747135
Cambodia,KHM,2019,12.9409846754696
Cambodia,KHM,2018,13.2671737077763
Cambodia,KHM,2017,12.5181529981862
Cambodia,KHM,2015,13.615484963166
Cambodia,KHM,2011,11.4902860215331
Cambodia,KHM,2010,12.1998596191406
Cambodia,KHM,2009,10.6747398376465
Cambodia,KHM,2008,8.92994976043701
Cambodia,KHM,2007,7.67417001724243
Cambodia,KHM,2006,6.20005989074707
Cambodia,KHM,2005,3.77035999298096
Cambodia,KHM,2004,3.07344007492065
Cambodia,KHM,2003,3.01460003852844
Cambodia,KHM,2002,2.33661007881165
Cambodia,KHM,2001,1.97913002967834
Cambodia,KHM,2000,1.86557996273041
Cambodia,KHM,1997,1.22730004787445
Cambodia,KHM,1996,1.79530000686646
Cambodia,KHM,1995,1.53399002552032
Cambodia,KHM,1994,1.51787996292114
Cambodia,KHM,1993,1.30534994602203
Cambodia,KHM,1992,1.07730996608734
Cambodia,KHM,1991,0.82029002904892
Cambodia,KHM,1990,0.685980021953583
Cambodia,KHM,1989,0.649360001087189
Cambodia,KHM,1986,0.30715999007225
Cambodia,KHM,1985,0.281379997730255
Cambodia,KHM,1984,0.200210005044937
Cambodia,KHM,1983,0.118060000240803
Cambodia,KHM,1982,0.0956400036811829
Cambodia,KHM,1981,0.0988700017333031
Cambodia,KHM,1980,0.115690000355244
Cambodia,KHM,1973,1.55952000617981
Cambodia,KHM,1972,1.66655004024506
Cambodia,KHM,1971,1.49796998500824
Cameroon,CMR,2024,16.6614294830602
Cameroon,CMR,2023,16.0404395184936
Cameroon,CMR,2022,16.4371527754335
Cameroon,CMR,2021,17.1581831920239
Cameroon,CMR,2020,15.5519566247682
Cameroon,CMR,2019,15.0528614131463
Cameroon,CMR,2018,14.5449548868213
Cameroon,CMR,2017,12.9818161813936
Cameroon,CMR,2016,12.7046554004596
Cameroon,CMR,2015,17.2970758627753
Cameroon,CMR,2014,16.7535896301269
Cameroon,CMR,2013,15.7712802886963
Cameroon,CMR,2012,13.5363302230835
Cameroon,CMR,2011,12.5102445161105
Cameroon,CMR,2010,11.5745716750246
Cameroon,CMR,2009,9.40400981903076
Cameroon,CMR,2008,8.20874977111816
Cameroon,CMR,2007,7.57396984100342
Cameroon,CMR,2006,7.07693004608154
Cameroon,CMR,2005,6.03904008865356
Cameroon,CMR,2004,5.22725009918213
Cameroon,CMR,2003,5.22031021118164
Cameroon,CMR,2002,5.15587997436523
Cameroon,CMR,2001,4.71602010726929
Cameroon,CMR,2000,4.69010019302368
Cameroon,CMR,1999,4.9432201385498
Cameroon,CMR,1991,3.23773002624512
Cameroon,CMR,1990,2.95227003097534
Cameroon,CMR,1989,2.60480999946594
Cameroon,CMR,1988,2.63007998466492
Cameroon,CMR,1987,2.46875
Cameroon,CMR,1985,2.19409990310669
Cameroon,CMR,1984,1.98712003231049
Cameroon,CMR,1983,1.75986003875732
Cameroon,CMR,1982,1.62293004989624
Cameroon,CMR,1981,1.57133996486664
Cameroon,CMR,1980,1.79464995861053
Cameroon,CMR,1979,1.60098004341126
Cameroon,CMR,1975,1.05918002128601
Cameroon,CMR,1974,0.938520014286041
Cameroon,CMR,1973,0.790019989013672
Cameroon,CMR,1972,0.628729999065399
Cameroon,CMR,1971,0.505140006542206
Canada,CAN,2023,76.2666931152344
Canada,CAN,2022,78.8488311767578
Canada,CAN,2021,79.7657318115234
Canada,CAN,2020,75.2389068603516
Canada,CAN,2019,73.1128768920898
Canada,CAN,2018,69.3507232666016
Canada,CAN,2017,70.2687072753906
Canada,CAN,2016,69.2459411621094
Canada,CAN,2015,67.2690963745117
Canada,CAN,2014,67.1677017211914
Canada,CAN,2013,65.7477188110352
Canada,CAN,2012,63.603271484375
Canada,CAN,2011,63.1586990356445
Canada,CAN,2010,61.8845901489258
Canada,CAN,2009,63.6236991882324
Canada,CAN,2008,64.3074111938477
Canada,CAN,2007,63.8298110961914
Canada,CAN,2002,58.4131507873535
Canada,CAN,2000,58.5191192626953
Cayman Islands,CYM,2008,33.0195503234863
Cayman Islands,CYM,2007,22.1045207977295
Cayman Islands,CYM,2006,19.4577903747559
Cayman Islands,CYM,2003,19.8089809417725
Cayman Islands,CYM,2002,19.2189903259277
Cayman Islands,CYM,2001,21.8025798797607
Cayman Islands,CYM,2000,21.135799407959
Cayman Islands,CYM,1999,15.839599609375
Central African Republic,CAF,2012,2.77519989013672
Central African Republic,CAF,2011,2.95497989654541
Central African Republic,CAF,2010,2.53881001472473
Central African Republic,CAF,2009,2.30814003944397
Central African Republic,CAF,2008,2.16495990753174
Central African Republic,CAF,2006,1.08675003051758
Central African Republic,CAF,2004,1.66786003112793
Central African Republic,CAF,2000,1.94369995594025
Central African Republic,CAF,1999,2.01588010787964
Central African Republic,CAF,1992,1.34974002838135
Central African Republic,CAF,1991,1.43098998069763
Central African Republic,CAF,1990,1.32114005088806
Central African Republic,CAF,1989,1.18874001502991
Central African Republic,CAF,1988,1.08144998550415
Central African Republic,CAF,1987,0.976400017738342
Central African Republic,CAF,1986,1.07129001617432
Central African Republic,CAF,1985,1.03316998481751
Central African Republic,CAF,1984,1.00155997276306
Central African Republic,CAF,1983,0.909179985523224
Central African Republic,CAF,1982,1.08675003051758
Central African Republic,CAF,1981,0.743570029735565
Central African Republic,CAF,1980,0.919879972934723
Central African Republic,CAF,1979,0.664059996604919
Central African Republic,CAF,1978,0.460180014371872
Central African Republic,CAF,1977,0.344830006361008
Central African Republic,CAF,1976,0.316859990358353
Central African Republic,CAF,1975,0.199780002236366
Central African Republic,CAF,1974,0.186069995164871
Central African Republic,CAF,1971,0.0844599977135658
Chad,TCD,2020,4.39665967267065
Chad,TCD,2015,3.22750677590433
Chad,TCD,2014,3.38820626861646
Chad,TCD,2011,2.21312898390939
Chad,TCD,2010,2.0962732183809
Chad,TCD,2009,2.01651000976562
Chad,TCD,2008,1.95048999786377
Chad,TCD,2005,1.4159699678421
Chad,TCD,2004,1.20975995063782
Chad,TCD,2003,0.942139983177185
Chad,TCD,2001,0.816110014915466
Chad,TCD,2000,0.79297000169754
Chad,TCD,1998,0.672879993915558
Chad,TCD,1997,0.543320000171661
Chad,TCD,1996,0.503790020942688
Chad,TCD,1989,0.574559986591339
Chad,TCD,1985,0.37253999710083
Chad,TCD,1977,0.202010005712509
Chad,TCD,1976,0.147579997777939
Chad,TCD,1975,0.114780001342297
Chad,TCD,1974,0.168760001659393
Chad,TCD,1973,0.0694900006055832
Chad,TCD,1972,0.0136900003999472
Chad,TCD,1971,0
Chile,CHL,2024,110.176902770996
Chile,CHL,2023,104.734062194824
Chile,CHL,2022,99.3372802734375
Chile,CHL,2021,96.2227935791016
Chile,CHL,2020,89.1124877929688
Chile,CHL,2019,92.0659713745117
Chile,CHL,2018,91.1974792480469
Chile,CHL,2017,89.921989440918
Chile,CHL,2016,88.8458862304688
Chile,CHL,2015,86.4181137084961
Chile,CHL,2014,83.6629791259766
Chile,CHL,2013,79.8703384399414
Chile,CHL,2012,75.0770721435547
Chile,CHL,2011,70.8241806030273
Chile,CHL,2010,66.3445205688477
Chile,CHL,2009,59.9912910461426
Chile,CHL,2008,56.7743988037109
Chile,CHL,2007,54.7230491638184
Chile,CHL,2006,49.3216896057129
Chile,CHL,2005,50.2735595703125
Chile,CHL,2004,44.3284606933594
Chile,CHL,2003,43.5181999206543
Chile,CHL,2002,40.2664985656738
Chile,CHL,2000,35.4313201904297
China,CHN,2024,76.8757843123403
China,CHN,2023,74.5933014618366
China,CHN,2022,71.5799465086024
China,CHN,2021,66.8186077597542
China,CHN,2020,61.6124675996947
China,CHN,2019,56.6050917923292
China,CHN,2018,53.3987984572814
China,CHN,2017,51.0678812273407
China,CHN,2016,49.309077375597
China,CHN,2015,47.1192619330726
China,CHN,2014,43.7110051016854
China,CHN,2013,32.7191603158803
China,CHN,2012,29.3081906903292
China,CHN,2011,26.7875039907406
China,CHN,2010,25.2883066277701
China,CHN,2009,23.2886295318604
China,CHN,2008,21.8667392730713
China,CHN,2007,21.4715595245361
China,CHN,2006,20.5667705535889
China,CHN,2005,18.6565208435059
China,CHN,2004,16.9004402160644
China,CHN,2003,14.513970375061
China,CHN,2002,11.8050804138184
China,CHN,2001,9.28069019317627
China,CHN,2000,7.57777976989746
China,CHN,1999,6.61046981811523
China,CHN,1998,6.25878000259399
China,CHN,1997,5.79580020904541
China,CHN,1996,5.27504014968872
China,CHN,1995,4.65805006027222
China,CHN,1994,3.77007007598877
China,CHN,1993,2.93351006507873
China,CHN,1992,2.81714010238648
China,CHN,1991,2.88314008712769
China,CHN,1990,3.00202989578247
China,CHN,1989,3.01722002029419
China,CHN,1988,3.09079003334045
China,CHN,1987,3.05593991279602
China,CHN,1986,2.78308010101318
China,CHN,1985,2.19702005386352
China,CHN,1984,1.91119003295898
China,CHN,1981,2.04293990135193
China,CHN,1980,1.28211998939514
China,CHN,1979,1.00964999198914
China,CHN,1978,0.692219972610474
China,CHN,1977,0.623939990997314
China,CHN,1976,0.552359998226166
China,CHN,1975,0.449310004711151
China,CHN,1974,0.325690001249313
China,CHN,1973,0.20354999601841
China,CHN,1970,0.127020001411438
Colombia,COL,2022,59.2901382446289
Colombia,COL,2021,58.3159217834473
Colombia,COL,2020,55.7331085205078
Colombia,COL,2019,56.6663017272949
Colombia,COL,2018,57.3205413818359
Colombia,COL,2017,58.3960418701172
Colombia,COL,2016,57.1437492370605
Colombia,COL,2015,54.7961311340332
Colombia,COL,2014,53.1794395446777
Colombia,COL,2013,50.7474899291992
Colombia,COL,2012,47.4669914245605
Colombia,COL,2011,45.2873306274414
Colombia,COL,2010,41.529670715332
Colombia,COL,2009,39.5088005065918
Colombia,COL,2008,37.9448013305664
Colombia,COL,2007,35.4785308837891
Colombia,COL,2006,34.3662109375
Colombia,COL,2005,32.253978729248
Colombia,COL,2004,29.5034599304199
Colombia,COL,2002,26.5130996704102
Colombia,COL,2001,26.3812599182129
Colombia,COL,2000,25.5096893310547
Comoros,COM,2017,18.8190281456697
Comoros,COM,2014,9.5927242808028
Comoros,COM,2013,9.13247966766357
Comoros,COM,2012,10.5360636883691
Comoros,COM,2011,9.48193229364778
Comoros,COM,2010,7.90405216581276
Comoros,COM,2009,6.19504022598267
Comoros,COM,2007,4.39438009262085
Comoros,COM,2003,3.42070007324219
Comoros,COM,2000,1.60367000102997
Comoros,COM,1999,1.51769995689392
Comoros,COM,1996,0.901440024375916
Comoros,COM,1993,0.578010022640228
Comoros,COM,1992,0.555559992790222
Comoros,COM,1990,0.617150008678436
"Congo, Dem. Rep.",COD,2020,6.37987995147705
"Congo, Dem. Rep.",COD,2016,5.9003701210022
"Congo, Dem. Rep.",COD,2013,6.37279987335205
"Congo, Dem. Rep.",COD,2012,7.63979005813599
"Congo, Dem. Rep.",COD,2011,7.55883979797363
"Congo, Dem. Rep.",COD,2009,6.261549949646
"Congo, Dem. Rep.",COD,2008,5.27932977676392
"Congo, Dem. Rep.",COD,2007,4.20303010940552
"Congo, Dem. Rep.",COD,2006,4.20873022079468
"Congo, Dem. Rep.",COD,1999,1.45257997512817
"Congo, Dem. Rep.",COD,1995,2.31089997291565
"Congo, Dem. Rep.",COD,1991,2.3406400680542
"Congo, Dem. Rep.",COD,1990,2.01207995414734
"Congo, Dem. Rep.",COD,1989,1.91014003753662
"Congo, Dem. Rep.",COD,1988,1.69459998607635
"Congo, Dem. Rep.",COD,1987,1.51699995994568
"Congo, Dem. Rep.",COD,1986,1.3996399641037
"Congo, Dem. Rep.",COD,1985,1.37082004547119
"Congo, Dem. Rep.",COD,1984,1.41752994060516
"Congo, Dem. Rep.",COD,1983,1.25703001022339
"Congo, Dem. Rep.",COD,1982,1.34798002243042
"Congo, Dem. Rep.",COD,1981,1.16972994804382
"Congo, Dem. Rep.",COD,1980,1.13153994083404
"Congo, Dem. Rep.",COD,1979,1.25701999664307
"Congo, Dem. Rep.",COD,1978,1.26279997825623
"Congo, Dem. Rep.",COD,1977,1.22378003597259
"Congo, Dem. Rep.",COD,1976,1.21746003627777
"Congo, Dem. Rep.",COD,1975,1.05741000175476
"Congo, Dem. Rep.",COD,1974,0.947889983654022
"Congo, Dem. Rep.",COD,1973,0.849960029125214
"Congo, Dem. Rep.",COD,1972,0.811240017414093
"Congo, Dem. Rep.",COD,1971,0.678390026092529
"Congo, Rep.",COG,2023,10.3812103271484
"Congo, Rep.",COG,2017,12.1461896896362
"Congo, Rep.",COG,2013,8.56632041931152
"Congo, Rep.",COG,2012,9.09545040130615
"Congo, Rep.",COG,2011,7.95887994766235
"Congo, Rep.",COG,2009,5.87968015670776
"Congo, Rep.",COG,2003,3.79619002342224
"Congo, Rep.",COG,2002,3.7616400718689
"Congo, Rep.",COG,2001,4.20174980163574
"Congo, Rep.",COG,2000,5.24350023269653
"Congo, Rep.",COG,1999,3.67139005661011
"Congo, Rep.",COG,1993,5.57453012466431
"Congo, Rep.",COG,1992,4.98357009887695
"Congo, Rep.",COG,1991,4.54329013824463
"Congo, Rep.",COG,1990,4.57369995117188
"Congo, Rep.",COG,1989,4.61790990829468
"Congo, Rep.",COG,1988,5.57554006576538
"Congo, Rep.",COG,1987,5.27370023727417
"Congo, Rep.",COG,1986,5.30333995819092
"Congo, Rep.",COG,1985,5.39250993728638
"Congo, Rep.",COG,1984,5.37423992156982
"Congo, Rep.",COG,1983,5.28028011322021
"Congo, Rep.",COG,1982,5.14447021484375
"Congo, Rep.",COG,1981,4.33963012695312
"Congo, Rep.",COG,1980,4.22950983047485
"Congo, Rep.",COG,1979,3.47443008422852
"Congo, Rep.",COG,1978,2.99479007720947
"Congo, Rep.",COG,1977,2.54931998252869
"Congo, Rep.",COG,1976,2.23813009262085
"Congo, Rep.",COG,1975,2.11066007614136
"Congo, Rep.",COG,1974,1.86175000667572
"Congo, Rep.",COG,1973,1.57868003845215
"Congo, Rep.",COG,1972,1.15778994560242
"Congo, Rep.",COG,1971,1.46164000034332
Costa Rica,CRI,2019,55.0202903747559
Costa Rica,CRI,2018,52.6140899658203
Costa Rica,CRI,2017,54.4492301940918
Costa Rica,CRI,2016,51.6516418457031
Costa Rica,CRI,2015,51.2845802307129
Costa Rica,CRI,2014,50.3342781066895
Costa Rica,CRI,2013,47.5057106018066
Costa Rica,CRI,2012,46.6885414123535
Costa Rica,CRI,2011,44.6711883544922
Costa Rica,CRI,2004,25.8056793212891
Cote d'Ivoire,CIV,2024,12.3354902267456
Cote d'Ivoire,CIV,2023,11.5724272130065
Cote d'Ivoire,CIV,2022,11.1134926507622
Cote d'Ivoire,CIV,2021,10.7725833415282
Cote d'Ivoire,CIV,2020,10.2664091345849
Cote d'Ivoire,CIV,2019,10.3256981639741
Cote d'Ivoire,CIV,2017,9.52488768872621
Cote d'Ivoire,CIV,2016,8.89557845705252
Cote d'Ivoire,CIV,2015,8.46433224598306
Cote d'Ivoire,CIV,2014,7.73897659286671
Cote d'Ivoire,CIV,2013,7.35426503598509
Cote d'Ivoire,CIV,2011,2.92101759305363
Cote d'Ivoire,CIV,2010,6.53099472386889
Cote d'Ivoire,CIV,2009,7.18858003616333
Cote d'Ivoire,CIV,2008,7.48366022109985
Cote d'Ivoire,CIV,2007,7.9370698928833
Cote d'Ivoire,CIV,1999,5.49134016036987
Cote d'Ivoire,CIV,1997,5.41806983947754
Cote d'Ivoire,CIV,1995,3.5975399017334
Cote d'Ivoire,CIV,1994,3.6460599899292
Cote d'Ivoire,CIV,1993,2.93564009666443
Cote d'Ivoire,CIV,1992,2.47028994560242
Cote d'Ivoire,CIV,1987,2.43722009658814
Cote d'Ivoire,CIV,1985,2.22501993179321
Cote d'Ivoire,CIV,1984,2.24981999397278
Cote d'Ivoire,CIV,1982,2.50741004943848
Cote d'Ivoire,CIV,1981,2.79007005691528
Cote d'Ivoire,CIV,1980,2.17178010940552
Cote d'Ivoire,CIV,1979,1.98238003253937
Cote d'Ivoire,CIV,1978,1.69719994068146
Cote d'Ivoire,CIV,1977,1.5035799741745
Cote d'Ivoire,CIV,1976,1.27639997005463
Cote d'Ivoire,CIV,1974,1.20425999164581
Cote d'Ivoire,CIV,1973,1.17733001708984
Cote d'Ivoire,CIV,1972,1.01679003238678
Cote d'Ivoire,CIV,1971,1.01452004909515
Croatia,HRV,2023,81.1775207519531
Croatia,HRV,2022,80.7626724243164
Croatia,HRV,2021,78.0067901611328
Croatia,HRV,2020,74.738037109375
Croatia,HRV,2019,74.0501174926758
Croatia,HRV,2018,72.8625411987305
Croatia,HRV,2017,71.3775863647461
Croatia,HRV,2016,69.5889511108398
Croatia,HRV,2015,68.4413986206055
Croatia,HRV,2014,68.6392517089844
Croatia,HRV,2013,66.7111129760742
Croatia,HRV,2012,62.0256614685059
Croatia,HRV,2011,59.3388595581055
Croatia,HRV,2010,57.0685997009277
Croatia,HRV,2009,51.9583015441895
Croatia,HRV,2008,52.3514518737793
Croatia,HRV,2007,50.530590057373
Croatia,HRV,2006,48.5975112915039
Croatia,HRV,2005,47.2947196960449
Croatia,HRV,2004,44.0762214660645
Croatia,HRV,2003,42.3809814453125
Croatia,HRV,2002,39.1618309020996
Croatia,HRV,2001,36.3740501403809
Cuba,CUB,2024,43.1040700506779
Cuba,CUB,2023,49.7285704304293
Cuba,CUB,2021,51.8885571735926
Cuba,CUB,2020,46.7357262964117
Cuba,CUB,2019,44.7791807576091
Cuba,CUB,2018,42.3506387045364
Cuba,CUB,2017,41.1702416547293
Cuba,CUB,2016,35.0523986816406
Cuba,CUB,2015,36.7510276842099
Cuba,CUB,2014,40.8057214253261
Cuba,CUB,2013,47.9938388668246
Cuba,CUB,2012,61.3519866952141
Cuba,CUB,2011,78.4791611574931
Cuba,CUB,2010,93.544739814446
Cuba,CUB,2009,113.827087402344
Cuba,CUB,2008,117.163070678711
Cuba,CUB,2007,105.017448425293
Cuba,CUB,2006,84.7447280883789
Cuba,CUB,2005,60.115119934082
Cuba,CUB,2004,52.4411582946777
Cuba,CUB,2003,32.568790435791
Cuba,CUB,2002,27.423469543457
Cuba,CUB,2001,26.0719394683838
Cuba,CUB,2000,22.9956703186035
Cuba,CUB,1999,21.1540107727051
Cuba,CUB,1998,13.477499961853
Cuba,CUB,1997,13.2927103042603
Cuba,CUB,1996,13.4059000015259
Cuba,CUB,1995,14.2621002197266
Cuba,CUB,1994,16.7040901184082
Cuba,CUB,1993,17.9483890533447
Cuba,CUB,1992,19.6879501342773
Cuba,CUB,1991,20.8748302459717
Cuba,CUB,1990,20.6704692840576
Cuba,CUB,1989,21.2313804626465
Cuba,CUB,1988,22.0718593597412
Cuba,CUB,1987,21.5216102600098
Cuba,CUB,1986,19.7975006103516
Cuba,CUB,1985,18.1460704803467
Cuba,CUB,1984,17.0571098327637
Cuba,CUB,1983,16.1226997375488
Cuba,CUB,1982,16.4109592437744
Cuba,CUB,1981,16.1749000549316
Cuba,CUB,1980,16.5827198028564
Cuba,CUB,1979,15.8081398010254
Cuba,CUB,1978,14.9866399765015
Cuba,CUB,1977,13.5462503433228
Cuba,CUB,1976,10.5223798751831
Cuba,CUB,1975,8.71578979492188
Cuba,CUB,1974,7.15510988235474
Cuba,CUB,1973,6.36695003509521
Cuba,CUB,1972,4.91187000274658
Cuba,CUB,1971,3.58806991577148
Curacao,CUW,2013,23.0842005676443
Cyprus,CYP,2024,120.87727355957
Cyprus,CYP,2023,107.26212310791
Cyprus,CYP,2022,105.384979248047
Cyprus,CYP,2021,106.362930297852
Cyprus,CYP,2020,102.390762329102
Cyprus,CYP,2019,93.9260711669922
Cyprus,CYP,2018,86.5899276733398
Cyprus,CYP,2017,79.827522277832
Cyprus,CYP,2016,68.3754730224609
Cyprus,CYP,2015,59.8640594482422
Cyprus,CYP,2014,52.1083793640137
Cyprus,CYP,2013,47.470890045166
Cyprus,CYP,2012,45.8635902404785
Cyprus,CYP,2011,46.5397300720215
Cyprus,CYP,2010,48.311580657959
Cyprus,CYP,2009,47.6964492797852
Cyprus,CYP,2008,40.8491706848145
Cyprus,CYP,2007,36.2316017150879
Cyprus,CYP,2006,34.3019485473633
Cyprus,CYP,2005,34.102180480957
Cyprus,CYP,2004,36.0204582214355
Cyprus,CYP,2003,31.9552307128906
Cyprus,CYP,2002,25.1022891998291
Cyprus,CYP,2001,21.6125202178955
Czechia,CZE,2023,66.7282867431641
Czechia,CZE,2022,70.8145904541016
Czechia,CZE,2021,69.8369293212891
Czechia,CZE,2020,67.1843719482422
Czechia,CZE,2019,66.8802185058594
Czechia,CZE,2018,66.7902221679688
Czechia,CZE,2017,67.7142181396484
Czechia,CZE,2016,67.5056381225586
Czechia,CZE,2015,67.2303619384766
Czechia,CZE,2014,67.3959732055664
Czechia,CZE,2013,66.3243179321289
Czechia,CZE,2012,66.9287719726562
Czechia,CZE,2011,66.7968215942383
Czechia,CZE,2010,64.9327697753906
Czechia,CZE,2009,61.4115715026855
Czechia,CZE,2008,57.9171714782715
Czechia,CZE,2007,54.1809005737305
Czechia,CZE,2006,49.8811302185059
Czechia,CZE,2005,49.1181411743164
Czechia,CZE,2004,45.4242782592773
Czechia,CZE,2003,39.2078895568848
Czechia,CZE,2002,36.8876609802246
Czechia,CZE,2001,32.0267791748047
Denmark,DNK,2024,78.9604110717773
Denmark,DNK,2023,81.2308197021484
Denmark,DNK,2022,84.5866088867188
Denmark,DNK,2021,83.982292175293
Denmark,DNK,2020,82.6643295288086
Denmark,DNK,2019,81.6945877075195
Denmark,DNK,2018,81.1405487060547
Denmark,DNK,2017,81.3220062255859
Denmark,DNK,2016,82.1714935302734
Denmark,DNK,2015,83.300407409668
Denmark,DNK,2014,81.3143615722656
Denmark,DNK,2013,80.4186782836914
Denmark,DNK,2012,77.7465515136719
Denmark,DNK,2011,75.9300231933594
Denmark,DNK,2010,72.4951477050781
Denmark,DNK,2009,73.1106262207031
Denmark,DNK,2008,74.8606262207031
Denmark,DNK,2007,78.243293762207
Denmark,DNK,2006,78.5057678222656
Denmark,DNK,2005,80.8124618530273
Denmark,DNK,2004,74.9665069580078
Denmark,DNK,2003,68.1712493896484
Denmark,DNK,2002,64.2234725952148
Denmark,DNK,2001,61.3673095703125
Djibouti,DJI,2011,5.16012001037598
Djibouti,DJI,2010,3.61855006217956
Djibouti,DJI,2009,3.63386988639831
Djibouti,DJI,2008,2.89696002006531
Djibouti,DJI,2007,2.70820999145508
Djibouti,DJI,2006,2.43639993667602
Djibouti,DJI,2005,2.15187001228333
Djibouti,DJI,2004,1.43494999408722
Djibouti,DJI,2003,1.14007997512817
Djibouti,DJI,2002,0.934469997882843
Djibouti,DJI,2001,0.654820024967194
Djibouti,DJI,2000,0.257360011339188
Djibouti,DJI,1999,0.244910001754761
Djibouti,DJI,1997,0.251010000705719
Djibouti,DJI,1996,0.209659993648529
Djibouti,DJI,1994,0.124420002102852
Djibouti,DJI,1993,0.105959996581078
Djibouti,DJI,1992,0.0858300030231476
Djibouti,DJI,1991,0
Djibouti,DJI,1986,0
Djibouti,DJI,1981,0
Djibouti,DJI,1976,0
Dominica,DMA,1993,6.9480299949646
Dominica,DMA,1992,8.95604038238525
Dominica,DMA,1991,5.67882013320923
Dominica,DMA,1989,0.850109994411469
Dominica,DMA,1985,0.691640019416809
Dominica,DMA,1984,0.669130027294159
Dominica,DMA,1981,0.747860014438629
Dominican Republic,DOM,2024,57.6509476207267
Dominican Republic,DOM,2023,58.2428049803824
Dominican Republic,DOM,2022,55.1665311527454
Dominican Republic,DOM,2021,56.4690832383051
Dominican Republic,DOM,2020,58.7264105314523
Dominican Republic,DOM,2017,59.9155940980465
Dominican Republic,DOM,2016,54.498998211862
Dominican Republic,DOM,2015,51.7471143700009
Dominican Republic,DOM,2014,49.3192689674723
Dominican Republic,DOM,2012,48.6290038507636
Dominican Republic,DOM,2003,33.6751098632812
Dominican Republic,DOM,1997,21.4665298461914
Dominican Republic,DOM,1986,17.9057102203369
Dominican Republic,DOM,1975,8.30642986297607
Dominican Republic,DOM,1973,7.67027997970581
Dominican Republic,DOM,1972,7.07578992843628
Dominican Republic,DOM,1971,5.76929998397827
Ecuador,ECU,2023,67.8851161961618
Ecuador,ECU,2022,59.879782344866
Ecuador,ECU,2020,56.9066311483682
Ecuador,ECU,2019,47.2627814012203
Ecuador,ECU,2018,47.3311832253279
Ecuador,ECU,2015,44.5371492743653
Ecuador,ECU,2013,39.7734405802353
Ecuador,ECU,2012,39.2524690384971
Ecuador,ECU,2008,38.1871795654297
"Egypt, Arab Rep.",EGY,2025,38.0398346509947
"Egypt, Arab Rep.",EGY,2024,37.5781274463676
"Egypt, Arab Rep.",EGY,2023,37.9005584716797
"Egypt, Arab Rep.",EGY,2022,36.462230682373
"Egypt, Arab Rep.",EGY,2021,35.1185317783157
"Egypt, Arab Rep.",EGY,2020,38.773998260498
"Egypt, Arab Rep.",EGY,2019,33.622825887244
"Egypt, Arab Rep.",EGY,2018,36.1230010986328
"Egypt, Arab Rep.",EGY,2017,33.1018892935221
"Egypt, Arab Rep.",EGY,2016,31.8731307983398
"Egypt, Arab Rep.",EGY,2015,32.8848991394043
"Egypt, Arab Rep.",EGY,2014,29.1134325604942
"Egypt, Arab Rep.",EGY,2013,28.3479816954113
"Egypt, Arab Rep.",EGY,2012,26.2271566255146
"Egypt, Arab Rep.",EGY,2011,25.5901820932158
"Egypt, Arab Rep.",EGY,2010,30.0727383660214
"Egypt, Arab Rep.",EGY,2009,29.2693099975586
"Egypt, Arab Rep.",EGY,2008,28.6861095428467
"Egypt, Arab Rep.",EGY,2007,28.8399200439453
"Egypt, Arab Rep.",EGY,2006,28.3695907592773
"Egypt, Arab Rep.",EGY,2005,28.4127006530762
"Egypt, Arab Rep.",EGY,2004,27.2862091064453
"Egypt, Arab Rep.",EGY,2003,26.0245094299316
"Egypt, Arab Rep.",EGY,2002,28.9182395935059
"Egypt, Arab Rep.",EGY,2001,27.8922500610352
"Egypt, Arab Rep.",EGY,1999,28.6016693115234
"Egypt, Arab Rep.",EGY,1991,11.1729497909546
"Egypt, Arab Rep.",EGY,1990,13.5156497955322
"Egypt, Arab Rep.",EGY,1989,14.7737302780151
"Egypt, Arab Rep.",EGY,1988,17.4128704071045
"Egypt, Arab Rep.",EGY,1987,17.8846893310547
"Egypt, Arab Rep.",EGY,1986,17.7684803009033
"Egypt, Arab Rep.",EGY,1985,17.8572292327881
"Egypt, Arab Rep.",EGY,1984,19.0925998687744
"Egypt, Arab Rep.",EGY,1983,18.5469703674316
"Egypt, Arab Rep.",EGY,1982,17.9349994659424
"Egypt, Arab Rep.",EGY,1981,16.9282302856445
"Egypt, Arab Rep.",EGY,1980,15.9957704544067
"Egypt, Arab Rep.",EGY,1979,15.5342702865601
"Egypt, Arab Rep.",EGY,1978,15.3559503555298
"Egypt, Arab Rep.",EGY,1977,14.6191701889038
"Egypt, Arab Rep.",EGY,1976,12.6753101348877
"Egypt, Arab Rep.",EGY,1975,11.0719499588013
"Egypt, Arab Rep.",EGY,1974,9.82719039916992
"Egypt, Arab Rep.",EGY,1973,8.84185981750488
"Egypt, Arab Rep.",EGY,1972,7.86926984786987
"Egypt, Arab Rep.",EGY,1971,7.20742988586426
El Salvador,SLV,2024,32.8347079463918
El Salvador,SLV,2023,32.3802636612661
El Salvador,SLV,2022,31.4538910186841
El Salvador,SLV,2021,30.3043325211094
El Salvador,SLV,2020,30.9986370324013
El Salvador,SLV,2019,28.5178063545936
El Salvador,SLV,2018,28.194336537252
El Salvador,SLV,2017,27.6409104549006
El Salvador,SLV,2016,27.1794802471695
El Salvador,SLV,2015,27.3929262374809
El Salvador,SLV,2014,27.5441027812368
El Salvador,SLV,2013,28.2731299038736
El Salvador,SLV,2012,28.0979076272602
El Salvador,SLV,2011,27.32486420544
El Salvador,SLV,2010,26.3151708858206
El Salvador,SLV,2009,25.9216804504394
El Salvador,SLV,2008,25.5441799163818
El Salvador,SLV,2007,24.743709564209
El Salvador,SLV,2006,23.2541999816894
El Salvador,SLV,2005,22.4542694091797
El Salvador,SLV,2004,21.6425590515137
El Salvador,SLV,2003,20.5764999389648
El Salvador,SLV,2002,19.7187805175781
El Salvador,SLV,2001,18.9663391113281
El Salvador,SLV,2000,19.7553405761719
El Salvador,SLV,1999,20.4824199676514
El Salvador,SLV,1998,20.4799194335938
El Salvador,SLV,1996,19.8966503143311
El Salvador,SLV,1995,20.6800804138184
El Salvador,SLV,1994,19.5335502624512
El Salvador,SLV,1993,17.6409893035889
El Salvador,SLV,1991,16.1209907531738
El Salvador,SLV,1990,14.6922903060913
El Salvador,SLV,1989,15.1189403533935
El Salvador,SLV,1988,14.5330400466919
El Salvador,SLV,1986,14.4281396865845
El Salvador,SLV,1985,14.121660232544
El Salvador,SLV,1984,13.0854597091675
El Salvador,SLV,1983,12.2347803115845
El Salvador,SLV,1982,10.3386001586914
El Salvador,SLV,1978,7.84211015701294
El Salvador,SLV,1977,7.7992901802063
El Salvador,SLV,1975,7.64946985244751
El Salvador,SLV,1974,7.25927019119263
El Salvador,SLV,1973,5.76090002059937
El Salvador,SLV,1971,3.82533001899719
El Salvador,SLV,1970,2.92132997512817
Equatorial Guinea,GNQ,2000,1.84452998638153
Equatorial Guinea,GNQ,1991,1.39267003536224
Equatorial Guinea,GNQ,1982,4.13537979125977
Eritrea,ERI,2016,3.20262002944946
Eritrea,ERI,2015,3.51574993133545
Eritrea,ERI,2014,4.12871980667114
Eritrea,ERI,2010,4.35516023635864
Eritrea,ERI,2009,3.67761993408203
Eritrea,ERI,2004,1.97107994556427
Eritrea,ERI,2002,2.54442000389099
Eritrea,ERI,2001,2.69304990768433
Eritrea,ERI,2000,2.00988006591797
Eritrea,ERI,1999,1.95580005645752
Eritrea,ERI,1998,1.49975001811981
Eritrea,ERI,1996,1.42960000038147
Eritrea,ERI,1995,1.73020994663239
Estonia,EST,2024,65.6692276000977
Estonia,EST,2023,67.6179275512695
Estonia,EST,2022,71.4251937866211
Estonia,EST,2021,73.1502075195312
Estonia,EST,2020,72.0443572998047
Estonia,EST,2019,72.7060317993164
Estonia,EST,2018,72.0659637451172
Estonia,EST,2017,72.1369781494141
Estonia,EST,2016,73.0334320068359
Estonia,EST,2015,74.5832824707031
Estonia,EST,2014,76.2024536132812
Estonia,EST,2013,75.4523162841797
Estonia,EST,2012,72.9364700317383
Estonia,EST,2011,71.0235290527344
Estonia,EST,2010,68.7101593017578
Estonia,EST,2009,67.8494186401367
Estonia,EST,2008,67.8356094360352
Estonia,EST,2007,68.8220596313477
Estonia,EST,2006,68.7950820922852
Estonia,EST,2005,67.9843521118164
Estonia,EST,2004,65.7773971557617
Estonia,EST,2003,64.2222671508789
Estonia,EST,2002,61.7471008300781
Estonia,EST,2001,58.7174797058105
Eswatini,SWZ,2013,6.43545771863543
Eswatini,SWZ,2011,7.02840092827937
Eswatini,SWZ,2006,4.6042799949646
Eswatini,SWZ,2005,4.7824501991272
Eswatini,SWZ,2004,5.39188003540039
Eswatini,SWZ,2002,4.41731977462769
Eswatini,SWZ,2000,4.26582002639771
Eswatini,SWZ,1999,4.54553985595703
Eswatini,SWZ,1996,5.9414701461792
Eswatini,SWZ,1993,4.43348979949951
Eswatini,SWZ,1992,3.34717011451721
Eswatini,SWZ,1991,3.75163006782532
Eswatini,SWZ,1990,3.92527008056641
Eswatini,SWZ,1988,4.42677021026611
Eswatini,SWZ,1987,3.68916988372803
Eswatini,SWZ,1986,3.92165994644165
Eswatini,SWZ,1985,4.3749098777771
Eswatini,SWZ,1984,4.76379013061523
Eswatini,SWZ,1981,3.10336995124817
Eswatini,SWZ,1980,3.54235005378723
Eswatini,SWZ,1979,2.72586989402771
Eswatini,SWZ,1977,2.65423011779785
Eswatini,SWZ,1976,2.1317400932312
Eswatini,SWZ,1975,2.134929895401
Eswatini,SWZ,1974,1.2447999715805
Eswatini,SWZ,1973,0.638960003852844
Eswatini,SWZ,1972,0.62347000837326
Eswatini,SWZ,1971,0.597909986972809
Eswatini,SWZ,1970,0.481209993362427
Ethiopia,ETH,2014,5.9192507771213
Ethiopia,ETH,2012,7.62416982650757
Ethiopia,ETH,2011,7.27566003799438
Ethiopia,ETH,2010,6.96482992172241
Ethiopia,ETH,2009,5.09216022491455
Ethiopia,ETH,2008,3.53211998939514
Ethiopia,ETH,2005,2.94167995452881
Ethiopia,ETH,2004,2.72982001304627
Ethiopia,ETH,2003,2.40167999267578
Ethiopia,ETH,2002,1.68374001979828
Ethiopia,ETH,2001,1.47605001926422
Ethiopia,ETH,2000,1.17114996910095
Ethiopia,ETH,1999,0.931810021400452
Ethiopia,ETH,1998,0.837999999523163
Ethiopia,ETH,1997,0.80171000957489
Ethiopia,ETH,1996,0.686529994010925
Ethiopia,ETH,1995,0.660380005836487
Ethiopia,ETH,1994,0.60223001241684
Ethiopia,ETH,1991,0.776000022888184
Ethiopia,ETH,1990,0.787320017814636
Ethiopia,ETH,1989,0.758679986000061
Ethiopia,ETH,1988,0.740779995918274
Ethiopia,ETH,1987,0.79569000005722
Ethiopia,ETH,1986,0.74848997592926
Ethiopia,ETH,1984,0.474720001220703
Ethiopia,ETH,1983,0.495950013399124
Ethiopia,ETH,1982,0.482630014419556
Ethiopia,ETH,1981,0.493790000677109
Ethiopia,ETH,1980,0.524529993534088
Ethiopia,ETH,1979,0.479209989309311
Ethiopia,ETH,1978,0.400790005922318
Ethiopia,ETH,1977,0.261779993772507
Ethiopia,ETH,1974,0.260230004787445
Ethiopia,ETH,1973,0.159950003027916
Ethiopia,ETH,1972,0.203150004148483
Ethiopia,ETH,1971,0.18452000617981
Fiji,FJI,2024,75.0089752283697
Fiji,FJI,2023,60.9679066767014
Fiji,FJI,2022,68.7794855157684
Fiji,FJI,2021,76.7030156165859
Fiji,FJI,2020,83.7613654490349
Fiji,FJI,2019,77.5562006170027
Fiji,FJI,2018,79.1464225438552
Fiji,FJI,2017,82.343551650893
Fiji,FJI,2016,77.5601234063116
Fiji,FJI,2015,68.4167953525995
Fiji,FJI,2014,69.4327641990718
Fiji,FJI,2005,14.4559001922607
Fiji,FJI,2004,14.5726699829102
Fiji,FJI,2003,14.7718696594238
Fiji,FJI,1991,10.7947301864624
Fiji,FJI,1989,4.64109992980957
Fiji,FJI,1986,2.83617997169495
Fiji,FJI,1985,2.97018003463745
Fiji,FJI,1984,2.50851011276245
Fiji,FJI,1982,2.71577000617981
Fiji,FJI,1981,2.46146011352539
Fiji,FJI,1980,2.38316988945007
Fiji,FJI,1975,2.81668996810913
Fiji,FJI,1974,2.12105989456177
Fiji,FJI,1973,1.60628998279572
Fiji,FJI,1972,1.29038000106812
Fiji,FJI,1971,1.04355001449585
Fiji,FJI,1970,0.697130024433136
Finland,FIN,2024,110.304496765137
Finland,FIN,2023,108.130409240723
Finland,FIN,2022,104.944221496582
Finland,FIN,2021,100.868072509766
Finland,FIN,2020,96.4726333618164
Finland,FIN,2019,94.5891189575195
Finland,FIN,2018,92.3850021362305
Finland,FIN,2017,90.6983871459961
Finland,FIN,2016,89.3280029296875
Finland,FIN,2015,89.6573791503906
Finland,FIN,2014,89.9938812255859
Finland,FIN,2013,91.2365264892578
Finland,FIN,2012,91.5533828735352
Finland,FIN,2011,93.2884292602539
Finland,FIN,2010,93.1867599487305
Finland,FIN,2009,92.0154724121094
Finland,FIN,2008,95.8668518066406
Finland,FIN,2007,95.0834808349609
Finland,FIN,2006,93.4309921264648
Finland,FIN,2005,91.9409408569336
Finland,FIN,2004,90.1379318237305
Finland,FIN,2003,88.286979675293
Finland,FIN,2002,86.788932800293
Finland,FIN,2001,85.9510498046875
France,FRA,2024,71.5346908569336
France,FRA,2023,70.4536437988281
France,FRA,2022,71.5107269287109
France,FRA,2021,69.9397888183594
France,FRA,2020,68.8709411621094
France,FRA,2019,67.7331314086914
France,FRA,2018,67.5435180664062
France,FRA,2017,65.8022308349609
France,FRA,2016,64.7276763916016
France,FRA,2015,62.7859306335449
France,FRA,2014,61.5104789733887
France,FRA,2013,59.8487586975098
France,FRA,2012,57.9090118408203
France,FRA,2011,55.6257286071777
France,FRA,2010,54.881721496582
France,FRA,2009,52.7731018066406
France,FRA,2008,52.4755210876465
France,FRA,2007,52.9475402832031
France,FRA,2006,53.8754196166992
France,FRA,2005,53.8823318481445
France,FRA,2004,53.4576301574707
France,FRA,2003,52.3169784545898
France,FRA,2002,50.2516899108887
France,FRA,2001,50.4472885131836
French Polynesia,PYF,1992,1.45677995681763
Gabon,GAB,2003,7.65526008605957
Gabon,GAB,2001,7.45746994018555
Gabon,GAB,1999,6.65822982788086
Gabon,GAB,1990,5.09427976608276
Gabon,GAB,1989,5.1715898513794
Gabon,GAB,1988,5.40330982208252
Gabon,GAB,1987,5.63495016098022
Gabon,GAB,1984,4.89379978179932
Gabon,GAB,1983,4.68355989456177
Gabon,GAB,1980,2.87462997436523
Gabon,GAB,1979,2.27062010765076
Gabon,GAB,1978,2.35891008377075
Gabon,GAB,1977,2.35043001174927
Gabon,GAB,1976,1.96203994750977
Gabon,GAB,1975,1.95166003704071
Gabon,GAB,1974,1.33373999595642
Gabon,GAB,1973,0.740000009536743
Gabon,GAB,1972,0.65557998418808
Gabon,GAB,1971,0.376810014247894
"Gambia, The",GMB,2024,13.4765901565552
"Gambia, The",GMB,2012,1.18089454395552
"Gambia, The",GMB,2011,2.79681586845883
"Gambia, The",GMB,2010,1.79782111896994
"Gambia, The",GMB,2004,1.07393002510071
"Gambia, The",GMB,1999,1.00466001033783
"Gambia, The",GMB,1995,1.44263994693756
Georgia,GEO,2025,89.4861221313477
Georgia,GEO,2023,78.2652247393707
Georgia,GEO,2022,79.3253367493498
Georgia,GEO,2021,77.2303110681266
Georgia,GEO,2020,71.8064531290391
Georgia,GEO,2019,69.6463934713126
Georgia,GEO,2018,66.747813990461
Georgia,GEO,2017,63.535040959252
Georgia,GEO,2016,58.1988080034057
Georgia,GEO,2015,51.9050659422441
Georgia,GEO,2014,46.3290537874173
Georgia,GEO,2013,40.5870663959566
Georgia,GEO,2012,33.6164699594408
Georgia,GEO,2011,35.9205541584628
Georgia,GEO,2010,32.7360912804725
Georgia,GEO,2009,28.6668605804443
Georgia,GEO,2008,38.640739440918
Georgia,GEO,2007,41.5539588928223
Georgia,GEO,2006,42.33203125
Georgia,GEO,2005,49.7896995544434
Georgia,GEO,2004,44.4988403320312
Georgia,GEO,2003,45.2726097106934
Georgia,GEO,2002,44.0944595336914
Georgia,GEO,2001,41.7714691162109
Georgia,GEO,2000,40.6597099304199
Georgia,GEO,1999,38.4826202392578
Georgia,GEO,1997,47.1814498901367
Georgia,GEO,1996,43.8229789733887
Georgia,GEO,1995,46.4012413024902
Georgia,GEO,1991,37.0881996154785
Georgia,GEO,1981,28.7082500457764
Germany,DEU,2024,76.7096862792969
Germany,DEU,2023,78.5947494506836
Germany,DEU,2022,77.3656997680664
Germany,DEU,2021,75.6655426025391
Germany,DEU,2020,72.3894195556641
Germany,DEU,2019,72.705078125
Germany,DEU,2018,69.1634292602539
Germany,DEU,2017,68.4692306518555
Germany,DEU,2016,67.9464111328125
Germany,DEU,2015,68.23291015625
Germany,DEU,2014,65.1844787597656
Germany,DEU,2013,60.8984489440918
Ghana,GHA,2024,21.330810546875
Ghana,GHA,2023,22.0958254757285
Ghana,GHA,2022,20.44559258931
Ghana,GHA,2021,19.2005186528071
Ghana,GHA,2020,18.6139938594155
Ghana,GHA,2019,17.3607250095097
Ghana,GHA,2018,15.9045597520982
Ghana,GHA,2017,16.2065694246062
Ghana,GHA,2016,15.606270735823
Ghana,GHA,2015,15.5618871637579
Ghana,GHA,2014,15.0809451652103
Ghana,GHA,2013,13.4205396326832
Ghana,GHA,2012,11.4938894891938
Ghana,GHA,2011,11.2824466895305
Ghana,GHA,2009,8.29780006408691
Ghana,GHA,2008,7.91365003585815
Ghana,GHA,2007,5.92381000518799
Ghana,GHA,2006,4.7728099822998
Ghana,GHA,2005,5.35099983215332
Ghana,GHA,1994,1.28396999835968
Ghana,GHA,1993,1.25375998020172
Ghana,GHA,1992,1.05234003067017
Ghana,GHA,1991,0.910929977893829
Ghana,GHA,1982,1.35178005695343
Ghana,GHA,1976,1.04252004623413
Ghana,GHA,1975,0.961629986763
Ghana,GHA,1974,0.929270029067993
Ghana,GHA,1973,0.821160018444061
Ghana,GHA,1972,0.766690015792847
Ghana,GHA,1971,0.74235999584198
Greece,GRC,2023,165.113418579102
Greece,GRC,2022,166.389556884766
Greece,GRC,2021,150.605484008789
Greece,GRC,2020,143.693344116211
Greece,GRC,2019,143.96272277832
Greece,GRC,2018,140.950317382812
Greece,GRC,2017,135.333923339844
Greece,GRC,2016,131.403213500977
Greece,GRC,2014,119.104209899902
Greece,GRC,2013,112.705833435059
Greece,GRC,2012,110.122978210449
Greece,GRC,2011,105.812690734863
Greece,GRC,2010,101.694053649902
Greece,GRC,2007,90.5404281616211
Greece,GRC,2006,95.0775375366211
Greece,GRC,2005,90.3474731445312
Greece,GRC,2004,80.4148406982422
Greece,GRC,2003,72.9116668701172
Greece,GRC,2002,66.8908386230469
Greece,GRC,2001,59.9249114990234
Greece,GRC,2000,52.6726303100586
Grenada,GRD,2018,99.9891967773438
Grenada,GRD,2017,98.6993408203125
Grenada,GRD,2016,96.7951431274414
Grenada,GRD,2015,96.7931289672852
Grenada,GRD,2009,56.8550796508789
Grenada,GRD,1984,4.6112699508667
Grenada,GRD,1983,4.44463014602661
Grenada,GRD,1982,7.98895978927612
Grenada,GRD,1980,5.44568014144897
Grenada,GRD,1979,1.37911999225616
Guatemala,GTM,2023,27.2948879201171
Guatemala,GTM,2019,22.559501429793
Guatemala,GTM,2015,21.9573684260954
Guatemala,GTM,2014,18.255292159465
Guatemala,GTM,2013,19.5737030720879
Guatemala,GTM,2012,16.8753678874298
Guatemala,GTM,2011,16.4344375204985
Guatemala,GTM,2010,15.752311204905
Guatemala,GTM,2009,15.0972604751587
Guatemala,GTM,2007,17.2977504730225
Guatemala,GTM,2002,9.50201988220215
Guatemala,GTM,1995,8.65814971923828
Guatemala,GTM,1994,8.60204029083252
Guatemala,GTM,1993,8.24779987335205
Guatemala,GTM,1986,7.14701986312866
Guatemala,GTM,1985,6.82184982299805
Guatemala,GTM,1984,6.5898699760437
Guatemala,GTM,1983,6.47463989257812
Guatemala,GTM,1981,5.44155979156494
Guatemala,GTM,1978,5.52103996276855
Guatemala,GTM,1977,4.82055997848511
Guatemala,GTM,1976,4.3767499923706
Guatemala,GTM,1975,3.98037004470825
Guatemala,GTM,1974,3.60950994491577
Guatemala,GTM,1973,4.05811977386475
Guatemala,GTM,1972,3.7136800289154
Guatemala,GTM,1971,3.39384007453919
Guatemala,GTM,1970,3.2184100151062
Guinea,GIN,2014,10.8547201156616
Guinea,GIN,2013,10.4364004135132
Guinea,GIN,2012,10.0085697174072
Guinea,GIN,2011,10.6184597015381
Guinea,GIN,2010,10.5439796447754
Guinea,GIN,2009,9.34879016876221
Guinea,GIN,2008,9.32559967041016
Guinea,GIN,2007,8.27204990386963
Guinea,GIN,2006,5.37415981292725
Guinea,GIN,2005,3.08171010017395
Guinea,GIN,2004,2.29848003387451
Guinea,GIN,1998,1.22133994102478
Guinea,GIN,1997,1.16131997108459
Guinea,GIN,1996,1.12723004817963
Guinea,GIN,1995,1.21478998661041
Guinea,GIN,1994,1.09438002109528
Guinea,GIN,1993,1.17282998561859
Guinea,GIN,1992,0.847769975662231
Guinea,GIN,1991,0.905399978160858
Guinea,GIN,1990,1.04196000099182
Guinea,GIN,1989,1.13118994235992
Guinea,GIN,1988,1.10450005531311
Guinea,GIN,1987,1.29789996147156
Guinea,GIN,1986,1.74360001087189
Guinea,GIN,1985,2.17640995979309
Guinea,GIN,1984,2.58398008346558
Guinea,GIN,1983,2.8449399471283
Guinea,GIN,1982,2.91578006744385
Guinea,GIN,1981,4.14699983596802
Guinea,GIN,1979,4.90068006515503
Guinea,GIN,1978,4.73149013519287
Guinea,GIN,1977,3.4679000377655
Guinea,GIN,1976,3.06224989891052
Guinea,GIN,1975,2.45328998565674
Guinea,GIN,1971,0.526459991931915
Guinea-Bissau,GNB,2006,2.62031006813049
Guinea-Bissau,GNB,2005,2.26420998573303
Guinea-Bissau,GNB,1989,0.500339984893799
Guyana,GUY,2024,26.4315792489043
Guyana,GUY,2023,25.1520757996244
Guyana,GUY,2012,11.7027597427368
Guyana,GUY,2011,11.2686901092529
Guyana,GUY,2010,10.9517002105713
Guyana,GUY,2009,10.0790901184082
Guyana,GUY,2008,10.6148700714111
Guyana,GUY,2007,11.1278600692749
Guyana,GUY,2006,10.9942598342896
Guyana,GUY,2005,10.8724203109741
Guyana,GUY,2004,10.3284902572632
Guyana,GUY,2003,7.17658996582031
Guyana,GUY,1997,11.9156799316406
Guyana,GUY,1996,10.0417098999023
Guyana,GUY,1995,8.95621013641357
Guyana,GUY,1994,9.56210041046143
Guyana,GUY,1990,5.64598989486694
Guyana,GUY,1988,4.35447978973389
Guyana,GUY,1986,2.70142006874085
Guyana,GUY,1985,2.65282011032104
Guyana,GUY,1984,2.43039989471436
Guyana,GUY,1983,2.35476994514465
Guyana,GUY,1982,3.15843009948731
Guyana,GUY,1981,2.85572004318237
Guyana,GUY,1980,2.89735007286072
Guyana,GUY,1979,3.06388998031616
Guyana,GUY,1976,3.47059988975525
Guyana,GUY,1973,1.7729799747467
Guyana,GUY,1972,1.62589001655579
Guyana,GUY,1971,1.52155995368957
Haiti,HTI,1986,1.05140995979309
Haiti,HTI,1984,1.09305000305176
Haiti,HTI,1983,0.939790010452271
Haiti,HTI,1981,0.861400008201599
Haiti,HTI,1980,0.804639995098114
Haiti,HTI,1979,0.800840020179749
Haiti,HTI,1978,0.773100018501282
Haiti,HTI,1977,0.603910028934479
Haiti,HTI,1976,0.626240015029907
Honduras,HND,2024,23.3177890777588
Honduras,HND,2019,25.3231382609304
Honduras,HND,2018,26.3838242053705
Honduras,HND,2017,24.5585599156436
Honduras,HND,2016,21.0025442228384
Honduras,HND,2015,20.3152639116671
Honduras,HND,2014,19.7241865242748
Honduras,HND,2013,19.4476759264062
Honduras,HND,2012,18.9442917508647
Honduras,HND,2010,19.2757550175649
Honduras,HND,2008,17.5304298400879
Honduras,HND,2004,15.9416399002075
Honduras,HND,2003,15.888970375061
Honduras,HND,2000,12.8694696426392
Honduras,HND,1999,12.4082698822022
Honduras,HND,1998,12.7151498794556
Honduras,HND,1997,11.0547504425049
Honduras,HND,1996,10.3873300552368
Honduras,HND,1995,9.81441974639893
Honduras,HND,1994,9.96479988098145
Honduras,HND,1993,9.12376022338867
Honduras,HND,1992,9.41639041900635
Honduras,HND,1991,9.16545009613037
Honduras,HND,1990,9.24248027801514
Honduras,HND,1989,9.7524299621582
Honduras,HND,1988,9.84447956085205
Honduras,HND,1987,8.83265972137451
Honduras,HND,1985,9.12495994567871
Honduras,HND,1984,9.15005970001221
Honduras,HND,1983,9.038649559021
Honduras,HND,1982,8.93836975097656
Honduras,HND,1981,8.42591953277588
Honduras,HND,1980,7.26313018798828
Honduras,HND,1978,6.87114000320435
Honduras,HND,1977,6.10381984710693
Honduras,HND,1976,4.80838012695312
Honduras,HND,1975,3.80190992355347
Honduras,HND,1974,3.42278003692627
"Hong Kong SAR, China",HKG,2024,120.08978583196
"Hong Kong SAR, China",HKG,2023,105.461738484398
"Hong Kong SAR, China",HKG,2022,100.776315789474
"Hong Kong SAR, China",HKG,2021,97.3813269493844
"Hong Kong SAR, China",HKG,2020,89.9479038224414
"Hong Kong SAR, China",HKG,2019,83.8542119335773
"Hong Kong SAR, China",HKG,2018,78.2463196011546
"Hong Kong SAR, China",HKG,2017,72.9228515909643
"Hong Kong SAR, China",HKG,2016,70.3316379391101
"Hong Kong SAR, China",HKG,2015,68.7008718656545
"Hong Kong SAR, China",HKG,2014,69.6881506285714
"Hong Kong SAR, China",HKG,2013,68.0858986854034
"Hong Kong SAR, China",HKG,2012,60.9527896995708
"Hong Kong SAR, China",HKG,2011,60.2208370436331
"Hong Kong SAR, China",HKG,2010,59.0325529542921
"Hong Kong SAR, China",HKG,2009,56.5805511474609
"Hong Kong SAR, China",HKG,2008,55.8018608093262
"Hong Kong SAR, China",HKG,2007,42.6142997741699
"Hong Kong SAR, China",HKG,2006,33.7220993041992
"Hong Kong SAR, China",HKG,2005,32.9854888916016
"Hong Kong SAR, China",HKG,2004,32.296459197998
"Hong Kong SAR, China",HKG,2003,32.2168502807617
Hungary,HUN,2024,60.5168685913086
Hungary,HUN,2023,56.5924415588379
Hungary,HUN,2022,60.2746810913086
Hungary,HUN,2021,58.6536102294922
Hungary,HUN,2020,56.6071815490723
Hungary,HUN,2019,54.2122917175293
Hungary,HUN,2018,52.5629386901855
Hungary,HUN,2017,51.3840599060059
Hungary,HUN,2016,50.7361488342285
Hungary,HUN,2015,50.9797401428223
Hungary,HUN,2014,53.4245910644531
Hungary,HUN,2013,57.5212211608887
Hungary,HUN,2012,60.6758003234863
Hungary,HUN,2011,59.9984893798828
Hungary,HUN,2010,60.7487602233887
Hungary,HUN,2009,61.9771690368652
Hungary,HUN,2008,63.9738388061523
Hungary,HUN,2007,66.2652969360352
Hungary,HUN,2006,66.3986663818359
Hungary,HUN,2005,64.9774017333984
Hungary,HUN,2004,61.5071411132812
Hungary,HUN,2003,54.6346397399902
Hungary,HUN,2002,47.357421875
Hungary,HUN,2001,42.3478889465332
Iceland,ISL,2023,76.5200729370117
Iceland,ISL,2022,84.985237121582
Iceland,ISL,2021,86.5232086181641
Iceland,ISL,2020,74.5906066894531
Iceland,ISL,2019,70.6093521118164
Iceland,ISL,2018,69.3402328491211
Iceland,ISL,2017,71.3372497558594
Iceland,ISL,2016,74.7006301879883
Iceland,ISL,2015,75.6419982910156
Iceland,ISL,2014,80.3950881958008
Iceland,ISL,2013,78.3723907470703
Iceland,ISL,2012,79.5824813842773
Iceland,ISL,2011,79.9194183349609
Iceland,ISL,2010,78.5030899047852
Iceland,ISL,2009,72.4675521850586
Iceland,ISL,2008,73.5754699707031
Iceland,ISL,2007,73.1370162963867
Iceland,ISL,2006,72.9682083129883
Iceland,ISL,2005,69.8324279785156
Iceland,ISL,2004,66.5821762084961
Iceland,ISL,2003,60.0269813537598
Iceland,ISL,2002,52.6091117858887
Iceland,ISL,2001,46.9373588562012
Iceland,ISL,2000,45.9174499511719
Iceland,ISL,1999,41.3102912902832
Iceland,ISL,1998,39.2137908935547
Iceland,ISL,1997,37.4768981933594
Iceland,ISL,1996,35.7354316711426
Iceland,ISL,1995,35.5167617797852
Iceland,ISL,1994,33.6896896362305
Iceland,ISL,1993,27.5019397735596
Iceland,ISL,1992,30.0962295532227
Iceland,ISL,1991,25.3714694976807
Iceland,ISL,1990,25.3219699859619
Iceland,ISL,1989,22.7128295898438
Iceland,ISL,1988,21.3212394714356
Iceland,ISL,1987,21.397970199585
Iceland,ISL,1986,21.4026794433594
Iceland,ISL,1985,20.8871307373047
Iceland,ISL,1984,23.4099903106689
Iceland,ISL,1983,23.0351905822754
Iceland,ISL,1982,21.3530902862549
Iceland,ISL,1981,20.2757091522217
Iceland,ISL,1980,19.5560607910156
Iceland,ISL,1978,15.7122201919556
Iceland,ISL,1977,15.2935400009155
Iceland,ISL,1976,14.9509201049805
Iceland,ISL,1975,13.8596000671387
Iceland,ISL,1974,12.8396196365356
Iceland,ISL,1973,12.286600112915
Iceland,ISL,1972,10.9682102203369
Iceland,ISL,1971,9.82775974273682
India,IND,2025,34.4465039692543
India,IND,2024,34.4184659748952
India,IND,2023,34.2394344991225
India,IND,2022,32.6703053423023
India,IND,2021,31.5741765984501
India,IND,2020,29.8196397708424
India,IND,2019,29.0233593907143
India,IND,2018,28.5316865291946
India,IND,2017,27.9090519049334
India,IND,2016,27.3043573857643
India,IND,2015,27.2845677075978
India,IND,2014,25.991324706788
India,IND,2013,24.390638443123
India,IND,2012,24.9402082606779
India,IND,2011,23.8253684220097
India,IND,2010,18.6971831309683
India,IND,2009,16.6775093078613
India,IND,2008,15.6485204696655
India,IND,2007,13.6564798355103
India,IND,2006,11.9628095626831
India,IND,2005,11.1277303695679
India,IND,2004,11.3926801681519
India,IND,2003,11.0576400756836
India,IND,2002,10.5586500167847
India,IND,2001,10.0273504257202
India,IND,2000,9.93826007843018
India,IND,1997,6.47068023681641
India,IND,1996,6.19850015640259
India,IND,1995,5.47798013687134
India,IND,1991,6.00928020477295
India,IND,1990,5.93025016784668
India,IND,1989,5.74145984649658
India,IND,1988,5.52787017822266
India,IND,1987,6.32631015777588
India,IND,1986,5.99415016174316
India,IND,1985,5.83142995834351
India,IND,1984,5.85371017456055
India,IND,1983,5.5486102104187
India,IND,1982,4.93534994125366
India,IND,1981,5.23958015441895
India,IND,1980,4.9510498046875
India,IND,1979,4.95719003677368
India,IND,1978,4.99063014984131
India,IND,1977,4.86920976638794
India,IND,1976,5.04934978485107
India,IND,1973,5.05735015869141
India,IND,1971,4.91587018966675
Indonesia,IDN,2023,44.8813034886441
Indonesia,IDN,2022,42.3260385456152
Indonesia,IDN,2021,40.6293239880732
Indonesia,IDN,2020,38.1650601406923
Indonesia,IDN,2019,37.3230862728703
Indonesia,IDN,2018,36.1494878042588
Indonesia,IDN,2017,35.967012362631
Indonesia,IDN,2016,34.8307173410877
Indonesia,IDN,2015,32.4590200433758
Indonesia,IDN,2014,29.9904910473273
Indonesia,IDN,2013,29.894529174265
Indonesia,IDN,2012,29.0425391195214
Indonesia,IDN,2011,25.027444191823
Indonesia,IDN,2010,23.4159086398462
Indonesia,IDN,2009,22.6933307647705
Indonesia,IDN,2008,20.5209503173828
Indonesia,IDN,2007,17.5765991210938
Indonesia,IDN,2006,16.767240524292
Indonesia,IDN,2005,16.6967105865479
Indonesia,IDN,2004,16.1766300201416
Indonesia,IDN,2003,15.7722797393799
Indonesia,IDN,2002,14.6824598312378
Indonesia,IDN,2001,14.1229801177978
Indonesia,IDN,2000,14.810640335083
Indonesia,IDN,1999,14.6863803863525
Indonesia,IDN,1998,13.3347997665405
Indonesia,IDN,1997,13.3638401031494
Indonesia,IDN,1996,11.5222902297974
Indonesia,IDN,1995,11.301739692688
Indonesia,IDN,1994,10.4964103698731
Indonesia,IDN,1993,9.33967018127441
Indonesia,IDN,1992,9.37843990325928
Indonesia,IDN,1991,8.55126953125
Indonesia,IDN,1990,8.29506015777588
Indonesia,IDN,1989,7.84708976745605
Indonesia,IDN,1988,6.79020977020264
Indonesia,IDN,1987,7.50644016265869
Indonesia,IDN,1986,6.33362007141113
Indonesia,IDN,1985,6.09567022323608
Indonesia,IDN,1984,5.33014011383057
Indonesia,IDN,1983,4.07499980926514
Indonesia,IDN,1982,3.86715006828308
Indonesia,IDN,1981,3.84965991973877
Indonesia,IDN,1980,3.36890006065369
Indonesia,IDN,1979,2.3416600227356
Indonesia,IDN,1978,2.43842005729675
Indonesia,IDN,1977,2.29890990257263
Indonesia,IDN,1976,2.59382009506226
Indonesia,IDN,1975,2.55683994293213
Indonesia,IDN,1974,2.55682992935181
Indonesia,IDN,1973,2.65714001655579
Indonesia,IDN,1972,2.72563004493713
Indonesia,IDN,1970,2.7995400428772
"Iran, Islamic Rep.",IRN,2022,58.6838607788086
"Iran, Islamic Rep.",IRN,2021,54.3051986694336
"Iran, Islamic Rep.",IRN,2020,55.6366691589355
"Iran, Islamic Rep.",IRN,2019,58.1169509887695
"Iran, Islamic Rep.",IRN,2018,60.8611488342285
"Iran, Islamic Rep.",IRN,2017,66.351448059082
"Iran, Islamic Rep.",IRN,2016,67.9112319946289
"Iran, Islamic Rep.",IRN,2015,70.6858520507812
"Iran, Islamic Rep.",IRN,2014,64.4999084472656
"Iran, Islamic Rep.",IRN,2013,56.4632682800293
"Iran, Islamic Rep.",IRN,2012,53.9002494812012
"Iran, Islamic Rep.",IRN,2011,48.0596084594727
"Iran, Islamic Rep.",IRN,2010,42.5482215881348
"Iran, Islamic Rep.",IRN,2009,36.4833183288574
"Iran, Islamic Rep.",IRN,2008,36.1939392089844
"Iran, Islamic Rep.",IRN,2007,29.8213806152344
"Iran, Islamic Rep.",IRN,2006,25.3070392608643
"Iran, Islamic Rep.",IRN,2005,22.6841907501221
"Iran, Islamic Rep.",IRN,2004,21.3706798553467
"Iran, Islamic Rep.",IRN,2003,19.4057903289795
"Iran, Islamic Rep.",IRN,2002,18.2758693695068
"Iran, Islamic Rep.",IRN,2001,19.4918804168701
"Iran, Islamic Rep.",IRN,2000,18.780179977417
"Iran, Islamic Rep.",IRN,1999,18.7925605773926
"Iran, Islamic Rep.",IRN,1996,18.9632396697998
"Iran, Islamic Rep.",IRN,1995,17.3369598388672
"Iran, Islamic Rep.",IRN,1978,4.31859016418457
"Iran, Islamic Rep.",IRN,1977,4.27519989013672
"Iran, Islamic Rep.",IRN,1976,4.3756799697876
"Iran, Islamic Rep.",IRN,1975,4.06623983383179
"Iran, Islamic Rep.",IRN,1974,3.85500001907349
"Iran, Islamic Rep.",IRN,1973,3.76117992401123
"Iran, Islamic Rep.",IRN,1972,3.3008599281311
"Iran, Islamic Rep.",IRN,1971,2.80574011802673
Iraq,IRQ,2005,15.5580997467041
Iraq,IRQ,2004,15.5104904174805
Iraq,IRQ,2002,12.6159200668335
Iraq,IRQ,2000,12.0502004623413
Iraq,IRQ,1999,11.6204996109009
Iraq,IRQ,1989,12.0530796051025
Iraq,IRQ,1988,10.8700103759766
Iraq,IRQ,1987,10.4136295318603
Iraq,IRQ,1986,10.750129699707
Iraq,IRQ,1985,9.38533973693848
Iraq,IRQ,1984,8.76387977600098
Iraq,IRQ,1983,9.21844959259033
Iraq,IRQ,1982,9.48904037475586
Iraq,IRQ,1981,9.6548900604248
Iraq,IRQ,1980,10.2119998931885
Iraq,IRQ,1979,9.44149017333984
Iraq,IRQ,1978,9.72103023529053
Iraq,IRQ,1977,9.56842041015625
Iraq,IRQ,1976,8.7109899520874
Iraq,IRQ,1975,7.71450996398926
Iraq,IRQ,1974,6.55295991897583
Iraq,IRQ,1973,5.83083009719849
Iraq,IRQ,1972,5.3445200920105
Iraq,IRQ,1971,4.89180994033813
Ireland,IRL,2022,77.5933380126953
Ireland,IRL,2021,78.4613265991211
Ireland,IRL,2020,74.1961975097656
Ireland,IRL,2019,74.444580078125
Ireland,IRL,2018,76.7604675292969
Ireland,IRL,2017,77.5191116333008
Ireland,IRL,2016,77.5571365356445
Ireland,IRL,2015,77.2321472167969
Ireland,IRL,2014,73.813232421875
Ireland,IRL,2013,71.6995468139648
Ireland,IRL,2012,68.1972503662109
Ireland,IRL,2011,67.7985916137695
Ireland,IRL,2010,63.1264381408691
Ireland,IRL,2009,56.503978729248
Ireland,IRL,2008,54.0174713134766
Ireland,IRL,2007,58.3019905090332
Ireland,IRL,2006,58.4411811828613
Ireland,IRL,2005,58.8693199157715
Ireland,IRL,2004,58.9219093322754
Ireland,IRL,2003,55.8461685180664
Ireland,IRL,2002,53.5348014831543
Ireland,IRL,2001,50.6748008728027
Israel,ISR,2024,56.2561111450195
Israel,ISR,2023,57.143440246582
Israel,ISR,2022,58.9500617980957
Israel,ISR,2021,60.2585487365723
Israel,ISR,2020,57.633861541748
Israel,ISR,2019,57.4564514160156
Israel,ISR,2018,58.6109886169434
Israel,ISR,2017,60.3434600830078
Israel,ISR,2016,61.4426498413086
Israel,ISR,2015,61.6271781921387
Israel,ISR,2014,62.6224403381348
Israel,ISR,2013,62.6519393920898
Israel,ISR,2012,64.2354736328125
Israel,ISR,2011,62.7604484558105
Israel,ISR,2010,62.1285705566406
Israel,ISR,2009,59.5300903320312
Israel,ISR,2008,56.7789001464844
Israel,ISR,2007,57.3098487854004
Israel,ISR,2006,54.7331390380859
Israel,ISR,2005,55.645191192627
Israel,ISR,2004,54.5026702880859
Israel,ISR,2003,55.2073287963867
Israel,ISR,2002,55.8358116149902
Israel,ISR,2001,51.1147117614746
Italy,ITA,2023,75.9496536254883
Italy,ITA,2022,73.8962097167969
Italy,ITA,2021,71.2745208740234
Italy,ITA,2020,68.7231063842773
Italy,ITA,2019,65.6895065307617
Italy,ITA,2018,64.4753265380859
Italy,ITA,2017,62.69580078125
Italy,ITA,2016,61.3571014404297
Italy,ITA,2015,60.941291809082
Italy,ITA,2014,60.8831481933594
Italy,ITA,2013,60.8925285339355
Italy,ITA,2012,62.3447418212891
Italy,ITA,2011,64.2492523193359
Italy,ITA,2010,65.3790435791016
Italy,ITA,2009,66.9516296386719
Italy,ITA,2008,67.5799865722656
Italy,ITA,2007,68.8725967407227
Italy,ITA,2006,67.2835083007812
Italy,ITA,2005,65.3270263671875
Italy,ITA,2004,63.3327293395996
Italy,ITA,2003,60.0055885314941
Italy,ITA,2002,56.3153915405273
Italy,ITA,2001,53.4531898498535
Jamaica,JAM,2015,26.2334142821948
Jamaica,JAM,2013,25.6212147817614
Jamaica,JAM,2012,27.0686781072538
Jamaica,JAM,2011,24.7684625492773
Jamaica,JAM,2010,25.3770890609495
Jamaica,JAM,2009,22.2321395874023
Jamaica,JAM,2008,22.3192901611328
Jamaica,JAM,2006,17.2686595916748
Jamaica,JAM,2005,17.27659034729
Jamaica,JAM,2004,18.9983196258545
Jamaica,JAM,2003,18.8019199371338
Jamaica,JAM,2002,16.8487892150879
Jamaica,JAM,2001,16.0548496246338
Jamaica,JAM,2000,13.8694095611572
Jamaica,JAM,1999,8.55788993835449
Jamaica,JAM,1992,6.77873992919922
Jamaica,JAM,1991,6.82577991485596
Jamaica,JAM,1989,5.17812013626099
Jamaica,JAM,1987,5.0242600440979
Jamaica,JAM,1981,6.52338981628418
Jamaica,JAM,1977,6.88651990890503
Jamaica,JAM,1974,5.44794988632202
Jamaica,JAM,1973,5.63438987731934
Jamaica,JAM,1972,5.2836799621582
Jamaica,JAM,1971,4.93427991867065
Japan,JPN,2023,64.4907608032227
Japan,JPN,2022,63.3752288818359
Japan,JPN,2021,62.0412483215332
Japan,JPN,2020,62.2987403869629
Japan,JPN,2019,62.4008407592773
Japan,JPN,2018,62.6058502197266
Japan,JPN,2017,63.287540435791
Japan,JPN,2016,62.4975395202637
Japan,JPN,2015,62.4498481750488
Japan,JPN,2014,62.8334884643555
Japan,JPN,2013,62.6422691345215
Jordan,JOR,2024,35.9184001120427
Jordan,JOR,2023,33.0567036969523
Jordan,JOR,2022,32.5119829829151
Jordan,JOR,2021,30.451314266821
Jordan,JOR,2020,30.2879665605319
Jordan,JOR,2019,30.1108403894558
Jordan,JOR,2018,31.5562985544301
Jordan,JOR,2017,28.6210570991622
Jordan,JOR,2016,34.0612635636995
Jordan,JOR,2015,36.6284278762539
Jordan,JOR,2012,43.9161464129347
Jordan,JOR,2011,37.4216386327285
Jordan,JOR,2010,37.7581337455828
Jordan,JOR,2009,42.0630187988281
Jordan,JOR,2008,41.3684692382812
Jordan,JOR,2007,38.7338409423828
Jordan,JOR,2006,37.8664016723633
Jordan,JOR,2005,39.7074890136719
Jordan,JOR,2004,40.467830657959
Jordan,JOR,2003,36.0558204650879
Jordan,JOR,2002,32.2784004211426
Jordan,JOR,2000,28.7968101501465
Jordan,JOR,1997,23.0235805511475
Jordan,JOR,1996,20.2109298706055
Jordan,JOR,1995,18.0741004943848
Jordan,JOR,1994,18.2145004272461
Jordan,JOR,1993,19.5052795410156
Jordan,JOR,1992,19.4466094970703
Jordan,JOR,1991,19.5192108154297
Jordan,JOR,1990,19.6618995666504
Jordan,JOR,1989,19.7054004669189
Jordan,JOR,1988,17.7075805664062
Jordan,JOR,1987,20.0179805755615
Jordan,JOR,1986,18.717399597168
Jordan,JOR,1985,19.7732696533203
Jordan,JOR,1984,21.8304004669189
Jordan,JOR,1983,20.2012100219727
Jordan,JOR,1982,19.5601997375488
Jordan,JOR,1981,16.7240905761719
Jordan,JOR,1980,14.5134801864624
Jordan,JOR,1979,10.3291902542114
Jordan,JOR,1978,9.13053035736084
Jordan,JOR,1977,9.09902000427246
Jordan,JOR,1976,6.86828994750977
Jordan,JOR,1975,5.62445020675659
Jordan,JOR,1974,5.18059015274048
Jordan,JOR,1973,4.38414001464844
Jordan,JOR,1972,3.58576011657715
Jordan,JOR,1971,3.32487010955811
Kazakhstan,KAZ,2025,52.8612860406142
Kazakhstan,KAZ,2024,53.4564204414133
Kazakhstan,KAZ,2023,54.6563982045582
Kazakhstan,KAZ,2022,57.2459264222925
Kazakhstan,KAZ,2021,59.3849415869809
Kazakhstan,KAZ,2020,62.2921373672319
Kazakhstan,KAZ,2019,57.3421123781351
Kazakhstan,KAZ,2018,51.9662639587064
Kazakhstan,KAZ,2017,49.9712092283595
Kazakhstan,KAZ,2016,46.0492258820674
Kazakhstan,KAZ,2015,48.3464575023644
Kazakhstan,KAZ,2014,51.0877733655657
Kazakhstan,KAZ,2013,45.8669276379862
Kazakhstan,KAZ,2012,52.1525037230692
Kazakhstan,KAZ,2011,50.4275094921369
Kazakhstan,KAZ,2010,46.7229330476587
Kazakhstan,KAZ,2006,54.5240592956543
Kazakhstan,KAZ,2000,30.799259185791
Kazakhstan,KAZ,1999,24.0278301239014
Kazakhstan,KAZ,1996,29.1463108062744
Kazakhstan,KAZ,1995,33.1454582214355
Kazakhstan,KAZ,1994,32.8665618896484
Kazakhstan,KAZ,1992,35.2556304931641
Kazakhstan,KAZ,1991,36.3714981079102
Kazakhstan,KAZ,1990,37.2998504638672
Kazakhstan,KAZ,1989,38.1324081420898
Kazakhstan,KAZ,1988,38.471118927002
Kazakhstan,KAZ,1986,37.1260986328125
Kazakhstan,KAZ,1981,32.9432106018066
Kenya,KEN,2024,10.4185962462804
Kenya,KEN,2023,8.67676730066979
Kenya,KEN,2019,10.4975595474243
Kenya,KEN,2017,11.8049232142021
Kenya,KEN,2016,11.6347883294504
Kenya,KEN,2015,9.25319496188721
Kenya,KEN,2009,3.99230003356934
Kenya,KEN,2005,3.00099992752075
Kenya,KEN,2004,2.96267008781433
Kenya,KEN,2002,2.87671995162964
Kenya,KEN,2001,2.88299989700317
Kenya,KEN,2000,2.81501007080078
Kenya,KEN,1989,1.38805997371674
Kenya,KEN,1987,1.33835005760193
Kenya,KEN,1985,1.18039000034332
Kenya,KEN,1984,1.14204001426697
Kenya,KEN,1983,1.10283005237579
Kenya,KEN,1981,0.883949995040894
Kenya,KEN,1980,0.90378999710083
Kenya,KEN,1979,0.861909985542297
Kenya,KEN,1978,0.767669975757599
Kenya,KEN,1977,0.750349998474121
Kenya,KEN,1976,0.813139975070953
Kenya,KEN,1974,1.09474003314972
Kenya,KEN,1973,0.97664999961853
Kenya,KEN,1972,0.84662002325058
Kenya,KEN,1971,0.886759996414185
Kenya,KEN,1970,0.823819994926453
Kiribati,KIR,2024,4.96087980270386
"Korea, Dem. People's Rep.",PRK,2018,26.7206192016602
"Korea, Dem. People's Rep.",PRK,2015,27.9393501281738
"Korea, Dem. People's Rep.",PRK,2011,29.8180599212646
"Korea, Dem. People's Rep.",PRK,2009,30.1253795623779
"Korea, Rep.",KOR,2024,111.853302001953
"Korea, Rep.",KOR,2023,106.709167480469
"Korea, Rep.",KOR,2022,102.813056945801
"Korea, Rep.",KOR,2021,100.359878540039
"Korea, Rep.",KOR,2020,96.8767700195312
"Korea, Rep.",KOR,2019,93.9989166259766
"Korea, Rep.",KOR,2018,93.3281784057617
"Korea, Rep.",KOR,2017,93.7230224609375
"Korea, Rep.",KOR,2016,93.6577224731445
"Korea, Rep.",KOR,2015,93.9676513671875
"Korea, Rep.",KOR,2014,94.4421691894531
"Korea, Rep.",KOR,2013,96.3375015258789
"Korea, Rep.",KOR,2012,98.286979675293
"Korea, Rep.",KOR,2011,100.819679260254
"Korea, Rep.",KOR,2010,101.673286437988
"Korea, Rep.",KOR,2009,102.658447265625
"Korea, Rep.",KOR,2008,103.136177062988
"Korea, Rep.",KOR,2007,102.949272155762
"Korea, Rep.",KOR,2006,99.9493103027344
"Korea, Rep.",KOR,2005,95.3700103759766
"Korea, Rep.",KOR,2004,89.8009033203125
"Korea, Rep.",KOR,2003,84.4563903808594
"Korea, Rep.",KOR,2002,80.7160491943359
"Korea, Rep.",KOR,2001,77.3433532714844
"Korea, Rep.",KOR,2000,74.6898574829102
Kuwait,KWT,2021,51.8967176944636
Kuwait,KWT,2020,53.731878917367
Kuwait,KWT,2019,50.4400595299189
Kuwait,KWT,2018,52.1066893601774
Kuwait,KWT,2017,54.9159622359267
Kuwait,KWT,2016,59.2213394214596
Kuwait,KWT,2015,58.9434554973822
Kuwait,KWT,2014,55.893130577116
Kuwait,KWT,2004,19.9746398925781
Kuwait,KWT,2003,19.5890598297119
Kuwait,KWT,2002,19.2795295715332
Kuwait,KWT,2001,18.3207397460938
Kuwait,KWT,1999,19.7340202331543
Kuwait,KWT,1997,21.0989608764648
Kuwait,KWT,1996,23.0858898162842
Kuwait,KWT,1995,22.5260505676269
Kuwait,KWT,1994,17.9414691925049
Kuwait,KWT,1993,15.5384998321533
Kuwait,KWT,1992,16.0930099487305
Kuwait,KWT,1990,12.6500101089478
Kuwait,KWT,1989,15.4398097991943
Kuwait,KWT,1988,15.2921104431152
Kuwait,KWT,1987,14.5566596984863
Kuwait,KWT,1986,13.8445196151733
Kuwait,KWT,1985,13.0559797286987
Kuwait,KWT,1984,11.4284896850586
Kuwait,KWT,1983,10.9734497070312
Kuwait,KWT,1982,9.93743991851807
Kuwait,KWT,1981,8.93430995941162
Kuwait,KWT,1980,8.41646957397461
Kuwait,KWT,1979,8.26846981048584
Kuwait,KWT,1978,9.4450798034668
Kuwait,KWT,1977,8.20639038085938
Kuwait,KWT,1976,7.33261013031006
Kuwait,KWT,1975,5.75841999053955
Kuwait,KWT,1974,5.67803001403809
Kuwait,KWT,1973,4.90720987319946
Kuwait,KWT,1972,4.32760000228882
Kuwait,KWT,1971,3.45755004882812
Kyrgyz Republic,KGZ,2025,53.8761747562613
Kyrgyz Republic,KGZ,2024,53.1743590503791
Kyrgyz Republic,KGZ,2023,53.588822099772
Kyrgyz Republic,KGZ,2022,54.2184527097527
Kyrgyz Republic,KGZ,2021,51.6239256637785
Kyrgyz Republic,KGZ,2020,45.3327840830343
Kyrgyz Republic,KGZ,2019,40.8257000638543
Kyrgyz Republic,KGZ,2018,39.5679556504749
Kyrgyz Republic,KGZ,2017,41.5760302696793
Kyrgyz Republic,KGZ,2016,44.5886036787376
Kyrgyz Republic,KGZ,2015,46.5495890237956
Kyrgyz Republic,KGZ,2014,46.360320327803
Kyrgyz Republic,KGZ,2013,48.5727890390198
Kyrgyz Republic,KGZ,2012,45.2330629115781
Kyrgyz Republic,KGZ,2011,42.4374714139813
Kyrgyz Republic,KGZ,2010,42.2182042645436
Kyrgyz Republic,KGZ,2009,43.4328689575195
Kyrgyz Republic,KGZ,2008,45.5842208862305
Kyrgyz Republic,KGZ,2007,41.4537391662598
Kyrgyz Republic,KGZ,2006,41.6426811218262
Kyrgyz Republic,KGZ,2005,40.615779876709
Kyrgyz Republic,KGZ,2004,39.1110000610352
Kyrgyz Republic,KGZ,2003,39.491138458252
Kyrgyz Republic,KGZ,2002,42.2281188964844
Kyrgyz Republic,KGZ,2001,39.2672080993652
Kyrgyz Republic,KGZ,2000,33.69287109375
Kyrgyz Republic,KGZ,1999,28.0213508605957
Kyrgyz Republic,KGZ,1998,27.4004993438721
Kyrgyz Republic,KGZ,1997,23.8372802734375
Kyrgyz Republic,KGZ,1996,21.9203300476074
Kyrgyz Republic,KGZ,1995,20.6899299621582
Kyrgyz Republic,KGZ,1994,21.5608692169189
Kyrgyz Republic,KGZ,1993,22.0965995788574
Kyrgyz Republic,KGZ,1992,23.9627304077148
Kyrgyz Republic,KGZ,1991,24.8964099884033
Kyrgyz Republic,KGZ,1990,26.2876701354981
Kyrgyz Republic,KGZ,1989,27.1174907684326
Kyrgyz Republic,KGZ,1988,27.5675601959229
Kyrgyz Republic,KGZ,1986,27.0533695220947
Lao PDR,LAO,2023,14.8841695785522
Lao PDR,LAO,2022,13.677811550152
Lao PDR,LAO,2021,12.4396649191011
Lao PDR,LAO,2020,12.561911777868
Lao PDR,LAO,2019,13.7404020217342
Lao PDR,LAO,2018,14.4969749098337
Lao PDR,LAO,2017,15.4112577339384
Lao PDR,LAO,2016,17.0880719461771
Lao PDR,LAO,2015,18.1574846273063
Lao PDR,LAO,2014,18.4954952643985
Lao PDR,LAO,2013,18.9224448772621
Lao PDR,LAO,2012,17.330766926856
Lao PDR,LAO,2011,17.4954696423161
Lao PDR,LAO,2010,16.6638298034668
Lao PDR,LAO,2009,16.2123508453369
Lao PDR,LAO,2008,13.0783004760742
Lao PDR,LAO,2007,11.2626600265503
Lao PDR,LAO,2006,8.78625965118408
Lao PDR,LAO,2005,7.60128021240234
Lao PDR,LAO,2004,5.579430103302
Lao PDR,LAO,2003,4.79725980758667
Lao PDR,LAO,2002,4.05916023254395
Lao PDR,LAO,2001,3.04713988304138
Lao PDR,LAO,2000,2.64691996574402
Lao PDR,LAO,1999,2.30977010726929
Lao PDR,LAO,1998,2.00583004951477
Lao PDR,LAO,1997,2.52199006080627
Lao PDR,LAO,1996,2.36982989311218
Lao PDR,LAO,1995,1.63365995883942
Lao PDR,LAO,1994,1.30735003948212
Lao PDR,LAO,1993,1.31793999671936
Lao PDR,LAO,1990,1.11591994762421
Lao PDR,LAO,1988,1.33229994773865
Lao PDR,LAO,1986,1.43428003787994
Lao PDR,LAO,1985,1.42267000675201
Lao PDR,LAO,1984,1.36029994487762
Lao PDR,LAO,1983,1.15067005157471
Lao PDR,LAO,1982,0.876380026340485
Lao PDR,LAO,1981,0.439110010862351
Lao PDR,LAO,1980,0.37024000287056
Lao PDR,LAO,1975,0.303110003471375
Lao PDR,LAO,1974,0.326150000095367
Lao PDR,LAO,1973,0.150979995727539
Lao PDR,LAO,1972,0.182760000228882
Lao PDR,LAO,1971,0.1752700060606
Latvia,LVA,2024,82.917350769043
Latvia,LVA,2023,85.7360610961914
Latvia,LVA,2022,91.3303680419922
Latvia,LVA,2021,93.4839324951172
Latvia,LVA,2020,94.5108337402344
Latvia,LVA,2019,94.8645324707031
Latvia,LVA,2018,93.0244827270508
Latvia,LVA,2017,88.0574264526367
Latvia,LVA,2016,80.6048126220703
Latvia,LVA,2015,74.2998809814453
Latvia,LVA,2014,70.8979415893555
Latvia,LVA,2013,69.0765991210938
Latvia,LVA,2012,66.6435470581055
Latvia,LVA,2011,67.9534683227539
Latvia,LVA,2010,69.0510406494141
Latvia,LVA,2009,73.0548934936523
Latvia,LVA,2008,72.3635406494141
Latvia,LVA,2007,73.0432968139648
Latvia,LVA,2006,74.5965118408203
Latvia,LVA,2005,75.4191970825195
Latvia,LVA,2004,74.6085586547852
Latvia,LVA,2003,71.0342407226562
Latvia,LVA,2002,67.8093032836914
Latvia,LVA,2001,63.4917602539062
Lebanon,LBN,2023,54.4012561547071
Lebanon,LBN,2022,58.1761149059991
Lebanon,LBN,2021,56.8657861418168
Lebanon,LBN,2020,51.5677337643942
Lebanon,LBN,2019,50.1483937104215
Lebanon,LBN,2018,47.2296269060678
Lebanon,LBN,2017,44.1878772500135
Lebanon,LBN,2016,42.5074771456909
Lebanon,LBN,2015,39.2905242294107
Lebanon,LBN,2014,42.9353408813477
Lebanon,LBN,2013,48.3089213263461
Lebanon,LBN,2012,44.9326117621184
Lebanon,LBN,2011,45.5351218323996
Lebanon,LBN,2010,42.1777031083244
Lebanon,LBN,2009,41.8963890075684
Lebanon,LBN,2008,41.7746200561523
Lebanon,LBN,2007,40.4916915893555
Lebanon,LBN,2006,38.105541229248
Lebanon,LBN,2005,36.9155197143555
Lebanon,LBN,2004,34.8977317810059
Lebanon,LBN,2003,33.0007705688477
Lebanon,LBN,2002,33.2399406433105
Lebanon,LBN,2001,31.8084697723389
Lebanon,LBN,2000,28.1094799041748
Lebanon,LBN,1999,28.0918598175049
Lebanon,LBN,1996,21.6194705963135
Lebanon,LBN,1992,23.675479888916
Lebanon,LBN,1987,24.2220802307129
Lebanon,LBN,1986,23.3470592498779
Lebanon,LBN,1985,20.8954391479492
Lebanon,LBN,1983,22.147310256958
Lebanon,LBN,1982,21.5360107421875
Lebanon,LBN,1981,24.8079891204834
Lebanon,LBN,1980,27.4139003753662
Lebanon,LBN,1979,25.9975395202637
Lebanon,LBN,1975,20.4375495910644
Lebanon,LBN,1972,18.0013103485107
Lebanon,LBN,1971,18.5855503082275
Lesotho,LSO,2018,9.93844298033582
Lesotho,LSO,2017,10.3130654092878
Lesotho,LSO,2015,9.72517754374624
Lesotho,LSO,2014,10.4168970963646
Lesotho,LSO,2013,10.4558385996916
Lesotho,LSO,2012,10.8528418132462
Lesotho,LSO,2006,3.67536997795105
Lesotho,LSO,2005,3.44801998138428
Lesotho,LSO,2003,2.70279002189636
Lesotho,LSO,2002,2.2450098991394
Lesotho,LSO,2001,2.27312994003296
Lesotho,LSO,2000,2.08551001548767
Lesotho,LSO,1999,1.93276000022888
Lesotho,LSO,1996,2.40869998931885
Lesotho,LSO,1995,2.36249995231628
Lesotho,LSO,1994,2.42086005210877
Lesotho,LSO,1993,2.27322006225586
Lesotho,LSO,1992,2.1456298828125
Lesotho,LSO,1991,1.24198997020721
Lesotho,LSO,1990,1.20950996875763
Lesotho,LSO,1989,1.44327998161316
Lesotho,LSO,1988,1.47160995006561
Lesotho,LSO,1987,1.37178003787994
Lesotho,LSO,1986,1.22450995445252
Lesotho,LSO,1985,1.18792998790741
Lesotho,LSO,1984,0.941240012645721
Lesotho,LSO,1983,1.00220000743866
Lesotho,LSO,1982,0.997349977493286
Lesotho,LSO,1981,0.96135002374649
Lesotho,LSO,1980,0.888140022754669
Lesotho,LSO,1979,0.970470011234283
Lesotho,LSO,1978,0.858060002326965
Lesotho,LSO,1977,0.790390014648438
Lesotho,LSO,1976,0.619019985198975
Lesotho,LSO,1975,0.487630009651184
Lesotho,LSO,1974,0.550400018692017
Lesotho,LSO,1973,0.488029986619949
Lesotho,LSO,1972,0.365700006484985
Lesotho,LSO,1971,0.407979995012283
Lesotho,LSO,1970,0.492740005254745
Liberia,LBR,2012,10.838520055325
Liberia,LBR,2010,9.00753004752703
Liberia,LBR,2000,18.5271492004394
Liberia,LBR,1999,7.76494979858398
Liberia,LBR,1987,2.43640995025635
Liberia,LBR,1979,2.30364990234375
Liberia,LBR,1978,1.69556999206543
Liberia,LBR,1975,1.66963005065918
Liberia,LBR,1973,1.2668000459671
Liberia,LBR,1972,1.06754004955292
Liberia,LBR,1971,0.949819982051849
Liberia,LBR,1970,0.89860999584198
Libya,LBY,2003,58.543701171875
Libya,LBY,2002,56.240291595459
Libya,LBY,2001,51.0642204284668
Libya,LBY,2000,46.5393905639648
Libya,LBY,1999,50.3618698120117
Libya,LBY,1992,14.9024696350098
Libya,LBY,1990,11.2165002822876
Libya,LBY,1985,8.86345958709717
Libya,LBY,1983,7.60284996032715
Libya,LBY,1982,6.3732500076294
Libya,LBY,1981,5.62006998062134
Libya,LBY,1980,4.66007995605469
Libya,LBY,1979,4.91189002990723
Libya,LBY,1978,5.23838996887207
Libya,LBY,1977,5.10902976989746
Libya,LBY,1976,5.53093004226685
Libya,LBY,1975,5.49081993103027
Libya,LBY,1974,4.86212015151978
Libya,LBY,1973,4.56131982803345
Libya,LBY,1972,3.65626001358032
Libya,LBY,1971,3.20125007629394
Liechtenstein,LIE,2021,46.0189590454102
Liechtenstein,LIE,2020,42.5986099243164
Liechtenstein,LIE,2019,41.1658401489258
Liechtenstein,LIE,2018,38.3002700805664
Liechtenstein,LIE,2017,35.6219291687012
Liechtenstein,LIE,2016,35.0226211547852
Liechtenstein,LIE,2015,33.5420417785645
Liechtenstein,LIE,2014,37.4887084960938
Liechtenstein,LIE,2012,42.4966812133789
Liechtenstein,LIE,2011,43.6750984191895
Liechtenstein,LIE,2010,36.018310546875
Liechtenstein,LIE,2009,34.4922218322754
Liechtenstein,LIE,2008,36.7309494018555
Liechtenstein,LIE,2007,31.5962390899658
Liechtenstein,LIE,2006,29.81715965271
Liechtenstein,LIE,2005,24.4774703979492
Liechtenstein,LIE,2004,24.6068496704102
Liechtenstein,LIE,2003,20.7547206878662
Lithuania,LTU,2024,75.6177368164062
Lithuania,LTU,2023,77.0064163208008
Lithuania,LTU,2022,76.9154586791992
Lithuania,LTU,2021,75.0314712524414
Lithuania,LTU,2020,73.5892868041992
Lithuania,LTU,2019,75.0942306518555
Lithuania,LTU,2018,77.3577728271484
Lithuania,LTU,2017,76.5389785766602
Lithuania,LTU,2016,74.0858306884766
Lithuania,LTU,2015,72.1163330078125
Lithuania,LTU,2014,72.034538269043
Lithuania,LTU,2013,74.3968200683594
Lithuania,LTU,2012,79.7516326904297
Lithuania,LTU,2011,84.0555877685547
Lithuania,LTU,2010,86.5725708007812
Lithuania,LTU,2009,89.2521667480469
Lithuania,LTU,2008,85.7450866699219
Lithuania,LTU,2007,82.5158309936523
Lithuania,LTU,2006,82.4531784057617
Lithuania,LTU,2005,79.7298126220703
Lithuania,LTU,2004,74.9013824462891
Lithuania,LTU,2003,69.6304168701172
Lithuania,LTU,2002,63.0700798034668
Lithuania,LTU,2001,57.3476104736328
Luxembourg,LUX,2024,22.4103698730469
Luxembourg,LUX,2023,21.5371704101562
Luxembourg,LUX,2022,21.032600402832
Luxembourg,LUX,2021,20.7341499328613
Luxembourg,LUX,2020,19.961389541626
Luxembourg,LUX,2019,19.3969497680664
Luxembourg,LUX,2018,19.3915195465088
Luxembourg,LUX,2017,19.5990200042725
Luxembourg,LUX,2016,19.9203605651856
Luxembourg,LUX,2015,20.2907104492188
Luxembourg,LUX,2012,19.117790222168
Luxembourg,LUX,2010,18.2021293640137
Luxembourg,LUX,2008,10.6716299057007
Luxembourg,LUX,2006,9.85431003570557
Luxembourg,LUX,2003,12.0609903335571
Luxembourg,LUX,2002,11.6310997009277
Luxembourg,LUX,2001,9.9181604385376
"Macao SAR, China",MAC,2024,141.864795918367
"Macao SAR, China",MAC,2023,129.151041666667
"Macao SAR, China",MAC,2022,116.232189973615
"Macao SAR, China",MAC,2021,98.9696202531646
"Macao SAR, China",MAC,2020,86.7956730769231
"Macao SAR, China",MAC,2019,80.0911214953271
"Macao SAR, China",MAC,2018,76.7935034802784
"Macao SAR, China",MAC,2017,81.2655086848635
"Macao SAR, China",MAC,2016,79.925
"Macao SAR, China",MAC,2015,76.1658415841584
"Macao SAR, China",MAC,2014,69.2981220657277
"Macao SAR, China",MAC,2013,61.8619153674833
"Macao SAR, China",MAC,2012,53.9347408829175
"Macao SAR, China",MAC,2011,70.3462105845473
"Macao SAR, China",MAC,2010,63.4042461657596
"Macao SAR, China",MAC,2009,56.2147483825684
"Macao SAR, China",MAC,2008,48.17041015625
"Macao SAR, China",MAC,2007,46.4321784973145
"Macao SAR, China",MAC,2006,49.7756004333496
"Macao SAR, China",MAC,2005,57.060718536377
"Macao SAR, China",MAC,2004,69.0725402832031
"Macao SAR, China",MAC,2003,80.2272033691406
"Macao SAR, China",MAC,2002,66.0375518798828
"Macao SAR, China",MAC,2001,50.4305801391602
Madagascar,MDG,2023,6.1466638463036
Madagascar,MDG,2022,5.87562673022926
Madagascar,MDG,2021,5.3135678666922
Madagascar,MDG,2020,5.17336117275841
Madagascar,MDG,2019,5.28586006164551
Madagascar,MDG,2018,5.11877849200791
Madagascar,MDG,2017,5.07525058069797
Madagascar,MDG,2016,4.6583858057243
Madagascar,MDG,2015,4.65904652237845
Madagascar,MDG,2014,4.68533144082284
Madagascar,MDG,2013,4.186720053214
Madagascar,MDG,2012,4.04987583552392
Madagascar,MDG,2011,3.99246757065153
Madagascar,MDG,2010,3.61032855425362
Madagascar,MDG,2009,3.44889998435974
Madagascar,MDG,2008,3.23572993278503
Madagascar,MDG,2007,3.13453006744385
Madagascar,MDG,2006,2.74632000923157
Madagascar,MDG,2005,2.54628992080689
Madagascar,MDG,2004,2.44068002700806
Madagascar,MDG,2003,2.0998899936676
Madagascar,MDG,2002,1.92859995365143
Madagascar,MDG,2001,1.89465999603272
Madagascar,MDG,2000,2.02373003959656
Madagascar,MDG,1999,1.99398005008698
Madagascar,MDG,1998,2.0486900806427
Madagascar,MDG,1997,1.83174002170563
Madagascar,MDG,1996,2.03707003593445
Madagascar,MDG,1995,2.18760991096497
Madagascar,MDG,1994,2.7063000202179
Madagascar,MDG,1993,3.32564997673035
Madagascar,MDG,1991,3.00562000274658
Madagascar,MDG,1990,3.23319005966186
Madagascar,MDG,1989,3.35433006286621
Madagascar,MDG,1988,3.42288994789123
Madagascar,MDG,1987,3.43509006500244
Madagascar,MDG,1986,3.87501001358032
Madagascar,MDG,1985,3.93228006362915
Madagascar,MDG,1984,3.65320992469788
Madagascar,MDG,1983,3.56868004798889
Madagascar,MDG,1982,3.35801005363464
Madagascar,MDG,1981,2.5899600982666
Madagascar,MDG,1980,2.67795991897583
Madagascar,MDG,1979,1.94868004322052
Madagascar,MDG,1978,1.7404899597168
Madagascar,MDG,1977,1.48312997817993
Madagascar,MDG,1976,1.13002002239227
Madagascar,MDG,1975,1.29619002342224
Madagascar,MDG,1973,1.1888200044632
Madagascar,MDG,1972,1.04870998859405
Madagascar,MDG,1971,0.969240009784698
Malawi,MWI,2022,2.70813684546823
Malawi,MWI,2021,2.39798041885226
Malawi,MWI,2020,2.40217380732134
Malawi,MWI,2018,1.6942403485732
Malawi,MWI,2015,0.809801002249246
Malawi,MWI,2014,0.827777867221161
Malawi,MWI,2012,0.838820281170415
Malawi,MWI,2011,1.55183037174754
Malawi,MWI,2010,1.26225889832108
Malawi,MWI,2007,0.477120012044907
Malawi,MWI,2006,0.479409992694855
Malawi,MWI,2005,0.45329999923706
Malawi,MWI,2004,0.462709993124008
Malawi,MWI,2003,0.391519993543625
Malawi,MWI,2002,0.385289996862411
Malawi,MWI,2001,0.364780008792877
Malawi,MWI,2000,0.331539988517761
Malawi,MWI,1999,0.309139996767044
Malawi,MWI,1996,0.597699999809265
Malawi,MWI,1995,0.589349985122681
Malawi,MWI,1994,0.574460029602051
Malawi,MWI,1993,0.539810001850128
Malawi,MWI,1992,0.540430009365082
Malawi,MWI,1991,0.53711998462677
Malawi,MWI,1990,0.516950011253357
Malawi,MWI,1989,0.433979988098144
Malawi,MWI,1988,0.412779986858368
Malawi,MWI,1987,0.440259993076325
Malawi,MWI,1986,0.424620002508164
Malawi,MWI,1985,0.42875000834465
Malawi,MWI,1984,0.425550013780594
Malawi,MWI,1983,0.427190005779266
Malawi,MWI,1982,0.442690014839172
Malawi,MWI,1981,0.450260013341904
Malawi,MWI,1980,0.461899995803833
Malawi,MWI,1979,0.41881999373436
Malawi,MWI,1978,0.392800003290176
Malawi,MWI,1977,0.424039989709854
Malawi,MWI,1976,0.415989995002747
Malawi,MWI,1975,0.474240005016327
Malawi,MWI,1974,0.470889985561371
Malawi,MWI,1973,0.465140014886856
Malaysia,MYS,2024,38.5013945445142
Malaysia,MYS,2023,37.2745812491757
Malaysia,MYS,2022,36.9853099297291
Malaysia,MYS,2021,38.1899993008367
Malaysia,MYS,2020,39.7445667367633
Malaysia,MYS,2019,40.8082966813944
Malaysia,MYS,2018,43.3100279300797
Malaysia,MYS,2017,42.293211695146
Malaysia,MYS,2016,45.4034659569972
Malaysia,MYS,2015,44.289909239243
Malaysia,MYS,2014,38.3919142029325
Malaysia,MYS,2013,38.0700970900265
Malaysia,MYS,2012,36.825516807355
Malaysia,MYS,2011,35.5661790570975
Malaysia,MYS,2010,36.6774305573553
Malaysia,MYS,2009,35.0602111816406
Malaysia,MYS,2008,32.9037017822266
Malaysia,MYS,2007,29.375789642334
Malaysia,MYS,2006,27.6703605651856
Malaysia,MYS,2005,27.1163005828857
Malaysia,MYS,2004,29.779899597168
Malaysia,MYS,2003,31.2641696929932
Malaysia,MYS,2002,28.92991065979
Malaysia,MYS,2001,26.960880279541
Malaysia,MYS,2000,27.5522994995117
Malaysia,MYS,1999,24.1853408813477
Malaysia,MYS,1998,22.9279899597168
Malaysia,MYS,1995,11.2613296508789
Malaysia,MYS,1994,10.3980398178101
Malaysia,MYS,1993,9.45715999603271
Malaysia,MYS,1992,9.16376972198486
Malaysia,MYS,1991,8.06015014648438
Malaysia,MYS,1990,7.25777006149292
Malaysia,MYS,1989,6.66064977645874
Malaysia,MYS,1988,7.47221994400024
Malaysia,MYS,1987,7.50098991394043
Malaysia,MYS,1986,6.9483699798584
Malaysia,MYS,1985,5.98676013946533
Malaysia,MYS,1984,5.07356023788452
Malaysia,MYS,1983,4.58163022994995
Malaysia,MYS,1982,4.61836004257202
Malaysia,MYS,1980,4.22949981689453
Malaysia,MYS,1979,3.99015998840332
Maldives,MDV,2022,48.4968654322788
Maldives,MDV,2021,23.794640430505
Maldives,MDV,2020,27.0805812417437
Maldives,MDV,2019,24.6480059688561
Maldives,MDV,2017,33.3294981245829
Maldives,MDV,2014,13.6843761236965
Maldives,MDV,2008,11.3926296234131
Maldives,MDV,2007,10.3270502090454
Maldives,MDV,2003,0.21356999874115
Mali,MLI,2015,5.12750941173932
Mali,MLI,2014,5.53504882678079
Mali,MLI,2013,5.94123501789155
Mali,MLI,2012,6.41861745428738
Mali,MLI,2011,4.96896888641169
Mali,MLI,2010,5.50589495885227
Mali,MLI,2009,5.29625988006592
Mali,MLI,2008,4.79010009765625
Mali,MLI,2002,1.88522005081177
Mali,MLI,2001,1.89023995399475
Mali,MLI,2000,1.77691996097565
Mali,MLI,1999,1.75006997585297
Mali,MLI,1998,1.35441994667053
Mali,MLI,1997,1.38881003856659
Mali,MLI,1996,1.00970995426178
Mali,MLI,1995,0.900170028209686
Mali,MLI,1993,0.879809975624084
Mali,MLI,1992,0.759490013122559
Mali,MLI,1991,0.595889985561371
Mali,MLI,1990,0.615209996700287
Mali,MLI,1989,0.601670026779175
Mali,MLI,1987,0.755959987640381
Mali,MLI,1986,0.938489973545074
Mali,MLI,1985,1.04269003868103
Mali,MLI,1984,1.0255800485611
Mali,MLI,1983,0.852310001850128
Mali,MLI,1982,0.675809979438782
Mali,MLI,1980,0.825259983539581
Mali,MLI,1979,0.76172000169754
Mali,MLI,1978,0.681529998779297
Mali,MLI,1977,0.587270021438599
Mali,MLI,1976,0.488510012626648
Mali,MLI,1975,0.412730008363724
Mali,MLI,1974,0.317490011453628
Mali,MLI,1971,0.132550001144409
Malta,MLT,2023,80.5250091552734
Malta,MLT,2022,74.5901336669922
Malta,MLT,2021,70.2313537597656
Malta,MLT,2020,61.4767112731934
Malta,MLT,2019,58.4985084533691
Malta,MLT,2018,57.8407592773438
Malta,MLT,2017,54.0890197753906
Malta,MLT,2016,49.2171897888184
Malta,MLT,2015,48.0389709472656
Malta,MLT,2014,45.4103507995605
Malta,MLT,2013,44.4813919067383
Malta,MLT,2012,42.5473289489746
Malta,MLT,2011,39.4486618041992
Malta,MLT,2010,36.8344192504883
Malta,MLT,2009,35.7878684997559
Malta,MLT,2008,33.3216094970703
Malta,MLT,2007,34.6690711975098
Malta,MLT,2006,31.2252807617188
Malta,MLT,2005,32.2053604125977
Malta,MLT,2004,26.6235694885254
Malta,MLT,2003,30.0867691040039
Malta,MLT,2002,24.2556896209717
Malta,MLT,2001,24.9949493408203
Marshall Islands,MHL,2024,37.6853055916775
Marshall Islands,MHL,2022,41.3350449293967
Marshall Islands,MHL,2019,37.3626373626374
Marshall Islands,MHL,2016,36.6609294320138
Marshall Islands,MHL,2015,34.320987654321
Marshall Islands,MHL,2012,29.3663060278207
Marshall Islands,MHL,2002,16.0476303100586
Mauritania,MRT,2020,5.97194330025359
Mauritania,MRT,2019,5.88823986461851
Mauritania,MRT,2018,5.13275480775448
Mauritania,MRT,2017,5.15614020144375
Mauritania,MRT,2016,5.56245834327609
Mauritania,MRT,2015,5.88425001273035
Mauritania,MRT,2013,5.79601450584933
Mauritania,MRT,2012,5.49335070425997
Mauritania,MRT,2011,5.06647175812938
Mauritania,MRT,2010,4.66769636853479
Mauritania,MRT,2009,4.12409019470215
Mauritania,MRT,2008,4.07179021835327
Mauritania,MRT,2007,3.95002007484436
Mauritania,MRT,2006,3.48698997497559
Mauritania,MRT,2005,3.07908010482788
Mauritania,MRT,2004,3.34153008460998
Mauritania,MRT,2003,3.29281997680664
Mauritania,MRT,2002,3.0836501121521
Mauritania,MRT,2001,3.47914004325867
Mauritania,MRT,1999,4.19634008407593
Mauritania,MRT,1998,3.90360999107361
Mauritania,MRT,1997,3.99486994743347
Mauritania,MRT,1996,3.70655989646912
Mauritania,MRT,1995,3.42460989952087
Mauritania,MRT,1994,3.48554992675781
Mauritania,MRT,1993,3.51754999160767
Mauritania,MRT,1992,2.9126501083374
Mauritania,MRT,1991,2.74047994613648
Mauritania,MRT,1990,3.07737994194031
Mauritania,MRT,1989,3.13382005691528
Mauritania,MRT,1988,3.02064990997314
Mauritania,MRT,1987,3.11893010139465
Mauritania,MRT,1986,2.72984004020691
Mauritania,MRT,1985,1.77372002601623
Mauritania,MRT,1978,0.422800004482269
Mauritius,MUS,2024,45.7771156388358
Mauritius,MUS,2023,43.3386887794765
Mauritius,MUS,2022,44.2026816403629
Mauritius,MUS,2021,43.9577226373808
Mauritius,MUS,2020,42.5378418595105
Mauritius,MUS,2019,42.9878710798151
Mauritius,MUS,2018,40.4078098261963
Mauritius,MUS,2017,39.6618786560902
Mauritius,MUS,2016,38.4107692617261
Mauritius,MUS,2015,37.760738643162
Mauritius,MUS,2014,40.0382004235695
Mauritius,MUS,2013,41.4023953525386
Mauritius,MUS,2012,40.3749497386409
Mauritius,MUS,2011,34.2265053809565
Mauritius,MUS,2010,33.0799908955061
Mauritius,MUS,2009,31.3993797302246
Mauritius,MUS,2008,27.0272006988525
Mauritius,MUS,2007,24.5238494873047
Mauritius,MUS,2006,23.6054592132568
Mauritius,MUS,2005,21.0529594421387
Mauritius,MUS,2004,17.2851009368896
Mauritius,MUS,2003,15.7577295303345
Mauritius,MUS,2002,15.1241102218628
Mauritius,MUS,2001,16.4485702514648
Mauritius,MUS,2000,10.6760301589966
Mauritius,MUS,1999,9.55496025085449
Mauritius,MUS,1997,6.51308012008667
Mauritius,MUS,1996,6.69427013397217
Mauritius,MUS,1995,5.95722007751465
Mauritius,MUS,1994,5.4636402130127
Mauritius,MUS,1993,5.99556016921997
Mauritius,MUS,1991,4.01713991165161
Mauritius,MUS,1990,3.39674997329712
Mauritius,MUS,1989,2.06077003479004
Mauritius,MUS,1988,1.93630003929138
Mauritius,MUS,1987,1.40630996227264
Mauritius,MUS,1986,0.95388001203537
Mauritius,MUS,1985,0.987089991569519
Mauritius,MUS,1984,0.67535001039505
Mauritius,MUS,1983,0.606630027294159
Mauritius,MUS,1982,0.820219993591309
Mauritius,MUS,1981,0.818920016288757
Mauritius,MUS,1980,0.963630020618439
Mauritius,MUS,1979,1.14461994171143
Mauritius,MUS,1978,1.33517003059387
Mauritius,MUS,1977,1.49007999897003
Mauritius,MUS,1976,1.39077997207642
Mauritius,MUS,1975,1.09932005405426
Mauritius,MUS,1974,1.34859001636505
Mauritius,MUS,1973,1.41987001895904
Mauritius,MUS,1972,1.40795004367828
Mauritius,MUS,1971,1.54384994506836
Mauritius,MUS,1970,2.39052009582519
Mexico,MEX,2024,48.203441619873
Mexico,MEX,2023,47.474681854248
Mexico,MEX,2022,46.4061317443848
Mexico,MEX,2021,45.6506195068359
Mexico,MEX,2020,45.1654510498047
Mexico,MEX,2019,43.0441398620605
Mexico,MEX,2018,41.6382789611816
Mexico,MEX,2017,40.3390693664551
Mexico,MEX,2016,38.589771270752
Mexico,MEX,2015,31.9718608856201
Mexico,MEX,2014,31.2052898406982
Mexico,MEX,2013,30.3301601409912
Mexico,MEX,2012,29.3496494293213
Mexico,MEX,2011,28.0361595153809
Mexico,MEX,2010,27.1670207977295
Mexico,MEX,2009,26.2105903625488
Mexico,MEX,2008,25.7789402008057
Mexico,MEX,2007,25.1474304199219
Mexico,MEX,2006,24.5689697265625
Mexico,MEX,2005,24.130989074707
Mexico,MEX,2004,23.7031497955322
Mexico,MEX,2003,23.0477905273438
Mexico,MEX,2002,22.3153591156006
Mexico,MEX,2001,21.3776397705078
Mexico,MEX,2000,20.5259704589844
"Micronesia, Fed. Sts.",FSM,2000,13.3582201004028
"Micronesia, Fed. Sts.",FSM,1999,13.3604698181152
"Micronesia, Fed. Sts.",FSM,1982,20.0074901580811
"Micronesia, Fed. Sts.",FSM,1981,27.3650398254394
"Micronesia, Fed. Sts.",FSM,1980,17.5863399505615
"Micronesia, Fed. Sts.",FSM,1979,23.2427997589111
"Micronesia, Fed. Sts.",FSM,1978,8.07839012145996
Moldova,MDA,2024,74.7109378669046
Moldova,MDA,2023,71.1679028753075
Moldova,MDA,2022,68.0572346521372
Moldova,MDA,2021,61.3014036981023
Moldova,MDA,2020,56.2498196612517
Moldova,MDA,2019,54.7812048030675
Moldova,MDA,2018,52.8423092059456
Moldova,MDA,2017,51.9490291393525
Moldova,MDA,2016,52.8435823784374
Moldova,MDA,2015,52.1000519119307
Moldova,MDA,2014,52.151516238366
Moldova,MDA,2013,41.2771708905345
Moldova,MDA,2012,40.1086414991241
Moldova,MDA,2011,39.4480430115419
Moldova,MDA,2010,38.1453631147397
Monaco,MCO,2024,77.4806900024414
Monaco,MCO,2016,53.5667991638184
Mongolia,MNG,2024,69.044059753418
Mongolia,MNG,2023,67.941399950927
Mongolia,MNG,2022,67.6998728025335
Mongolia,MNG,2021,67.4261046440448
Mongolia,MNG,2020,66.2557467107749
Mongolia,MNG,2019,67.970817565918
Mongolia,MNG,2018,65.1030502319336
Mongolia,MNG,2017,64.4055709838867
Mongolia,MNG,2016,65.2477111816406
Mongolia,MNG,2015,70.3587265014648
Mongolia,MNG,2014,66.6792297363281
Mongolia,MNG,2013,64.8171691894531
Mongolia,MNG,2012,61.3067016601562
Mongolia,MNG,2011,56.7482133834947
Mongolia,MNG,2010,56.0776786804199
Mongolia,MNG,2009,53.1806716918945
Mongolia,MNG,2008,49.1745986938477
Mongolia,MNG,2007,46.9772300720215
Mongolia,MNG,2006,46.8148307800293
Mongolia,MNG,2005,43.4830207824707
Mongolia,MNG,2004,39.5999908447266
Mongolia,MNG,2003,36.878849029541
Mongolia,MNG,2002,34.7981109619141
Mongolia,MNG,2001,33.2865905761719
Mongolia,MNG,2000,29.2760200500488
Mongolia,MNG,1999,25.9451408386231
Mongolia,MNG,1998,20.3455009460449
Mongolia,MNG,1997,17.720329284668
Mongolia,MNG,1996,15.7019596099853
Mongolia,MNG,1995,14.1376399993897
Mongolia,MNG,1994,12.822790145874
Mongolia,MNG,1993,12.4017696380615
Mongolia,MNG,1992,14.4373903274536
Mongolia,MNG,1991,16.260929107666
Mongolia,MNG,1990,18.5528602600098
Mongolia,MNG,1989,20.3775196075439
Mongolia,MNG,1988,22.2750205993652
Mongolia,MNG,1987,22.600549697876
Mongolia,MNG,1986,23.2615604400635
Mongolia,MNG,1985,23.2070503234863
Mongolia,MNG,1984,23.7430305480957
Mongolia,MNG,1983,23.4397296905518
Mongolia,MNG,1982,23.1253604888916
Mongolia,MNG,1981,23.1393795013428
Mongolia,MNG,1980,22.8759708404541
Mongolia,MNG,1979,23.0331306457519
Mongolia,MNG,1978,22.7043209075928
Mongolia,MNG,1977,22.5989398956299
Mongolia,MNG,1976,21.3017807006836
Mongolia,MNG,1975,20.4505500793457
Mongolia,MNG,1974,19.4549407958984
Mongolia,MNG,1973,19.5916500091553
Mongolia,MNG,1972,20.732479095459
Mongolia,MNG,1971,22.2103595733643
Mongolia,MNG,1970,24.0345993041992
Montenegro,MNE,2023,55.1743011474609
Montenegro,MNE,2022,57.4317893981934
Montenegro,MNE,2021,57.9613914489746
Montenegro,MNE,2020,58.0944709777832
Montenegro,MNE,2019,56.2633209228516
Montenegro,MNE,2018,58.1831512451172
Montenegro,MNE,2017,60.9102210998535
Montenegro,MNE,2016,59.1839218139648
Montenegro,MNE,2015,63.9372711181641
Montenegro,MNE,2014,63.2196388244629
Montenegro,MNE,2013,60.4347686767578
Montenegro,MNE,2012,60.3092498779297
Montenegro,MNE,2011,59.0115089416504
Montenegro,MNE,2010,55.2963485717773
Montenegro,MNE,2009,51.6601409912109
Montenegro,MNE,2008,43.55712890625
Montenegro,MNE,2007,36.3274917602539
Montenegro,MNE,2006,29.1942901611328
Montenegro,MNE,2005,24.9292507171631
Montenegro,MNE,2004,22.1096992492676
Montenegro,MNE,2003,18.6800899505615
Montenegro,MNE,2002,17.7185001373291
Montenegro,MNE,2001,18.9315395355225
Montenegro,MNE,2000,18.111270904541
Morocco,MAR,2024,48.1839617510572
Morocco,MAR,2023,47.4687039298036
Morocco,MAR,2022,45.9400219155138
Morocco,MAR,2021,42.531967383806
Morocco,MAR,2020,39.6858047574445
Morocco,MAR,2019,37.7212021382481
Morocco,MAR,2018,35.319186358341
Morocco,MAR,2017,33.4735433090703
Morocco,MAR,2016,32.0952579243239
Morocco,MAR,2015,28.5519130573154
Morocco,MAR,2014,25.3112415031422
Morocco,MAR,2013,22.4068908691406
Morocco,MAR,2012,19.0472282489073
Morocco,MAR,2011,15.8539977340994
Morocco,MAR,2010,13.9896441158412
Morocco,MAR,2009,13.0986795425415
Morocco,MAR,2008,12.6373701095581
Morocco,MAR,2007,11.6039199829102
Morocco,MAR,2006,12.1653699874878
Morocco,MAR,2005,11.69873046875
Morocco,MAR,2004,11.1358003616333
Morocco,MAR,2003,11.0415000915527
Morocco,MAR,2002,10.6168403625488
Morocco,MAR,2001,10.5071296691894
Morocco,MAR,2000,10.1461200714111
Morocco,MAR,1999,9.54483032226562
Morocco,MAR,1998,9.10352039337158
Morocco,MAR,1997,11.5530099868774
Morocco,MAR,1995,11.2644500732422
Morocco,MAR,1994,10.7795495986938
Morocco,MAR,1993,10.6426095962524
Morocco,MAR,1992,10.2783403396606
Morocco,MAR,1991,10.5482597351074
Morocco,MAR,1990,10.6727600097656
Morocco,MAR,1989,9.93111991882324
Morocco,MAR,1988,9.29786968231201
Morocco,MAR,1987,8.55086040496826
Morocco,MAR,1986,8.16674041748047
Morocco,MAR,1984,6.33792018890381
Morocco,MAR,1983,5.62166976928711
Morocco,MAR,1982,6.43935012817383
Morocco,MAR,1981,5.99503993988037
Morocco,MAR,1979,3.59034991264343
Morocco,MAR,1978,4.04607009887695
Morocco,MAR,1977,2.81332993507385
Morocco,MAR,1976,2.92934989929199
Morocco,MAR,1975,2.28598999977112
Morocco,MAR,1974,1.77578997611999
Morocco,MAR,1973,1.60415005683899
Morocco,MAR,1972,1.27804005146027
Morocco,MAR,1971,1.28501999378204
Mozambique,MOZ,2018,7.4630510423433
Mozambique,MOZ,2017,7.24573099191356
Mozambique,MOZ,2016,7.34197304077013
Mozambique,MOZ,2015,6.73181717702859
Mozambique,MOZ,2014,6.25049132527997
Mozambique,MOZ,2013,5.59344755668074
Mozambique,MOZ,2012,5.19951373358179
Mozambique,MOZ,2011,4.903703492415
Mozambique,MOZ,2010,4.6029332896014
Mozambique,MOZ,2009,3.82146000862122
Mozambique,MOZ,2008,3.51939988136292
Mozambique,MOZ,2007,3.03946995735169
Mozambique,MOZ,2006,2.12770009040833
Mozambique,MOZ,2005,1.43202996253967
Mozambique,MOZ,2004,1.15550994873047
Mozambique,MOZ,2003,0.928529977798462
Mozambique,MOZ,2002,0.682079970836639
Mozambique,MOZ,2001,0.602580010890961
Mozambique,MOZ,2000,0.613489985466003
Mozambique,MOZ,1999,0.602349996566772
Mozambique,MOZ,1996,0.470349997282028
Mozambique,MOZ,1995,0.450109988451004
Mozambique,MOZ,1994,0.453289985656738
Mozambique,MOZ,1993,0.408349990844727
Mozambique,MOZ,1992,0.368429988622665
Mozambique,MOZ,1987,0.223600000143051
Mozambique,MOZ,1985,0.139970004558563
Mozambique,MOZ,1982,0.122780002653599
Mozambique,MOZ,1981,0.10080000013113
Mozambique,MOZ,1980,0.0808100029826164
Mozambique,MOZ,1979,0.0776500031352043
Mozambique,MOZ,1978,0.0835099965333939
Mozambique,MOZ,1977,0.10164999961853
Mozambique,MOZ,1973,0.36081999540329
Mozambique,MOZ,1971,0.293870002031326
Myanmar,MMR,2018,20.3723297119141
Myanmar,MMR,2012,13.7377004623413
Myanmar,MMR,2011,14.3246002197266
Myanmar,MMR,2007,11.0508098602295
Myanmar,MMR,2001,11.6847896575928
Myanmar,MMR,1998,7.36062002182007
Myanmar,MMR,1995,5.63515996932983
Myanmar,MMR,1994,5.46826982498169
Myanmar,MMR,1993,5.73016977310181
Myanmar,MMR,1992,4.6560001373291
Myanmar,MMR,1990,5.35702991485596
Myanmar,MMR,1989,5.4843897819519
Myanmar,MMR,1988,5.57742977142334
Myanmar,MMR,1987,6.56204986572266
Myanmar,MMR,1986,4.66200017929077
Myanmar,MMR,1985,4.99931001663208
Myanmar,MMR,1984,4.85865020751953
Myanmar,MMR,1982,4.66699981689453
Myanmar,MMR,1981,4.71817016601562
Myanmar,MMR,1979,3.66932988166809
Myanmar,MMR,1977,2.63472008705139
Myanmar,MMR,1976,1.80238997936249
Myanmar,MMR,1975,1.76206994056702
Myanmar,MMR,1974,1.74171996116638
Myanmar,MMR,1973,1.78325998783112
Myanmar,MMR,1972,1.75552999973297
Myanmar,MMR,1971,1.6837899684906
Namibia,NAM,2022,26.1092654658031
Namibia,NAM,2021,26.6057345682932
Namibia,NAM,2020,25.9870484145026
Namibia,NAM,2019,25.8966511201824
Namibia,NAM,2018,23.7001690404035
Namibia,NAM,2017,22.4801755471009
Namibia,NAM,2016,21.4367036193
Namibia,NAM,2015,19.6551504993361
Namibia,NAM,2014,18.4653069281067
Namibia,NAM,2013,17.4603999838663
Namibia,NAM,2012,16.9048603106683
Namibia,NAM,2008,9.49368953704834
Namibia,NAM,2006,6.75277996063232
Namibia,NAM,2005,7.1070499420166
Namibia,NAM,2003,6.39102983474731
Namibia,NAM,2002,6.05016994476318
Namibia,NAM,2001,7.40269994735718
Namibia,NAM,1998,6.53711986541748
Namibia,NAM,1997,5.32100009918213
Namibia,NAM,1995,7.09803009033203
Namibia,NAM,1994,6.21911001205444
Namibia,NAM,1991,2.84932994842529
Nepal,NPL,2024,21.2915596292014
Nepal,NPL,2023,19.0357612047581
Nepal,NPL,2022,14.8435874359729
Nepal,NPL,2021,15.243139284484
Nepal,NPL,2020,14.2002391888535
Nepal,NPL,2019,13.8072821953912
Nepal,NPL,2018,12.613695863565
Nepal,NPL,2017,11.4357824790838
Nepal,NPL,2016,11.0932748536215
Nepal,NPL,2015,12.282886814704
Nepal,NPL,2014,13.2380540463977
Nepal,NPL,2013,15.4719563352624
Nepal,NPL,2011,13.2867385971183
Nepal,NPL,2010,13.3236488235053
Nepal,NPL,2009,10.4467401504517
Nepal,NPL,2008,10.4749002456665
Nepal,NPL,2007,9.50374031066895
Nepal,NPL,2006,7.62671995162964
Nepal,NPL,2005,7.15422010421753
Nepal,NPL,2004,5.69477987289429
Nepal,NPL,2003,4.91134977340698
Nepal,NPL,2002,4.98775005340576
Nepal,NPL,2001,4.40957021713257
Nepal,NPL,2000,4.12185001373291
Nepal,NPL,1996,4.72988986968994
Nepal,NPL,1995,4.26433992385864
Nepal,NPL,1994,4.64684009552002
Nepal,NPL,1993,4.9591498374939
Nepal,NPL,1992,5.17172002792358
Nepal,NPL,1991,5.65020990371704
Nepal,NPL,1990,4.94331979751587
Nepal,NPL,1989,5.50629997253418
Nepal,NPL,1988,5.25470018386841
Nepal,NPL,1987,4.70386981964111
Nepal,NPL,1986,4.53497982025146
Nepal,NPL,1985,3.22163009643555
Nepal,NPL,1984,3.37065005302429
Nepal,NPL,1983,3.00206995010376
Nepal,NPL,1982,3.32220005989075
Nepal,NPL,1981,3.35881996154785
Netherlands,NLD,2023,86.5938262939453
Netherlands,NLD,2021,89.3898620605469
Netherlands,NLD,2020,85.3370819091797
Netherlands,NLD,2018,83.652473449707
Netherlands,NLD,2017,83.2009887695312
Netherlands,NLD,2016,79.8454895019531
Netherlands,NLD,2015,80.1601486206055
Netherlands,NLD,2012,75.8141632080078
Netherlands,NLD,2011,75.518798828125
Netherlands,NLD,2010,63.7049789428711
Netherlands,NLD,2009,61.4280090332031
Netherlands,NLD,2008,61.0170593261719
Netherlands,NLD,2007,60.3940391540527
Netherlands,NLD,2006,59.8265113830566
Netherlands,NLD,2005,58.7895011901855
Netherlands,NLD,2004,56.7709884643555
Netherlands,NLD,2003,54.9959297180176
Netherlands,NLD,2002,54.2512283325195
Netherlands,NLD,2001,52.9789810180664
New Zealand,NZL,2024,77.2406463623047
New Zealand,NZL,2023,76.3811416625977
New Zealand,NZL,2022,77.0104675292969
New Zealand,NZL,2021,79.4128875732422
New Zealand,NZL,2020,75.7348327636719
New Zealand,NZL,2019,77.5843734741211
New Zealand,NZL,2018,81.2513122558594
New Zealand,NZL,2017,81.2698593139648
New Zealand,NZL,2016,81.8633575439453
New Zealand,NZL,2015,82.1818466186523
New Zealand,NZL,2014,80.7100067138672
New Zealand,NZL,2013,80.388542175293
Nicaragua,NIC,2023,30.3635101318359
Nicaragua,NIC,2002,17.9654998779297
Nicaragua,NIC,1997,10.4613103866577
Nicaragua,NIC,1995,10.2333698272705
Nicaragua,NIC,1992,7.94035005569458
Nicaragua,NIC,1991,7.24826002120972
Nicaragua,NIC,1990,7.32009983062744
Nicaragua,NIC,1987,7.05286979675293
Nicaragua,NIC,1986,7.23100996017456
Nicaragua,NIC,1985,8.0418701171875
Nicaragua,NIC,1984,9.02091026306152
Nicaragua,NIC,1983,10.3719997406006
Nicaragua,NIC,1982,9.82499980926514
Nicaragua,NIC,1980,11.1454200744629
Nicaragua,NIC,1979,8.78431034088135
Nicaragua,NIC,1977,7.26767015457153
Nicaragua,NIC,1976,7.42763996124268
Nicaragua,NIC,1975,6.64049005508423
Nicaragua,NIC,1974,4.89706993103027
Nicaragua,NIC,1973,4.394859790802
Nicaragua,NIC,1972,4.95261001586914
Nicaragua,NIC,1971,3.8756799697876
Nicaragua,NIC,1970,4.0860800743103
Niger,NER,2019,4.15170730347346
Niger,NER,2018,4.33801956751366
Niger,NER,2017,3.66741981878978
Niger,NER,2016,3.45043638449437
Niger,NER,2015,3.24257822413642
Niger,NER,2012,1.54284142561837
Niger,NER,2011,1.34816649944538
Niger,NER,2010,1.30152108043912
Niger,NER,2009,1.25635004043579
Niger,NER,2008,1.03770005702972
Niger,NER,2007,0.905510008335114
Niger,NER,2006,0.960169970989227
Niger,NER,2005,0.951579988002777
Niger,NER,2004,0.796029984951019
Niger,NER,2003,0.827859997749329
Niger,NER,1992,0.599449992179871
Niger,NER,1990,0.630980014801025
Niger,NER,1989,0.542150020599365
Niger,NER,1987,0.501569986343384
Niger,NER,1985,0.45592999458313
Niger,NER,1984,0.400510013103485
Niger,NER,1983,0.355720013380051
Niger,NER,1982,0.31997999548912
Niger,NER,1981,0.254949986934662
Niger,NER,1980,0.17323000729084
Niger,NER,1979,0.176899999380112
Niger,NER,1978,0.152129992842674
Niger,NER,1977,0.152830004692078
Niger,NER,1976,0.111309997737408
Niger,NER,1975,0.0756900012493134
Niger,NER,1974,0.0614099986851215
Niger,NER,1973,0.048760000616312
Niger,NER,1972,0
Niger,NER,1971,0
Nigeria,NGA,2011,9.74153350922586
Nigeria,NGA,2010,9.21187548100134
Nigeria,NGA,2005,10.0968999862671
Nigeria,NGA,2004,9.52007961273193
Nigeria,NGA,2003,9.28291988372803
Nigeria,NGA,1999,5.80225992202759
Nigeria,NGA,1989,4.0863299369812
Nigeria,NGA,1988,3.82961988449097
Nigeria,NGA,1987,3.47396993637085
Nigeria,NGA,1986,3.56057000160217
Nigeria,NGA,1985,3.41904997825623
Nigeria,NGA,1984,3.03946995735169
Nigeria,NGA,1983,2.88541007041931
Nigeria,NGA,1982,2.708899974823
Nigeria,NGA,1981,2.36316990852356
Nigeria,NGA,1980,1.86968994140625
Nigeria,NGA,1979,1.63014996051788
Nigeria,NGA,1978,1.1761599779129
Nigeria,NGA,1977,1.04461002349853
Nigeria,NGA,1976,0.819750010967255
Nigeria,NGA,1975,0.741649985313416
North Macedonia,MKD,2023,55.0082015991211
North Macedonia,MKD,2022,53.1601181030273
North Macedonia,MKD,2021,44.3020210266113
North Macedonia,MKD,2020,43.782169342041
North Macedonia,MKD,2019,43.1991004943848
North Macedonia,MKD,2018,43.8547897338867
North Macedonia,MKD,2017,43.5097694396973
North Macedonia,MKD,2015,42.0811805725098
North Macedonia,MKD,2014,39.3214912414551
North Macedonia,MKD,2013,38.9499015808105
North Macedonia,MKD,2012,39.7961082458496
North Macedonia,MKD,2010,38.147590637207
North Macedonia,MKD,2009,39.837718963623
North Macedonia,MKD,2008,39.6388511657715
North Macedonia,MKD,2007,35.2432899475098
North Macedonia,MKD,2006,29.2525997161865
North Macedonia,MKD,2005,29.7906494140625
North Macedonia,MKD,2004,28.2504692077637
North Macedonia,MKD,2003,27.8220596313477
North Macedonia,MKD,2002,26.8072891235352
North Macedonia,MKD,2001,24.3628692626953
North Macedonia,MKD,2000,22.4084796905518
North Macedonia,MKD,1999,21.3615303039551
North Macedonia,MKD,1998,19.633279800415
North Macedonia,MKD,1997,18.9666194915771
North Macedonia,MKD,1996,18.3413791656494
North Macedonia,MKD,1995,18.1758499145508
North Macedonia,MKD,1994,16.9034595489502
North Macedonia,MKD,1993,15.9066295623779
North Macedonia,MKD,1992,15.9333200454712
North Macedonia,MKD,1991,15.4305000305176
North Macedonia,MKD,1990,17.0110492706299
North Macedonia,MKD,1989,18.6075191497803
North Macedonia,MKD,1988,19.7819404602051
North Macedonia,MKD,1987,20.4034004211426
North Macedonia,MKD,1986,21.7958908081055
North Macedonia,MKD,1985,22.5533103942871
North Macedonia,MKD,1984,23.3546905517578
North Macedonia,MKD,1983,24.074520111084
North Macedonia,MKD,1982,24.7512493133545
North Macedonia,MKD,1981,25.2549705505371
North Macedonia,MKD,1976,19.7899608612061
North Macedonia,MKD,1971,17.5782108306885
Norway,NOR,2024,95.4987564086914
Norway,NOR,2023,95.0573806762695
Norway,NOR,2022,97.6419830322266
Norway,NOR,2021,93.9243011474609
Norway,NOR,2020,87.1685333251953
Norway,NOR,2019,85.7633819580078
Norway,NOR,2018,85.3883514404297
Norway,NOR,2017,83.7353363037109
Norway,NOR,2016,81.8827285766602
Norway,NOR,2015,79.206428527832
Norway,NOR,2014,78.109977722168
Norway,NOR,2013,75.8635787963867
Norway,NOR,2012,71.7047576904297
Norway,NOR,2011,71.0614166259766
Norway,NOR,2010,72.1170806884766
Norway,NOR,2009,73.0674514770508
Norway,NOR,2008,73.5914688110352
Norway,NOR,2007,77.0373611450195
Norway,NOR,2006,77.9310684204102
Norway,NOR,2005,78.4450302124023
Norway,NOR,2004,78.612548828125
Norway,NOR,2003,77.970588684082
Norway,NOR,2002,72.3173294067383
Norway,NOR,2001,69.9630813598633
Oman,OMN,2024,42.226921081543
Oman,OMN,2021,43.8433613964625
Oman,OMN,2020,48.3754397440909
Oman,OMN,2019,45.1723183863131
Oman,OMN,2018,44.9540216505645
Oman,OMN,2017,43.5767818520195
Oman,OMN,2016,46.8235059845958
Oman,OMN,2015,45.1898945959512
Oman,OMN,2014,41.1818561581842
Oman,OMN,2013,35.149615885003
Oman,OMN,2011,31.5563508791784
Oman,OMN,2010,27.8526854365953
Oman,OMN,2009,21.9678993225098
Oman,OMN,2008,20.4462108612061
Oman,OMN,2007,20.4086494445801
Oman,OMN,2006,19.2329597473144
Oman,OMN,2005,17.117769241333
Oman,OMN,2004,15.1500101089478
Oman,OMN,2003,14.3313598632812
Oman,OMN,1998,7.2172999382019
Oman,OMN,1997,5.80454015731812
Oman,OMN,1996,4.77463006973267
Oman,OMN,1995,5.00130987167358
Oman,OMN,1994,4.31106996536255
Oman,OMN,1993,4.19745016098022
Oman,OMN,1992,4.22148990631104
Oman,OMN,1991,3.75335001945496
Oman,OMN,1990,3.60879993438721
Oman,OMN,1989,2.96789002418518
Oman,OMN,1988,2.38621997833252
Oman,OMN,1987,1.6473400592804
Oman,OMN,1986,0.814149975776672
Oman,OMN,1985,0.326310008764267
Oman,OMN,1984,0.0844699963927269
Oman,OMN,1983,0.0282700005918741
Oman,OMN,1982,0.0143699999898672
Oman,OMN,1981,0.0194899998605251
Oman,OMN,1980,0.0171399991959333
Oman,OMN,1979,0.0157399997115135
Oman,OMN,1978,0.0270199999213219
Oman,OMN,1977,0.0273599997162819
Pakistan,PAK,2024,10.8564126844434
Pakistan,PAK,2023,10.4770304814137
Pakistan,PAK,2022,10.5057175294292
Pakistan,PAK,2021,12.3810012807012
Pakistan,PAK,2020,11.7245978752314
Pakistan,PAK,2019,11.103638528678
Pakistan,PAK,2018,8.20683057963381
Pakistan,PAK,2017,8.62228080260493
Pakistan,PAK,2016,8.31973903550878
Pakistan,PAK,2015,8.43556648904153
Pakistan,PAK,2014,8.74569228544475
Pakistan,PAK,2013,8.71835995772812
Pakistan,PAK,2012,8.33303617018241
Pakistan,PAK,2011,7.31739557390399
Pakistan,PAK,2010,7.03303843576596
Pakistan,PAK,2009,5.97273015975952
Pakistan,PAK,2008,4.87824010848999
Pakistan,PAK,2007,4.95792007446289
Pakistan,PAK,2006,4.39564990997315
Pakistan,PAK,2005,4.32808017730713
Pakistan,PAK,2004,2.97886991500854
Pakistan,PAK,2003,2.37435007095337
Pakistan,PAK,1992,1.96153998374939
Pakistan,PAK,1990,2.87730002403259
Pakistan,PAK,1988,3.14146995544434
Pakistan,PAK,1987,2.77641010284424
Pakistan,PAK,1986,2.80440998077393
Pakistan,PAK,1980,1.98511004447937
Pakistan,PAK,1979,2.03956007957458
Pakistan,PAK,1978,2.0576798915863
Pakistan,PAK,1977,1.93304002285004
Pakistan,PAK,1976,1.93739998340607
Pakistan,PAK,1975,1.82008004188538
Pakistan,PAK,1974,1.85336005687714
Pakistan,PAK,1973,1.87022995948792
Pakistan,PAK,1972,1.90060997009277
Pakistan,PAK,1971,2.19047999382019
Palau,PLW,2024,71.8428437792329
Palau,PLW,2023,41.130604288499
Palau,PLW,2022,51.5274949083503
Palau,PLW,2013,67.3166885375977
Palau,PLW,2002,36.3363418579102
Palau,PLW,2001,36.336109161377
Palau,PLW,2000,45.7822113037109
Panama,PAN,2023,53.6949637061742
Panama,PAN,2022,57.8162831217614
Panama,PAN,2021,52.7147829654218
Panama,PAN,2020,44.9372948646286
Panama,PAN,2016,48.3799959758914
Panama,PAN,2015,47.5819435584313
Panama,PAN,2014,44.6253501937764
Panama,PAN,2012,43.6626516529234
Panama,PAN,2011,41.8858795918623
Panama,PAN,2010,43.9639480204278
Panama,PAN,2009,43.0278511047363
Panama,PAN,2008,43.0992698669434
Panama,PAN,2007,42.9214782714844
Panama,PAN,2006,42.6925010681152
Panama,PAN,2005,41.6649894714355
Panama,PAN,2004,43.0450782775879
Panama,PAN,2003,44.2729110717773
Panama,PAN,2002,40.7841186523438
Panama,PAN,2001,41.646728515625
Panama,PAN,2000,42.537109375
Panama,PAN,1999,39.5324287414551
Panama,PAN,1998,37.6058883666992
Panama,PAN,1996,30.0619602203369
Panama,PAN,1995,28.6424999237061
Panama,PAN,1994,26.0492897033691
Panama,PAN,1993,26.2708797454834
Panama,PAN,1992,24.4285793304443
Panama,PAN,1991,22.7339706420898
Panama,PAN,1990,20.9681491851807
Panama,PAN,1989,20.3271598815918
Panama,PAN,1988,21.0622901916504
Panama,PAN,1987,23.1174201965332
Panama,PAN,1986,26.3602600097656
Panama,PAN,1985,24.0265007019043
Panama,PAN,1984,23.3138694763184
Panama,PAN,1983,20.5085697174072
Panama,PAN,1982,21.440299987793
Panama,PAN,1981,20.9232406616211
Panama,PAN,1980,20.631799697876
Panama,PAN,1979,19.6028709411621
Panama,PAN,1978,18.7779197692871
Panama,PAN,1977,19.6249103546143
Panama,PAN,1976,17.7587795257568
Panama,PAN,1975,15.810079574585
Panama,PAN,1974,15.0866098403931
Panama,PAN,1973,13.9345397949219
Panama,PAN,1972,12.1223402023315
Panama,PAN,1971,10.3768997192383
Panama,PAN,1970,6.38378000259399
Papua New Guinea,PNG,1999,1.94981002807617
Papua New Guinea,PNG,1998,2.00097990036011
Papua New Guinea,PNG,1996,3.52103996276856
Papua New Guinea,PNG,1995,3.21866011619568
Papua New Guinea,PNG,1986,1.86074995994568
Papua New Guinea,PNG,1985,1.51298999786377
Papua New Guinea,PNG,1984,1.86334002017975
Papua New Guinea,PNG,1983,1.5388400554657
Papua New Guinea,PNG,1980,1.79691004753113
Papua New Guinea,PNG,1973,2.48431992530823
Papua New Guinea,PNG,1972,2.42389011383057
Paraguay,PRY,2010,37.6179261040957
Paraguay,PRY,2009,39.7724685668945
Paraguay,PRY,2008,36.8851890563965
Paraguay,PRY,2007,31.087760925293
Paraguay,PRY,2005,27.7761993408203
Paraguay,PRY,2004,27.1320304870606
Paraguay,PRY,2003,26.9151496887207
Paraguay,PRY,2002,28.3164596557617
Paraguay,PRY,2001,19.336540222168
Paraguay,PRY,2000,17.2918395996094
Paraguay,PRY,1999,14.3129796981812
Paraguay,PRY,1996,10.0490303039551
Paraguay,PRY,1995,9.94643974304199
Paraguay,PRY,1993,10.947699546814
Paraguay,PRY,1990,8.72241020202637
Paraguay,PRY,1989,8.34115028381348
Paraguay,PRY,1988,8.43583965301514
Paraguay,PRY,1987,8.49324035644531
Paraguay,PRY,1986,8.9486198425293
Paraguay,PRY,1985,9.27097988128662
Paraguay,PRY,1984,9.92348957061768
Paraguay,PRY,1983,10.6197900772095
Paraguay,PRY,1982,9.3462495803833
Paraguay,PRY,1981,9.67518997192383
Paraguay,PRY,1980,9.38541030883789
Paraguay,PRY,1975,7.61552000045776
Paraguay,PRY,1974,6.05002021789551
Paraguay,PRY,1973,5.43008995056152
Paraguay,PRY,1972,5.108069896698
Paraguay,PRY,1971,4.83398008346558
Paraguay,PRY,1970,3.95133996009827
Peru,PER,2017,71.2404708862305
Peru,PER,2016,73.2223205566406
Peru,PER,2006,33.9184188842773
Peru,PER,2005,32.4608917236328
Peru,PER,2004,32.1658897399902
Peru,PER,2003,30.319580078125
Peru,PER,2002,30.2558097839356
Peru,PER,2001,29.9192008972168
Peru,PER,2000,33.4137687683105
Peru,PER,1999,38.0124893188477
Peru,PER,1997,25.3866500854492
Peru,PER,1996,25.3557891845703
Peru,PER,1995,26.7130508422852
Peru,PER,1994,26.3175106048584
Peru,PER,1993,27.4707508087158
Peru,PER,1992,30.8364906311035
Peru,PER,1991,31.3302307128906
Peru,PER,1990,29.8857402801514
Peru,PER,1989,29.6706600189209
Peru,PER,1988,28.6017208099365
Peru,PER,1987,27.0959091186523
Peru,PER,1986,26.0895690917969
Peru,PER,1985,22.8704204559326
Peru,PER,1984,22.1526107788086
Peru,PER,1983,21.5519695281982
Peru,PER,1982,20.9492893218994
Peru,PER,1981,20.6431198120117
Peru,PER,1980,17.9471092224121
Peru,PER,1979,16.4793891906738
Peru,PER,1977,14.9394998550415
Peru,PER,1976,13.3339004516602
Peru,PER,1975,13.2200202941894
Peru,PER,1974,12.5311002731323
Peru,PER,1973,11.4538898468018
Peru,PER,1972,10.197919845581
Peru,PER,1971,9.79691028594971
Peru,PER,1970,9.83127975463867
Philippines,PHL,2024,47.4134996154186
Philippines,PHL,2023,44.2394203278519
Philippines,PHL,2022,38.4011392706768
Philippines,PHL,2021,33.6166173848126
Philippines,PHL,2020,31.6317598507085
Philippines,PHL,2019,30.0548680110365
Philippines,PHL,2018,28.1166228592308
Philippines,PHL,2017,33.6841018682349
Philippines,PHL,2016,38.3447414525513
Philippines,PHL,2015,35.8745887819664
Philippines,PHL,2014,33.8741923214799
Philippines,PHL,2013,31.8704183328366
Philippines,PHL,2012,29.6298942276846
Philippines,PHL,2011,29.0709151463153
Philippines,PHL,2010,27.7549235195177
Philippines,PHL,2009,26.6055793762207
Philippines,PHL,2008,27.1289901733398
Philippines,PHL,2006,26.2468109130859
Philippines,PHL,2005,25.823429107666
Philippines,PHL,2004,26.5457592010498
Philippines,PHL,2003,27.230110168457
Philippines,PHL,2002,28.3481502532959
Philippines,PHL,2001,28.6476802825928
Philippines,PHL,1999,27.5217990875244
Philippines,PHL,1998,26.6495494842529
Philippines,PHL,1996,28.5230102539062
Philippines,PHL,1995,27.0712604522705
Philippines,PHL,1992,25.0141506195068
Philippines,PHL,1991,25.9223308563232
Philippines,PHL,1990,23.2742691040039
Philippines,PHL,1989,24.4366798400879
Philippines,PHL,1988,22.8345203399658
Philippines,PHL,1987,21.4912796020508
Philippines,PHL,1986,22.3687896728516
Philippines,PHL,1985,24.8644905090332
Philippines,PHL,1984,25.7850894927979
Philippines,PHL,1983,23.5529708862305
Philippines,PHL,1982,22.8241901397705
Philippines,PHL,1981,22.3720092773438
Philippines,PHL,1980,21.3457107543945
Philippines,PHL,1979,21.0937595367432
Philippines,PHL,1978,18.819730758667
Philippines,PHL,1977,16.4902400970459
Philippines,PHL,1976,16.2667999267578
Philippines,PHL,1975,15.8722095489502
Philippines,PHL,1974,16.7984199523926
Philippines,PHL,1973,16.7165603637695
Philippines,PHL,1972,16.8362197875977
Philippines,PHL,1971,16.335750579834
Poland,POL,2024,80.9149627685547
Poland,POL,2023,76.8794097900391
Poland,POL,2022,75.2911071777344
Poland,POL,2021,72.2060623168945
Poland,POL,2020,70.9730377197266
Poland,POL,2019,70.9065017700195
Poland,POL,2018,71.0217437744141
Poland,POL,2017,70.6174621582031
Poland,POL,2016,69.8503799438477
Poland,POL,2015,69.3731994628906
Poland,POL,2014,70.2389678955078
Poland,POL,2013,73.317268371582
Poland,POL,2012,75.0382919311523
Poland,POL,2011,75.8021011352539
Poland,POL,2010,76.5571212768555
Poland,POL,2009,72.6793594360352
Poland,POL,2008,70.2946319580078
Poland,POL,2007,66.9424667358398
Poland,POL,2006,65.0900726318359
Poland,POL,2005,63.7791404724121
Poland,POL,2004,61.7436981201172
Poland,POL,2003,60.6214714050293
Poland,POL,2002,59.5361404418945
Poland,POL,2001,56.3456916809082
Portugal,PRT,2023,77.6778182983398
Portugal,PRT,2022,75.0714797973633
Portugal,PRT,2021,72.5122375488281
Portugal,PRT,2020,68.1568908691406
Portugal,PRT,2019,66.0920562744141
Portugal,PRT,2018,65.1127395629883
Portugal,PRT,2017,64.2040176391602
Portugal,PRT,2016,63.2387504577637
Portugal,PRT,2015,61.7960205078125
Puerto Rico (US),PRI,2023,77.9263575380698
Puerto Rico (US),PRI,2022,82.0153279566474
Puerto Rico (US),PRI,2021,88.5327447779272
Puerto Rico (US),PRI,2020,88.4148538699338
Puerto Rico (US),PRI,2019,95.6914950121196
Puerto Rico (US),PRI,2018,107.502380763432
Puerto Rico (US),PRI,2017,100.739404309645
Puerto Rico (US),PRI,2016,100.643406166336
Puerto Rico (US),PRI,2015,100.706557185143
Puerto Rico (US),PRI,2014,97.2016557105489
Puerto Rico (US),PRI,2013,95.3715682046859
Puerto Rico (US),PRI,2012,94.0074751455172
Puerto Rico (US),PRI,2011,91.7977449760959
Puerto Rico (US),PRI,2010,90.7308767027593
Puerto Rico (US),PRI,2009,86.6972579956055
Puerto Rico (US),PRI,2008,84.4570999145508
Puerto Rico (US),PRI,2007,78.6092071533203
Qatar,QAT,2024,43.0178909301758
Qatar,QAT,2023,38.2058906555176
Qatar,QAT,2022,35.0854901088778
Qatar,QAT,2021,31.2813974439236
Qatar,QAT,2020,23.7649212314763
Qatar,QAT,2019,21.0931416049405
Qatar,QAT,2018,17.4458250857575
Qatar,QAT,2017,16.7774362605473
Qatar,QAT,2016,14.8163562584538
Qatar,QAT,2015,15.9339905308662
Qatar,QAT,2014,17.3063613126932
Qatar,QAT,2013,14.8707295209095
Qatar,QAT,2012,12.2866942772156
Qatar,QAT,2011,12.6008552690979
Qatar,QAT,2010,9.64273278083432
Qatar,QAT,2009,10.1654901504517
Qatar,QAT,2008,11.3421602249146
Qatar,QAT,2007,11.8196697235107
Qatar,QAT,2006,12.8355398178101
Qatar,QAT,2005,14.7242298126221
Qatar,QAT,2004,16.8915996551514
Qatar,QAT,2003,15.7512302398682
Qatar,QAT,2002,17.2873592376709
Qatar,QAT,2001,18.6874694824219
Qatar,QAT,1999,19.7645206451416
Qatar,QAT,1998,21.5736999511719
Qatar,QAT,1997,23.9278392791748
Qatar,QAT,1996,22.4816493988037
Qatar,QAT,1995,20.5342998504639
Qatar,QAT,1994,18.9698295593262
Qatar,QAT,1993,18.6690902709961
Qatar,QAT,1992,16.9536304473877
Qatar,QAT,1991,17.2565193176269
Qatar,QAT,1990,17.9684505462646
Qatar,QAT,1989,17.2535991668701
Qatar,QAT,1988,16.4944305419922
Qatar,QAT,1987,16.9779796600342
Qatar,QAT,1986,17.3450202941894
Qatar,QAT,1985,15.1963300704956
Qatar,QAT,1984,12.9016103744507
Qatar,QAT,1983,11.554949760437
Qatar,QAT,1982,8.47453022003174
Qatar,QAT,1981,6.47711992263794
Qatar,QAT,1980,5.91430997848511
Qatar,QAT,1977,3.2533700466156
Qatar,QAT,1976,3.12012004852295
Qatar,QAT,1971,0
Romania,ROU,2023,55.1682891845703
Romania,ROU,2022,58.2390403747559
Romania,ROU,2021,55.2656097412109
Romania,ROU,2020,53.4911117553711
Romania,ROU,2019,52.4439697265625
Romania,ROU,2018,51.9943504333496
Romania,ROU,2017,50.5108184814453
Romania,ROU,2016,49.911319732666
Romania,ROU,2015,49.3609886169434
Romania,ROU,2014,51.0950393676758
Romania,ROU,2013,51.3826103210449
Romania,ROU,2012,54.9534912109375
Romania,ROU,2011,66.7865829467773
Romania,ROU,2010,75.2290267944336
Romania,ROU,2009,81.5331497192383
Romania,ROU,2008,73.4470672607422
Romania,ROU,2007,60.2831192016602
Romania,ROU,2006,54.1389312744141
Romania,ROU,2005,45.4637298583984
Romania,ROU,2004,41.7997398376465
Romania,ROU,2003,38.9063987731934
Romania,ROU,2002,33.7016906738281
Romania,ROU,2001,28.0544300079346
Russian Federation,RUS,2024,60.3891235376867
Russian Federation,RUS,2023,93.7277679443359
Russian Federation,RUS,2022,53.9151941239211
Russian Federation,RUS,2021,54.9542479280814
Russian Federation,RUS,2020,57.2232854739754
Russian Federation,RUS,2019,80.9520697471091
Russian Federation,RUS,2018,81.5681115998523
Russian Federation,RUS,2017,81.7051021681418
Russian Federation,RUS,2016,83.860044350614
Russian Federation,RUS,2015,84.2355651240256
Russian Federation,RUS,2014,84.5181387513356
Russian Federation,RUS,2013,82.8009567260742
Russian Federation,RUS,2012,80.5323453975492
Russian Federation,RUS,2011,80.1629736412764
Russian Federation,RUS,2009,77.8685607910156
Russian Federation,RUS,2008,77.5339736938477
Russian Federation,RUS,2007,76.1305465698242
Russian Federation,RUS,2006,73.4398880004883
Russian Federation,RUS,2005,72.2228012084961
Russian Federation,RUS,2004,69.818717956543
Russian Federation,RUS,2003,69.0352096557617
Russian Federation,RUS,2002,65.0104217529297
Russian Federation,RUS,2001,60.3866996765137
Russian Federation,RUS,2000,55.2136611938477
Russian Federation,RUS,1999,52.1262397766113
Russian Federation,RUS,1998,47.279411315918
Russian Federation,RUS,1997,45.2858200073242
Russian Federation,RUS,1996,43.8972396850586
Russian Federation,RUS,1995,42.86083984375
Russian Federation,RUS,1994,44.2100410461426
Russian Federation,RUS,1993,46.1837692260742
Russian Federation,RUS,1992,48.4463882446289
Russian Federation,RUS,1991,50.4663314819336
Russian Federation,RUS,1990,52.3742599487305
Russian Federation,RUS,1989,53.5481414794922
Russian Federation,RUS,1988,54.9752197265625
Russian Federation,RUS,1987,56.2717399597168
Russian Federation,RUS,1986,55.5937118530273
Russian Federation,RUS,1985,54.2255516052246
Russian Federation,RUS,1984,51.7290802001953
Russian Federation,RUS,1983,49.3985214233398
Russian Federation,RUS,1982,46.9566307067871
Russian Federation,RUS,1981,45.9019889831543
Russian Federation,RUS,1980,44.4385681152344
Russian Federation,RUS,1979,43.8222198486328
Russian Federation,RUS,1978,43.7621116638184
Russian Federation,RUS,1977,43.7047386169434
Russian Federation,RUS,1976,43.2357788085938
Russian Federation,RUS,1975,43.4667816162109
Russian Federation,RUS,1974,43.3425598144531
Russian Federation,RUS,1973,43.236141204834
Russian Federation,RUS,1972,43.3569717407227
Russian Federation,RUS,1971,43.4987716674805
Russian Federation,RUS,1970,43.6107597351074
Rwanda,RWA,2024,9.41173924647801
Rwanda,RWA,2023,8.88624308383425
Rwanda,RWA,2022,7.41325884733851
Rwanda,RWA,2020,7.56709586345553
Rwanda,RWA,2019,6.3142892660234
Rwanda,RWA,2018,6.76094647714264
Rwanda,RWA,2017,7.34488296090452
Rwanda,RWA,2016,7.57807264441764
Rwanda,RWA,2015,7.53124856448318
Rwanda,RWA,2014,7.35861774339014
Rwanda,RWA,2013,6.23149117030345
Rwanda,RWA,2012,6.70938666027303
Rwanda,RWA,2011,6.83723020553589
Rwanda,RWA,2010,5.77316665562353
Rwanda,RWA,2009,5.0719199180603
Rwanda,RWA,2008,4.18300008773804
Rwanda,RWA,2007,3.88545989990234
Rwanda,RWA,2006,3.64229989051819
Rwanda,RWA,2005,2.85111999511719
Rwanda,RWA,2004,2.73148989677429
Rwanda,RWA,2003,2.34143996238708
Rwanda,RWA,2002,1.87186002731323
Rwanda,RWA,2001,1.54308998584747
Rwanda,RWA,2000,1.12785005569458
Rwanda,RWA,1999,0.705209970474243
Rwanda,RWA,1990,0.576889991760254
Rwanda,RWA,1989,0.459250003099441
Rwanda,RWA,1988,0.400249987840653
Rwanda,RWA,1987,0.362390011548996
Rwanda,RWA,1986,0.358440011739731
Rwanda,RWA,1985,0.342759996652603
Rwanda,RWA,1984,0.31496998667717
Rwanda,RWA,1981,0.243389993906021
Rwanda,RWA,1980,0.244929999113083
Rwanda,RWA,1979,0.232739999890328
Rwanda,RWA,1978,0.221980005502701
Rwanda,RWA,1977,0.224240005016327
Rwanda,RWA,1976,0.228699997067452
Rwanda,RWA,1975,0.217549994587898
Rwanda,RWA,1974,0.162349998950958
Rwanda,RWA,1973,0.172450006008148
Rwanda,RWA,1971,0.149580001831055
Samoa,WSM,2024,16.0263900756836
Samoa,WSM,2023,14.6106638814429
Samoa,WSM,2022,18.5508413272527
Samoa,WSM,2021,19.1409681560724
Samoa,WSM,2020,17.3303454643177
Samoa,WSM,2019,13.5792119039657
Samoa,WSM,2018,14.1633542972529
Samoa,WSM,2017,13.2596995097127
Samoa,WSM,2000,7.18760013580322
Samoa,WSM,1999,11.0324897766113
Samoa,WSM,1998,8.555100440979
Samoa,WSM,1983,2.99478006362915
Samoa,WSM,1981,3.54293990135193
Samoa,WSM,1978,2.53640007972717
Samoa,WSM,1977,2.53965997695923
Samoa,WSM,1975,1.77023005485535
Samoa,WSM,1973,1.73424005508423
Samoa,WSM,1971,1.04546999931335
Samoa,WSM,1970,0.96016001701355
San Marino,SMR,2024,57.5487465181059
San Marino,SMR,2023,51.1357340720222
San Marino,SMR,2022,53.7988826815642
San Marino,SMR,2021,57.6704545454545
San Marino,SMR,2020,55.0960978450786
San Marino,SMR,2019,50.2355712603062
San Marino,SMR,2018,45.421020282729
San Marino,SMR,2012,59.8490048043926
San Marino,SMR,2011,64.2955801104972
San Marino,SMR,2010,66.4068036853295
San Marino,SMR,2008,65.980110168457
San Marino,SMR,2000,59.3199005126953
Sao Tome and Principe,STP,2015,12.8210802078247
Sao Tome and Principe,STP,2014,9.24396991729736
Sao Tome and Principe,STP,2012,7.83568000793457
Sao Tome and Principe,STP,2010,4.22901010513306
Sao Tome and Principe,STP,2009,3.92682003974915
Saudi Arabia,SAU,2024,83.884129573915
Saudi Arabia,SAU,2022,73.7492065429688
Saudi Arabia,SAU,2021,74.3924865722656
Saudi Arabia,SAU,2020,73.7510866368859
Saudi Arabia,SAU,2019,77.9664942011008
Saudi Arabia,SAU,2018,73.1971736383918
Saudi Arabia,SAU,2017,70.7471342981424
Saudi Arabia,SAU,2016,63.9826623355369
Saudi Arabia,SAU,2015,57.0892771397236
Saudi Arabia,SAU,2014,53.1803840195563
Saudi Arabia,SAU,2013,43.163501739502
Saudi Arabia,SAU,2012,36.0444107055664
Saudi Arabia,SAU,2011,28.9419498443604
Saudi Arabia,SAU,2010,29.3244802795728
Saudi Arabia,SAU,2009,25.0353107452393
Saudi Arabia,SAU,2008,24.4659805297852
Saudi Arabia,SAU,2007,24.3000392913818
Saudi Arabia,SAU,2006,24.5137691497803
Saudi Arabia,SAU,2005,25.1983699798584
Saudi Arabia,SAU,2004,26.2631301879883
Saudi Arabia,SAU,2003,26.6230297088623
Saudi Arabia,SAU,2002,25.1049709320068
Saudi Arabia,SAU,2001,27.2377300262451
Saudi Arabia,SAU,2000,28.3759498596191
Saudi Arabia,SAU,1999,27.5408992767334
Saudi Arabia,SAU,1998,23.2514591217041
Saudi Arabia,SAU,1997,22.6720199584961
Saudi Arabia,SAU,1996,22.0051803588867
Saudi Arabia,SAU,1995,21.5111103057861
Saudi Arabia,SAU,1994,19.4799900054932
Saudi Arabia,SAU,1993,19.5948505401611
Saudi Arabia,SAU,1992,17.4679698944092
Saudi Arabia,SAU,1991,17.2099800109863
Saudi Arabia,SAU,1990,16.3262596130371
Saudi Arabia,SAU,1989,15.0839900970459
Saudi Arabia,SAU,1987,15.3935804367065
Saudi Arabia,SAU,1986,15.7748403549194
Saudi Arabia,SAU,1985,14.9427900314331
Saudi Arabia,SAU,1984,13.3619699478149
Saudi Arabia,SAU,1983,13.1736402511597
Saudi Arabia,SAU,1982,11.990779876709
Saudi Arabia,SAU,1981,11.1462898254394
Saudi Arabia,SAU,1980,9.96796035766602
Saudi Arabia,SAU,1979,9.45936965942383
Saudi Arabia,SAU,1978,9.30595016479492
Saudi Arabia,SAU,1977,7.35586977005005
Saudi Arabia,SAU,1976,6.30015993118286
Saudi Arabia,SAU,1975,4.99658012390137
Saudi Arabia,SAU,1974,4.0007700920105
Saudi Arabia,SAU,1973,3.25168991088867
Saudi Arabia,SAU,1972,2.8989999294281
Saudi Arabia,SAU,1971,2.79197001457214
Senegal,SEN,2024,15.3302400879779
Senegal,SEN,2023,16.0710053721835
Senegal,SEN,2022,15.6478973478986
Senegal,SEN,2021,14.6823561354842
Senegal,SEN,2020,13.3136624860931
Senegal,SEN,2019,12.60825139125
Senegal,SEN,2018,12.4178375059947
Senegal,SEN,2017,11.3494415127099
Senegal,SEN,2016,10.8875992426245
Senegal,SEN,2015,10.8409366679467
Senegal,SEN,2014,10.8787568632408
Senegal,SEN,2013,10.5725397458545
Senegal,SEN,2012,10.2635537254668
Senegal,SEN,2011,10.121109956384
Senegal,SEN,2010,7.62979751289774
Senegal,SEN,2009,7.9150800704956
Senegal,SEN,2008,7.75537014007568
Senegal,SEN,2007,6.1223201751709
Senegal,SEN,2006,5.46575021743774
Senegal,SEN,2005,5.26141023635864
Senegal,SEN,2004,4.75202989578247
Senegal,SEN,1999,3.20563006401062
Senegal,SEN,1997,3.11023998260498
Senegal,SEN,1992,3.05016994476318
Senegal,SEN,1986,2.39743995666504
Senegal,SEN,1985,2.25064992904663
Senegal,SEN,1984,2.19625997543335
Senegal,SEN,1983,2.57021999359131
Senegal,SEN,1982,2.46195006370544
Senegal,SEN,1981,2.71760988235474
Senegal,SEN,1980,2.52279996871948
Senegal,SEN,1978,1.99460995197296
Senegal,SEN,1977,1.91960000991821
Senegal,SEN,1972,1.35908997058868
Senegal,SEN,1971,1.23821997642517
Serbia,SRB,2024,70.582649230957
Serbia,SRB,2023,73.2060012817383
Serbia,SRB,2022,69.8046798706055
Serbia,SRB,2021,69.1800231933594
Serbia,SRB,2020,68.1431121826172
Serbia,SRB,2019,67.7898406982422
Serbia,SRB,2018,67.1586608886719
Serbia,SRB,2017,66.4867401123047
Serbia,SRB,2016,62.1369705200195
Serbia,SRB,2015,58.2876892089844
Serbia,SRB,2014,58.0549697875977
Serbia,SRB,2013,56.3808784484863
Serbia,SRB,2012,53.5000305175781
Serbia,SRB,2011,51.5937690734863
Serbia,SRB,2010,49.0825119018555
Serbia,SRB,2009,49.8496704101562
Serbia,SRB,2008,48.6653785705566
Serbia,SRB,2007,47.966869354248
Serbia,SRB,2006,46.819580078125
Serbia,SRB,2005,44.205249786377
Serbia,SRB,2004,40.9337997436523
Serbia,SRB,2003,39.6133613586426
Serbia,SRB,2002,35.6637191772461
Serbia,SRB,2001,37.7618789672852
Seychelles,SYC,2024,14.5342502593994
Seychelles,SYC,2023,14.0341370902195
Seychelles,SYC,2022,13.930414075936
Seychelles,SYC,2021,26.8701526144608
Seychelles,SYC,2020,26.934264107039
Seychelles,SYC,2019,41.2970430107527
Seychelles,SYC,2018,38.8581314878893
Seychelles,SYC,2017,42.2082018927445
Seychelles,SYC,2016,25.6358902463449
Seychelles,SYC,2015,16.4973007303906
Seychelles,SYC,2014,7.29119296649992
Seychelles,SYC,2013,3.50154479917611
Seychelles,SYC,2012,1.55593589544111
Seychelles,SYC,2011,2.91756715035505
Sierra Leone,SLE,2002,1.98783004283905
Sierra Leone,SLE,2001,2.11300992965698
Sierra Leone,SLE,2000,1.67453002929688
Sierra Leone,SLE,1991,1.24685001373291
Sierra Leone,SLE,1990,1.40813994407654
Sierra Leone,SLE,1989,1.48410999774933
Sierra Leone,SLE,1988,1.61062002182007
Sierra Leone,SLE,1986,1.77251994609833
Sierra Leone,SLE,1985,0.663990020751953
Sierra Leone,SLE,1984,0.655860006809235
Sierra Leone,SLE,1981,0.773479998111725
Sierra Leone,SLE,1978,0.617070019245148
Sierra Leone,SLE,1977,0.637520015239716
Sierra Leone,SLE,1976,0.670029997825623
Sierra Leone,SLE,1975,0.688210010528564
Sierra Leone,SLE,1974,0.631200015544891
Sierra Leone,SLE,1973,0.60522997379303
Sierra Leone,SLE,1972,0.57134997844696
Sierra Leone,SLE,1971,0.522409975528717
Singapore,SGP,2023,97.2886546863037
Singapore,SGP,2022,98.02222650098
Singapore,SGP,2021,97.0989103061521
Singapore,SGP,2020,93.134767179468
Singapore,SGP,2019,91.0889904414776
Singapore,SGP,2018,88.8864453410769
Singapore,SGP,2017,84.7929138455372
Singapore,SGP,2016,83.9409778236648
Singapore,SGP,2012,101.99681244982
Singapore,SGP,2011,95.9817452372883
Singapore,SGP,2010,93.2696812803906
Sint Maarten (Dutch part),SXM,2023,7.65284309533989
Sint Maarten (Dutch part),SXM,2022,8.259449370042
Sint Maarten (Dutch part),SXM,2017,9.85608373310074
Sint Maarten (Dutch part),SXM,2015,7.93456032719836
Sint Maarten (Dutch part),SXM,2014,7.32811856731165
Sint Maarten (Dutch part),SXM,2012,7.8405017921147
Slovak Republic,SVK,2024,54.4743194580078
Slovak Republic,SVK,2023,53.417610168457
Slovak Republic,SVK,2022,52.4959106445312
Slovak Republic,SVK,2021,50.7342491149902
Slovak Republic,SVK,2020,48.3790016174316
Slovak Republic,SVK,2019,48.1902389526367
Slovak Republic,SVK,2018,47.8138313293457
Slovak Republic,SVK,2017,49.1256103515625
Slovak Republic,SVK,2016,50.3014488220215
Slovak Republic,SVK,2015,52.7206687927246
Slovak Republic,SVK,2014,53.8843002319336
Slovak Republic,SVK,2013,55.253978729248
Slovak Republic,SVK,2012,57.0384407043457
Slovak Republic,SVK,2011,57.1524887084961
Slovak Republic,SVK,2010,58.0442390441895
Slovak Republic,SVK,2009,56.7700996398926
Slovak Republic,SVK,2008,54.1637115478516
Slovak Republic,SVK,2007,50.5563583374023
Slovak Republic,SVK,2006,45.0326881408691
Slovak Republic,SVK,2005,40.7710609436035
Slovak Republic,SVK,2004,36.6599617004395
Slovak Republic,SVK,2003,34.5505905151367
Slovak Republic,SVK,2002,32.7422409057617
Slovak Republic,SVK,2001,30.8164901733398
Slovenia,SVN,2023,80.0806884765625
Slovenia,SVN,2022,82.3922576904297
Slovenia,SVN,2021,82.2400436401367
Slovenia,SVN,2020,75.8166809082031
Slovenia,SVN,2019,76.4720077514648
Slovenia,SVN,2018,77.3015975952148
Slovenia,SVN,2017,79.2703475952148
Slovenia,SVN,2016,79.4747467041016
Slovenia,SVN,2015,82.1997833251953
Slovenia,SVN,2014,84.3780288696289
Slovenia,SVN,2013,87.8572082519531
Slovenia,SVN,2012,89.0215606689453
Slovenia,SVN,2011,87.1887130737305
Slovenia,SVN,2010,90.2514877319336
Slovenia,SVN,2009,87.96533203125
Slovenia,SVN,2008,88.5987091064453
Slovenia,SVN,2007,87.2651672363281
Slovenia,SVN,2006,85.2738876342773
Slovenia,SVN,2005,81.2728118896484
Slovenia,SVN,2004,73.348876953125
Slovenia,SVN,2003,69.6047668457031
Slovenia,SVN,2002,66.6545715332031
Slovenia,SVN,2001,60.8455085754395
"Somalia, Fed. Rep.",SOM,1987,2.41033005714417
"Somalia, Fed. Rep.",SOM,1976,0.488559991121292
"Somalia, Fed. Rep.",SOM,1975,0.381579995155334
"Somalia, Fed. Rep.",SOM,1972,0.253899991512299
"Somalia, Fed. Rep.",SOM,1971,0.267639994621277
South Africa,ZAF,2023,23.493768799339
South Africa,ZAF,2022,23.7271036201865
South Africa,ZAF,2021,22.3431289991291
South Africa,ZAF,2020,22.6148742572009
South Africa,ZAF,2019,22.2442465104023
South Africa,ZAF,2018,22.3515425184231
South Africa,ZAF,2017,21.0902909603212
South Africa,ZAF,2016,18.9292980324153
South Africa,ZAF,2015,19.0332949537661
South Africa,ZAF,2014,18.4813356370067
South Africa,ZAF,2013,18.6088225305342
South Africa,ZAF,2012,17.9447234835981
South Africa,ZAF,1994,15.7045001983643
South Africa,ZAF,1993,13.6232995986938
South Africa,ZAF,1992,12.3273200988769
South Africa,ZAF,1991,11.8450698852539
South Africa,ZAF,1990,11.43630027771
South Africa,ZAF,1989,11.3259296417236
South Africa,ZAF,1988,10.5210103988647
South Africa,ZAF,1973,4.39184999465942
South Africa,ZAF,1970,3.98837995529175
Spain,ESP,2024,93.7689666748047
Spain,ESP,2023,93.7303466796875
Spain,ESP,2022,95.0271606445312
Spain,ESP,2021,95.3768997192383
Spain,ESP,2020,91.59912109375
Spain,ESP,2019,91.5387725830078
Spain,ESP,2018,92.5194931030273
Spain,ESP,2017,92.070182800293
Spain,ESP,2016,89.810791015625
Spain,ESP,2015,88.5305328369141
Spain,ESP,2014,87.9358520507812
Spain,ESP,2013,85.1826324462891
Spain,ESP,2012,82.89208984375
Spain,ESP,2011,80.7240905761719
Spain,ESP,2010,76.3829116821289
Spain,ESP,2009,71.4311676025391
Spain,ESP,2008,69.4019393920898
Spain,ESP,2007,69.2297668457031
Spain,ESP,2006,68.9646224975586
Spain,ESP,2005,68.1358337402344
Spain,ESP,2004,67.4735717773438
Spain,ESP,2003,65.5322113037109
Spain,ESP,2002,63.7400817871094
Spain,ESP,2001,61.0042190551758
Sri Lanka,LKA,2023,20.7412633848006
Sri Lanka,LKA,2022,22.3679922774735
Sri Lanka,LKA,2021,20.7824292013914
Sri Lanka,LKA,2020,20.1614879343022
Sri Lanka,LKA,2019,19.4563160693078
Sri Lanka,LKA,2018,17.8869756778112
Sri Lanka,LKA,2017,17.1941300290821
Sri Lanka,LKA,2016,17.1510485178135
Sri Lanka,LKA,2015,18.1726459197686
Sri Lanka,LKA,2014,17.8701919678234
Sri Lanka,LKA,2013,17.7655041707891
Sri Lanka,LKA,2012,16.322805343317
Sri Lanka,LKA,2011,14.6727189156336
Sri Lanka,LKA,2010,15.8440563450578
Sri Lanka,LKA,1994,4.75038003921509
Sri Lanka,LKA,1986,3.96415996551514
Sri Lanka,LKA,1985,3.89485001564026
Sri Lanka,LKA,1984,4.30904006958008
Sri Lanka,LKA,1983,4.16412019729614
Sri Lanka,LKA,1982,3.75755000114441
Sri Lanka,LKA,1981,2.93468999862671
Sri Lanka,LKA,1979,2.90393996238708
Sri Lanka,LKA,1978,1.24626004695892
Sri Lanka,LKA,1977,1.22844004631043
Sri Lanka,LKA,1975,1.19476997852325
Sri Lanka,LKA,1974,1.1538599729538
Sri Lanka,LKA,1973,1.14608001708984
Sri Lanka,LKA,1971,1.19071996212006
Sri Lanka,LKA,1970,1.05988001823425
St. Kitts and Nevis,KNA,2015,93.92236328125
St. Kitts and Nevis,KNA,2014,90.9599990844727
St. Kitts and Nevis,KNA,2008,19.8842601776123
St. Kitts and Nevis,KNA,1993,10.4815101623535
St. Kitts and Nevis,KNA,1992,6.1207799911499
St. Kitts and Nevis,KNA,1988,4.72363996505737
St. Kitts and Nevis,KNA,1987,6.14176988601685
St. Kitts and Nevis,KNA,1986,4.66447019577026
St. Kitts and Nevis,KNA,1985,1.2441999912262
St. Kitts and Nevis,KNA,1984,1.36846005916596
St. Kitts and Nevis,KNA,1980,0.79491001367569
St. Kitts and Nevis,KNA,1979,1.24751996994019
St. Lucia,LCA,2023,15.0396404266357
St. Lucia,LCA,2022,16.1808795928955
St. Lucia,LCA,2020,16.8199691772461
St. Lucia,LCA,2019,15.9467096328735
St. Lucia,LCA,2018,14.6563596725464
St. Lucia,LCA,2017,20.7471294403076
St. Lucia,LCA,2016,19.7992000579834
St. Lucia,LCA,2015,17.0301094055176
St. Lucia,LCA,2014,17.0831794738769
St. Lucia,LCA,2013,14.0192003250122
St. Lucia,LCA,2012,10.2734699249268
St. Lucia,LCA,2011,16.2693996429443
St. Lucia,LCA,2010,12.4684000015259
St. Lucia,LCA,2009,17.469539642334
St. Lucia,LCA,2008,15.7249202728272
St. Lucia,LCA,2007,8.46230983734131
St. Lucia,LCA,2006,9.52157974243164
St. Lucia,LCA,2005,12.7918500900269
St. Lucia,LCA,2004,13.3422899246216
St. Lucia,LCA,1996,17.3051605224609
St. Lucia,LCA,1993,5.70678997039795
St. Lucia,LCA,1988,2.4047999382019
St. Lucia,LCA,1987,2.26263999938965
St. Lucia,LCA,1985,2.17705988883972
St. Lucia,LCA,1984,2.60819005966186
St. Lucia,LCA,1983,2.77740001678467
St. Lucia,LCA,1982,2.59291005134583
St. Lucia,LCA,1981,2.22008991241455
St. Lucia,LCA,1980,1.91508996486664
St. Lucia,LCA,1979,2.09663009643555
St. Lucia,LCA,1978,2.26618003845215
St. Lucia,LCA,1977,2.28807997703552
St. Vincent and the Grenadines,VCT,2022,41.4983277591973
St. Vincent and the Grenadines,VCT,2021,35.7032258064516
St. Vincent and the Grenadines,VCT,2020,33.6692278624512
St. Vincent and the Grenadines,VCT,2019,29.6853960093035
St. Vincent and the Grenadines,VCT,2018,26.0140359224456
St. Vincent and the Grenadines,VCT,2017,25.7215423689679
St. Vincent and the Grenadines,VCT,2016,23.6683079677708
St. Vincent and the Grenadines,VCT,2015,23.6186294555664
St. Vincent and the Grenadines,VCT,2014,23.9405403137207
St. Vincent and the Grenadines,VCT,2013,19.7655115169122
St. Vincent and the Grenadines,VCT,2012,19.8016733808491
St. Vincent and the Grenadines,VCT,2011,20.6017072662919
St. Vincent and the Grenadines,VCT,2010,13.4546976354886
St. Vincent and the Grenadines,VCT,1990,6.06251001358032
St. Vincent and the Grenadines,VCT,1987,6.69699001312256
St. Vincent and the Grenadines,VCT,1986,6.10838985443115
St. Vincent and the Grenadines,VCT,1980,2.42690992355347
St. Vincent and the Grenadines,VCT,1979,3.02052998542786
Sudan,SDN,2015,15.8645696640015
Sudan,SDN,2014,15.958589553833
Sudan,SDN,2013,16.6676292419434
Sudan,SDN,2012,14.8181400299072
Sudan,SDN,2011,14.5120697021484
Sudan,SDN,2010,14.8035297393799
Sudan,SDN,2009,14.6098203659058
Sudan,SDN,2008,14.3921899795532
Sudan,SDN,2007,13.0165500640869
Sudan,SDN,2006,13.3374099731445
Sudan,SDN,2005,11.823320388794
Sudan,SDN,2004,10.5490598678589
Sudan,SDN,2003,8.65738010406494
Sudan,SDN,2002,9.31309986114502
Sudan,SDN,2001,8.25726985931396
Sudan,SDN,2000,6.69480991363525
Sudan,SDN,1999,6.56864023208618
Suriname,SUR,2024,2.56642457392281
Suriname,SUR,2023,4.93785087797966
Suriname,SUR,2022,5.02487384130847
Suriname,SUR,2021,8.45416298008342
Suriname,SUR,2020,5.30574712643678
Suriname,SUR,2019,5.26435130947432
Suriname,SUR,2002,11.2604503631592
Suriname,SUR,1990,9.56165981292725
Suriname,SUR,1989,8.75041007995605
Suriname,SUR,1988,7.90398979187012
Suriname,SUR,1987,7.21634006500244
Suriname,SUR,1986,5.80343008041382
Suriname,SUR,1985,6.1905198097229
Suriname,SUR,1984,6.51150989532471
Suriname,SUR,1983,6.715980052948
Suriname,SUR,1982,6.34394979476929
Suriname,SUR,1981,5.96962022781372
Sweden,SWE,2024,83.9988098144531
Sweden,SWE,2023,81.3998184204102
Sweden,SWE,2022,83.8976135253906
Sweden,SWE,2021,85.9426193237305
Sweden,SWE,2020,79.1196365356445
Sweden,SWE,2019,75.1148529052734
Sweden,SWE,2018,73.4083786010742
Sweden,SWE,2017,70.4342498779297
Sweden,SWE,2016,68.306037902832
Sweden,SWE,2015,66.4283218383789
Sweden,SWE,2014,64.9541931152344
Sweden,SWE,2013,65.7820892333984
Sweden,SWE,2012,68.742301940918
Sweden,SWE,2011,71.9184112548828
Sweden,SWE,2010,73.0818328857422
Sweden,SWE,2009,71.0115814208984
Sweden,SWE,2008,71.158073425293
Sweden,SWE,2007,75.3943710327148
Sweden,SWE,2006,79.3352279663086
Sweden,SWE,2005,81.7390899658203
Sweden,SWE,2004,83.0349807739258
Sweden,SWE,2003,80.4902877807617
Sweden,SWE,2002,74.7414321899414
Sweden,SWE,2001,70.0115203857422
Switzerland,CHE,2024,73.5430526733398
Switzerland,CHE,2023,74.0060882568359
Switzerland,CHE,2022,74.1526794433594
Switzerland,CHE,2021,71.893928527832
Switzerland,CHE,2020,68.0676422119141
Switzerland,CHE,2019,66.3093414306641
Switzerland,CHE,2018,64.3533935546875
Switzerland,CHE,2017,62.4597206115723
Switzerland,CHE,2016,61.1939888000488
Switzerland,CHE,2015,60.8185615539551
Switzerland,CHE,2014,58.0650596618652
Switzerland,CHE,2013,56.1812400817871
Switzerland,CHE,2012,54.835620880127
Switzerland,CHE,2011,53.1352806091309
Switzerland,CHE,2010,52.8040618896484
Switzerland,CHE,2009,50.3034515380859
Switzerland,CHE,2008,49.6888809204102
Switzerland,CHE,2007,47.8155517578125
Switzerland,CHE,2006,46.2847785949707
Switzerland,CHE,2005,45.2465286254883
Switzerland,CHE,2004,44.8805198669434
Switzerland,CHE,2003,43.0505409240723
Switzerland,CHE,2002,39.9602890014648
Switzerland,CHE,2001,39.2238006591797
Switzerland,CHE,2000,38.1127586364746
Syrian Arab Republic,SYR,2016,43.7606582641602
Syrian Arab Republic,SYR,2015,47.8358993530273
Syrian Arab Republic,SYR,2014,44.4609794616699
Syrian Arab Republic,SYR,2013,31.4127197265625
Syrian Arab Republic,SYR,2012,28.8359394073486
Syrian Arab Republic,SYR,2011,24.5282592773438
Syrian Arab Republic,SYR,2010,24.7345008850098
Syrian Arab Republic,SYR,2009,22.903039932251
Syrian Arab Republic,SYR,2008,21.8033008575439
Syrian Arab Republic,SYR,2007,21.3354091644287
Syrian Arab Republic,SYR,2006,20.8499908447266
Syrian Arab Republic,SYR,2005,18.2976398468018
Syrian Arab Republic,SYR,2004,15.2420597076416
Syrian Arab Republic,SYR,2003,13.2320003509522
Syrian Arab Republic,SYR,2002,12.6482696533203
Syrian Arab Republic,SYR,1995,14.5729703903198
Syrian Arab Republic,SYR,1994,15.1282196044922
Syrian Arab Republic,SYR,1993,16.5476303100586
Syrian Arab Republic,SYR,1992,16.5408096313477
Syrian Arab Republic,SYR,1991,17.3162403106689
Syrian Arab Republic,SYR,1990,17.3862705230713
Syrian Arab Republic,SYR,1989,17.166259765625
Syrian Arab Republic,SYR,1988,18.1158409118652
Syrian Arab Republic,SYR,1987,16.7907009124756
Syrian Arab Republic,SYR,1986,17.1959095001221
Syrian Arab Republic,SYR,1985,17.0832099914551
Syrian Arab Republic,SYR,1984,16.3762092590332
Syrian Arab Republic,SYR,1983,16.3920593261719
Syrian Arab Republic,SYR,1982,16.6946296691894
Syrian Arab Republic,SYR,1981,16.7165508270264
Syrian Arab Republic,SYR,1980,14.2631502151489
Syrian Arab Republic,SYR,1979,14.8926601409912
Syrian Arab Republic,SYR,1978,13.64564037323
Syrian Arab Republic,SYR,1977,12.514949798584
Syrian Arab Republic,SYR,1976,10.5725002288818
Syrian Arab Republic,SYR,1975,10.0957202911377
Syrian Arab Republic,SYR,1974,9.25117969512939
Syrian Arab Republic,SYR,1973,8.76581001281738
Syrian Arab Republic,SYR,1972,9.05167007446289
Syrian Arab Republic,SYR,1971,7.44881010055542
Tajikistan,TJK,2024,35.6398418742497
Tajikistan,TJK,2023,34.9689625947729
Tajikistan,TJK,2022,37.2834392884446
Tajikistan,TJK,2021,37.4220713871838
Tajikistan,TJK,2020,34.6676458195911
Tajikistan,TJK,2017,30.2374706268311
Tajikistan,TJK,2016,28.5179100036621
Tajikistan,TJK,2015,26.0669097900391
Tajikistan,TJK,2014,24.2260093688965
Tajikistan,TJK,2013,22.6164398193359
Tajikistan,TJK,2012,22.6923599243164
Tajikistan,TJK,2011,22.3199405670166
Tajikistan,TJK,2010,22.8308906555176
Tajikistan,TJK,2009,22.5239295959473
Tajikistan,TJK,2008,22.7512302398682
Tajikistan,TJK,2007,22.2864494323731
Tajikistan,TJK,2006,21.302490234375
Tajikistan,TJK,2005,20.1519508361816
Tajikistan,TJK,2004,19.5840606689453
Tajikistan,TJK,2003,18.3057403564453
Tajikistan,TJK,2002,16.9350700378418
Tajikistan,TJK,2001,16.7238998413086
Tajikistan,TJK,2000,17.1997108459473
Tajikistan,TJK,1999,16.6428604125977
Tajikistan,TJK,1995,20.391580581665
Tajikistan,TJK,1994,20.4126892089844
Tajikistan,TJK,1993,20.7430591583252
Tajikistan,TJK,1992,21.0363006591797
Tajikistan,TJK,1991,21.2790393829346
Tajikistan,TJK,1990,21.2453308105469
Tajikistan,TJK,1989,20.2736797332764
Tajikistan,TJK,1988,20.3705101013184
Tajikistan,TJK,1986,20.7210998535156
Tajikistan,TJK,1981,24.2309398651123
Tanzania,TZA,2024,4.01880979537964
Tanzania,TZA,2023,5.16887784940301
Tanzania,TZA,2022,5.32159018874409
Tanzania,TZA,2021,3.59164319762461
Tanzania,TZA,2020,7.18188265775187
Tanzania,TZA,2019,2.85588898826608
Tanzania,TZA,2018,4.27996511118124
Tanzania,TZA,2017,4.78205361153138
Tanzania,TZA,2016,3.72893939925404
Tanzania,TZA,2015,3.98361077132501
Tanzania,TZA,2013,3.67337417645482
Tanzania,TZA,2012,3.96461947161333
Tanzania,TZA,2010,2.13913621753427
Tanzania,TZA,2007,1.46310997009277
Tanzania,TZA,2005,1.42771995067596
Tanzania,TZA,2004,1.21524000167847
Tanzania,TZA,2003,0.897960007190704
Tanzania,TZA,2002,0.697420001029968
Tanzania,TZA,2001,0.662460029125214
Tanzania,TZA,2000,0.64341002702713
Tanzania,TZA,1999,0.602710008621216
Tanzania,TZA,1998,0.521799981594086
Tanzania,TZA,1997,0.603569984436035
Tanzania,TZA,1996,0.505940020084381
Tanzania,TZA,1995,0.448469996452331
Tanzania,TZA,1994,0.394089996814728
Tanzania,TZA,1993,0.378969997167587
Tanzania,TZA,1992,0.338530004024506
Tanzania,TZA,1991,0.33186000585556
Tanzania,TZA,1989,0.256680011749268
Tanzania,TZA,1987,0.321339994668961
Tanzania,TZA,1986,0.274250000715256
Tanzania,TZA,1985,0.273930013179779
Tanzania,TZA,1984,0.277399986982346
Tanzania,TZA,1983,0.268620014190674
Tanzania,TZA,1982,0.266510009765625
Tanzania,TZA,1979,0.263150006532669
Tanzania,TZA,1978,0.328029990196228
Tanzania,TZA,1977,0.175659999251366
Tanzania,TZA,1976,0.22223000228405
Tanzania,TZA,1975,0.227929994463921
Tanzania,TZA,1974,0.263350009918213
Tanzania,TZA,1973,0.236780002713203
Tanzania,TZA,1972,0.216480001807213
Tanzania,TZA,1971,0.182339996099472
Tanzania,TZA,1970,0.169540002942085
Thailand,THA,2025,49.0776442074561
Thailand,THA,2024,44.9845744019321
Thailand,THA,2023,45.4407811172674
Thailand,THA,2022,43.29484965617
Thailand,THA,2021,43.4690405127808
Thailand,THA,2020,42.5900878816865
Thailand,THA,2019,44.9880040072053
Thailand,THA,2018,46.1667791174286
Thailand,THA,2017,47.427491541895
Thailand,THA,2016,49.3227291503798
Thailand,THA,2015,45.713134717198
Thailand,THA,2014,49.9091820021394
Thailand,THA,2013,49.6879408184566
Thailand,THA,2012,50.7403100613359
Thailand,THA,2011,52.7332765596589
Thailand,THA,2010,46.3783774485726
Thailand,THA,2009,46.2023391723633
Thailand,THA,2008,46.3521308898926
Thailand,THA,2007,47.55419921875
Thailand,THA,2006,44.1761817932129
Thailand,THA,2005,44.3367195129395
Thailand,THA,2004,42.1445999145508
Thailand,THA,2003,41.1551513671875
Thailand,THA,2002,40.1257095336914
Thailand,THA,2001,38.9344787597656
Thailand,THA,2000,35.3038711547852
Thailand,THA,1999,34.5813102722168
Thailand,THA,1998,28.7875995635986
Thailand,THA,1997,24.7779598236084
Thailand,THA,1996,22.2134990692139
Thailand,THA,1995,21.1048393249512
Thailand,THA,1993,19.8854808807373
Thailand,THA,1990,15.9281196594238
Thailand,THA,1988,14.9723901748657
Thailand,THA,1986,18.4356708526611
Thailand,THA,1985,19.8500595092773
Thailand,THA,1984,21.3831195831299
Thailand,THA,1983,20.8672790527344
Thailand,THA,1982,18.5992393493652
Thailand,THA,1981,7.61796998977661
Thailand,THA,1980,10.2965002059937
Thailand,THA,1979,8.43535995483398
Thailand,THA,1978,5.03536987304688
Thailand,THA,1977,4.21241998672485
Thailand,THA,1976,3.2494900226593
Thailand,THA,1975,3.50440001487732
Thailand,THA,1974,2.95043992996216
Thailand,THA,1973,2.93899011611939
Thailand,THA,1972,2.95396995544434
Thailand,THA,1971,2.80615997314453
Timor-Leste,TLS,2023,30.9611108169641
Timor-Leste,TLS,2010,17.7029094696045
Timor-Leste,TLS,2009,16.5156002044678
Timor-Leste,TLS,2002,8.40392971038818
Togo,TGO,2020,14.9029897765252
Togo,TGO,2019,13.1551472123617
Togo,TGO,2018,12.9031599603185
Togo,TGO,2017,12.3068653432672
Togo,TGO,2016,12.0913340463942
Togo,TGO,2015,10.8146472215817
Togo,TGO,2014,10.5384945175632
Togo,TGO,2013,10.8397865677878
Togo,TGO,2012,10.7079137745625
Togo,TGO,2011,9.66968081043628
Togo,TGO,2010,8.90678270945479
Togo,TGO,2007,5.5628399848938
Togo,TGO,2006,4.9507098197937
Togo,TGO,1998,3.07287001609802
Togo,TGO,1996,2.69524002075195
Togo,TGO,1995,2.71031999588013
Togo,TGO,1994,2.38979005813599
Togo,TGO,1993,2.21612000465393
Togo,TGO,1992,2.63255000114441
Togo,TGO,1991,2.39435005187988
Togo,TGO,1990,2.16568994522095
Togo,TGO,1989,2.13784003257752
Togo,TGO,1988,2.10569000244141
Togo,TGO,1987,1.91431999206543
Togo,TGO,1984,1.45352005958557
Togo,TGO,1983,1.4386899471283
Togo,TGO,1982,1.59472000598907
Togo,TGO,1981,1.81998002529144
Togo,TGO,1980,1.43621003627777
Togo,TGO,1979,1.28176999092102
Togo,TGO,1978,1.30627000331879
Togo,TGO,1977,1.17577004432678
Togo,TGO,1976,1.01695001125336
Togo,TGO,1975,0.714460015296936
Togo,TGO,1974,0.662810027599335
Togo,TGO,1973,0.681599974632263
Togo,TGO,1972,0.673879981040955
Togo,TGO,1971,0.436320006847382
Tonga,TON,2023,42.8611738148984
Tonga,TON,2020,21.2782986508118
Tonga,TON,2003,6.82398986816406
Tonga,TON,2002,6.1286997795105
Tonga,TON,2001,4.62669992446899
Tonga,TON,2000,5.37392997741699
Tonga,TON,1999,3.42492008209229
Tonga,TON,1985,6.88948011398315
Tonga,TON,1984,6.82388019561768
Tonga,TON,1981,7.14211988449097
Tonga,TON,1979,1.81057000160217
Tonga,TON,1978,2.0733699798584
Tonga,TON,1970,0
Trinidad and Tobago,TTO,2024,23.8493010569383
Trinidad and Tobago,TTO,2004,11.8308000564575
Trinidad and Tobago,TTO,2003,8.70431995391846
Trinidad and Tobago,TTO,2002,8.58695983886719
Trinidad and Tobago,TTO,2001,6.25368022918701
Trinidad and Tobago,TTO,2000,5.75815010070801
Trinidad and Tobago,TTO,1999,5.81035995483398
Trinidad and Tobago,TTO,1993,7.21654987335205
Trinidad and Tobago,TTO,1992,6.72268009185791
Trinidad and Tobago,TTO,1991,6.57351016998291
Trinidad and Tobago,TTO,1989,6.58445978164673
Trinidad and Tobago,TTO,1988,5.73892021179199
Trinidad and Tobago,TTO,1987,5.82119989395142
Trinidad and Tobago,TTO,1986,5.6508002281189
Trinidad and Tobago,TTO,1985,4.66695976257324
Trinidad and Tobago,TTO,1984,3.91960000991821
Trinidad and Tobago,TTO,1983,3.98223996162415
Trinidad and Tobago,TTO,1982,4.3286600112915
Trinidad and Tobago,TTO,1981,4.24423980712891
Trinidad and Tobago,TTO,1980,4.30334997177124
Trinidad and Tobago,TTO,1979,3.99437999725342
Trinidad and Tobago,TTO,1978,4.19003009796143
Trinidad and Tobago,TTO,1977,4.1749701499939
Trinidad and Tobago,TTO,1976,4.0742301940918
Trinidad and Tobago,TTO,1975,2.47810006141663
Trinidad and Tobago,TTO,1974,2.41042995452881
Trinidad and Tobago,TTO,1973,2.36374998092651
Trinidad and Tobago,TTO,1972,2.3569700717926
Trinidad and Tobago,TTO,1971,2.25334000587463
Tunisia,TUN,2023,38.1219482421875
Tunisia,TUN,2022,37.1276893615723
Tunisia,TUN,2021,33.2740287780762
Tunisia,TUN,2020,32.5181999206543
Tunisia,TUN,2019,31.4410896301269
Tunisia,TUN,2018,30.9594707489014
Tunisia,TUN,2017,30.9277496337891
Tunisia,TUN,2016,31.2128105163574
Tunisia,TUN,2015,33.373851776123
Tunisia,TUN,2014,33.7252311706543
Tunisia,TUN,2013,34.2130088806152
Tunisia,TUN,2012,36.0693092346191
Tunisia,TUN,2011,35.942798614502
Tunisia,TUN,2010,36.0425300598145
Tunisia,TUN,2009,35.3081817626953
Tunisia,TUN,2008,33.5827484130859
Tunisia,TUN,2007,32.1416816711426
Tunisia,TUN,2006,31.5884609222412
Tunisia,TUN,2005,30.4263496398926
Tunisia,TUN,2004,28.3220500946045
Tunisia,TUN,2003,25.9742908477783
Tunisia,TUN,2002,22.0570907592773
Tunisia,TUN,2001,20.5963401794434
Tunisia,TUN,2000,18.2472705841064
Tunisia,TUN,1999,16.0545997619629
Tunisia,TUN,1998,14.4664297103882
Tunisia,TUN,1997,13.0872402191162
Tunisia,TUN,1996,12.3348503112793
Tunisia,TUN,1995,11.4788904190063
Tunisia,TUN,1994,11.0246095657349
Tunisia,TUN,1993,10.3985395431519
Tunisia,TUN,1992,9.21152973175049
Tunisia,TUN,1991,8.36275959014893
Tunisia,TUN,1990,7.63667011260986
Tunisia,TUN,1989,6.6363000869751
Tunisia,TUN,1988,5.37071990966797
Tunisia,TUN,1987,5.06817007064819
Tunisia,TUN,1986,5.26846981048584
Tunisia,TUN,1985,5.0774998664856
Tunisia,TUN,1984,4.84456014633179
Tunisia,TUN,1983,4.8641300201416
Tunisia,TUN,1982,4.87855005264282
Tunisia,TUN,1981,4.91017007827759
Tunisia,TUN,1980,4.81236982345581
Tunisia,TUN,1979,4.76605987548828
Tunisia,TUN,1978,4.55637979507446
Tunisia,TUN,1977,4.07420015335083
Tunisia,TUN,1976,3.73266005516052
Tunisia,TUN,1975,2.64432001113892
Tunisia,TUN,1974,2.41460990905762
Tunisia,TUN,1973,2.2218599319458
Tunisia,TUN,1972,2.36743998527527
Tunisia,TUN,1971,2.30262994766235
Turkiye,TUR,2023,105.88606262207
Turkiye,TUR,2022,127.577972412109
Turkiye,TUR,2021,125.763786315918
Turkiye,TUR,2020,118.883682250977
Turkiye,TUR,2019,117.005470275879
Turkiye,TUR,2018,115.462463378906
Turkiye,TUR,2017,110.534072875977
Turkiye,TUR,2016,103.71558380127
Turkiye,TUR,2015,95.5645065307617
Turkiye,TUR,2014,86.9976806640625
Turkiye,TUR,2013,79.6469573974609
Turkiye,TUR,2012,70.1044998168945
Turkiye,TUR,2011,61.516300201416
Turkiye,TUR,2010,56.7506217956543
Turkiye,TUR,2009,46.9404602050781
Turkiye,TUR,2008,40.7729606628418
Turkiye,TUR,2007,39.3874015808105
Turkiye,TUR,2006,37.3102416992188
Turkiye,TUR,2005,33.2225189208984
Turkiye,TUR,2004,30.7662506103516
Turkiye,TUR,2003,29.7210502624512
Turkiye,TUR,2002,25.9334297180176
Turkiye,TUR,2001,25.0384502410889
Turkiye,TUR,1999,22.4771995544434
Turkiye,TUR,1998,22.0010604858398
Turkiye,TUR,1997,22.7995204925537
Turkiye,TUR,1995,19.2497100830078
Turkiye,TUR,1994,18.9496097564697
Turkiye,TUR,1993,15.4898300170898
Turkiye,TUR,1992,13.753210067749
Turkiye,TUR,1991,12.9068098068237
Turkiye,TUR,1990,12.0200004577637
Turkiye,TUR,1989,10.6391000747681
Turkiye,TUR,1988,9.76490020751953
Turkiye,TUR,1987,9.41248989105225
Turkiye,TUR,1986,8.93927001953125
Turkiye,TUR,1985,8.119460105896
Turkiye,TUR,1984,6.68755006790161
Turkiye,TUR,1983,5.78888988494873
Turkiye,TUR,1982,5.39509010314941
Turkiye,TUR,1981,5.35657978057861
Turkiye,TUR,1980,6.26224994659424
Turkiye,TUR,1979,7.79945993423462
Turkiye,TUR,1978,8.52855968475342
Turkiye,TUR,1977,8.81379985809326
Turkiye,TUR,1976,8.24015045166016
Turkiye,TUR,1975,6.8088002204895
Turkiye,TUR,1974,4.90435981750488
Turkiye,TUR,1973,4.69333982467651
Turkiye,TUR,1972,4.77828979492188
Turkiye,TUR,1971,4.93922996520996
Turkmenistan,TKM,2024,20.4250351701637
Turkmenistan,TKM,2023,18.8084201812744
Turkmenistan,TKM,2022,16.7316012007071
Turkmenistan,TKM,2021,14.5425982703266
Turkmenistan,TKM,2020,12.4085702576356
Turkmenistan,TKM,2019,11.0507708201956
Turkmenistan,TKM,2014,7.00093637977294
Turkmenistan,TKM,1991,21.0249099731445
Turkmenistan,TKM,1990,11.7992095947266
Turkmenistan,TKM,1989,11.310830116272
Turkmenistan,TKM,1988,11.6655302047729
Turkmenistan,TKM,1986,22.1329402923584
Turkmenistan,TKM,1981,22.2724990844727
Turks and Caicos Islands,TCA,2023,25.2537080405933
Turks and Caicos Islands,TCA,2022,16.973180770874
Turks and Caicos Islands,TCA,2019,11.7383177570093
Turks and Caicos Islands,TCA,2018,11.3000755857899
Turks and Caicos Islands,TCA,2017,11.8171251452925
Turks and Caicos Islands,TCA,2016,11.0619469026549
Turks and Caicos Islands,TCA,2015,12.3809523809524
Turks and Caicos Islands,TCA,2014,13.5160680529301
Turks and Caicos Islands,TCA,2010,0.30978998541832
Turks and Caicos Islands,TCA,2008,0.116480000317097
Tuvalu,TUV,2023,19.3509615384615
Uganda,UGA,2014,4.61899995803833
Uganda,UGA,2012,3.74987006187439
Uganda,UGA,2011,4.37658023834229
Uganda,UGA,2010,3.9166100025177
Uganda,UGA,2009,4.19193983078003
Uganda,UGA,2008,3.80542993545532
Uganda,UGA,2006,3.56147003173828
Uganda,UGA,2004,3.65948009490967
Uganda,UGA,2003,3.77904009819031
Uganda,UGA,2002,3.54375004768372
Uganda,UGA,2001,2.85116004943848
Uganda,UGA,2000,2.61231994628906
Uganda,UGA,1999,1.9514000415802
Uganda,UGA,1996,1.78656005859375
Uganda,UGA,1995,1.5566600561142
Uganda,UGA,1994,1.45316004753113
Uganda,UGA,1993,1.30781996250153
Uganda,UGA,1992,1.20323002338409
Uganda,UGA,1991,1.23331999778748
Uganda,UGA,1990,1.05559003353119
Uganda,UGA,1989,0.924139976501465
Uganda,UGA,1988,0.921400010585785
Uganda,UGA,1987,0.847249984741211
Uganda,UGA,1986,0.775829970836639
Uganda,UGA,1985,0.735010027885437
Uganda,UGA,1982,0.583639979362488
Uganda,UGA,1981,0.535380005836487
Uganda,UGA,1980,0.485639989376068
Uganda,UGA,1979,0.522759974002838
Uganda,UGA,1978,0.592270016670227
Uganda,UGA,1977,0.563359975814819
Uganda,UGA,1976,0.471969991922378
Uganda,UGA,1975,0.51512998342514
Uganda,UGA,1974,0.541930019855499
Uganda,UGA,1972,0.537869989871979
Uganda,UGA,1971,0.470660001039505
Uganda,UGA,1970,0.472330003976822
Ukraine,UKR,2024,87.1920013427734
Ukraine,UKR,2023,82.5533599853516
Ukraine,UKR,2021,75.9079435107907
Ukraine,UKR,2020,82.1345992180731
Ukraine,UKR,2019,84.48135621115
Ukraine,UKR,2018,81.4946716210446
Ukraine,UKR,2017,80.1990246943391
Ukraine,UKR,2016,77.0398374695438
Ukraine,UKR,2015,76.8646556476929
Ukraine,UKR,2014,83.7842174613245
Ukraine,UKR,2013,81.5320112568844
Ukraine,UKR,2012,83.8798999891598
Ukraine,UKR,2011,84.7981059629784
Ukraine,UKR,2010,81.9082510858655
Ukraine,UKR,2009,82.4992523193359
Ukraine,UKR,2008,79.7325210571289
Ukraine,UKR,2007,76.2627563476562
Ukraine,UKR,2006,71.939811706543
Ukraine,UKR,2005,66.8898620605469
Ukraine,UKR,2004,63.4407501220703
Ukraine,UKR,2003,60.2553215026855
Ukraine,UKR,2002,56.645679473877
Ukraine,UKR,2001,52.9101104736328
Ukraine,UKR,2000,50.5071182250977
Ukraine,UKR,1999,48.1569786071777
Ukraine,UKR,1998,46.2560806274414
Ukraine,UKR,1996,43.0763893127441
Ukraine,UKR,1995,43.5848693847656
Ukraine,UKR,1994,41.6465492248535
Ukraine,UKR,1993,43.9720497131348
Ukraine,UKR,1992,45.6464614868164
Ukraine,UKR,1991,45.6067581176758
Ukraine,UKR,1990,46.6147499084473
Ukraine,UKR,1989,45.8054618835449
Ukraine,UKR,1988,48.8078002929688
Ukraine,UKR,1986,46.0389289855957
Ukraine,UKR,1985,45.1448287963867
Ukraine,UKR,1984,43.4779891967773
Ukraine,UKR,1983,43.4685287475586
Ukraine,UKR,1982,42.131290435791
Ukraine,UKR,1981,41.192008972168
Ukraine,UKR,1976,38.9148597717285
Ukraine,UKR,1971,41.9827690124512
United Arab Emirates,ARE,2024,63.7384451086316
United Arab Emirates,ARE,2023,61.3456114422447
United Arab Emirates,ARE,2022,60.4188226013954
United Arab Emirates,ARE,2021,56.4520334436146
United Arab Emirates,ARE,2020,54.9746998074699
United Arab Emirates,ARE,2019,53.8814655213653
United Arab Emirates,ARE,2018,53.2113281680102
United Kingdom,GBR,2023,80.4146499633789
United Kingdom,GBR,2022,79.7695083618164
United Kingdom,GBR,2021,76.7543563842773
United Kingdom,GBR,2020,69.4076614379883
United Kingdom,GBR,2019,65.5119934082031
United Kingdom,GBR,2018,61.1377716064453
United Kingdom,GBR,2017,59.6282081604004
United Kingdom,GBR,2016,58.083869934082
United Kingdom,GBR,2015,56.4461288452148
United Kingdom,GBR,2014,56.5240287780762
United Kingdom,GBR,2013,56.7794799804688
United Kingdom,GBR,2012,59.1535682678223
United Kingdom,GBR,2011,59.3426704406738
United Kingdom,GBR,2010,59.8467292785645
United Kingdom,GBR,2009,59.101131439209
United Kingdom,GBR,2008,57.4309883117676
United Kingdom,GBR,2007,58.8450889587402
United Kingdom,GBR,2006,59.1907196044922
United Kingdom,GBR,2005,59.2745018005371
United Kingdom,GBR,2004,59.4526710510254
United Kingdom,GBR,2003,61.4559707641602
United Kingdom,GBR,2002,61.1282196044922
United Kingdom,GBR,2001,57.4873008728027
United Kingdom,GBR,2000,57.365119934082
United States,USA,2022,79.361930847168
United States,USA,2021,84.8550872802734
United States,USA,2020,87.5676574707031
United States,USA,2019,87.8887100219727
United States,USA,2018,88.2991790771484
United States,USA,2017,88.1673889160156
United States,USA,2016,88.8350524902344
United States,USA,2015,88.8894119262695
United States,USA,2014,88.6268692016602
United States,USA,2013,88.7264175415039
United States,USA,2005,80.6348266601562
United States,USA,1999,71.37548828125
United States,USA,1998,70.8996200561523
United States,USA,1996,79.3373336791992
United States,USA,1995,80.342529296875
United States,USA,1994,79.476432800293
United States,USA,1993,78.7144165039062
United States,USA,1992,77.0626602172852
United States,USA,1991,72.8127975463867
United States,USA,1990,71.4957275390625
United States,USA,1989,68.5826797485352
United States,USA,1988,66.8240585327148
United States,USA,1987,64.0167388916016
United States,USA,1986,60.9534912109375
United States,USA,1985,59.2420692443848
United States,USA,1984,58.7549095153809
United States,USA,1983,57.5493507385254
United States,USA,1982,56.8819313049316
United States,USA,1981,55.3480186462402
United States,USA,1980,52.8782386779785
United States,USA,1979,51.810131072998
United States,USA,1978,52.4358406066895
United States,USA,1977,51.7869606018066
United States,USA,1976,53.6102409362793
United States,USA,1975,50.1408500671387
United States,USA,1974,48.3928108215332
United States,USA,1973,48.3167495727539
United States,USA,1972,47.987979888916
United States,USA,1971,46.751781463623
Uruguay,URY,2023,79.9536903496537
Uruguay,URY,2022,76.3977408357972
Uruguay,URY,2021,75.1713873701582
Uruguay,URY,2020,64.9332150107214
Uruguay,URY,2019,61.9644279466795
Uruguay,URY,2018,60.2781342968002
Uruguay,URY,2017,59.7518904286933
Uruguay,URY,2016,59.6462945758069
Uruguay,URY,2015,57.7897211461691
Uruguay,URY,2014,59.826704311423
Uruguay,URY,2013,59.9512588300598
Uruguay,URY,2012,54.7069093768187
Uruguay,URY,2011,52.5558159999377
Uruguay,URY,2010,51.8884303512712
Uruguay,URY,2009,50.9438095092773
Uruguay,URY,2008,51.0627593994141
Uruguay,URY,2007,50.3921318054199
Uruguay,URY,2006,45.3399810791016
Uruguay,URY,2005,44.3836708068848
Uruguay,URY,2004,42.7656097412109
Uruguay,URY,2003,41.7629699707031
Uruguay,URY,2002,39.5832290649414
Uruguay,URY,2001,37.7791595458984
Uruguay,URY,2000,33.8414497375488
Uruguay,URY,1999,33.6197891235352
Uruguay,URY,1998,35.4384002685547
Uruguay,URY,1996,29.964319229126
Uruguay,URY,1992,28.0859699249268
Uruguay,URY,1991,30.7541999816894
Uruguay,URY,1990,30.11083984375
Uruguay,URY,1989,29.2518100738525
Uruguay,URY,1983,23.9578895568848
Uruguay,URY,1982,22.4728202819824
Uruguay,URY,1981,17.2512893676758
Uruguay,URY,1980,15.5197296142578
Uruguay,URY,1979,16.4293098449707
Uruguay,URY,1977,17.3185901641846
Uruguay,URY,1975,14.7060499191284
Uruguay,URY,1974,12.0089902877808
Uzbekistan,UZB,2025,59.8086982926392
Uzbekistan,UZB,2024,56.517478700865
Uzbekistan,UZB,2023,45.7591768686293
Uzbekistan,UZB,2022,31.701936179599
Uzbekistan,UZB,2021,22.0939011675309
Uzbekistan,UZB,2020,15.9720957084892
Uzbekistan,UZB,2019,13.0316667432446
Uzbekistan,UZB,2018,9.95855522351711
Uzbekistan,UZB,2017,8.64750307019382
Uzbekistan,UZB,2016,8.33958377998093
Uzbekistan,UZB,2015,8.05320814639575
Uzbekistan,UZB,2014,7.99231869405469
Uzbekistan,UZB,2013,7.97676963416095
Uzbekistan,UZB,2012,7.84954008903504
Uzbekistan,UZB,2011,8.58497947573208
Uzbekistan,UZB,2010,8.85653237012253
Uzbekistan,UZB,2009,9.8161096572876
Uzbekistan,UZB,2008,9.89933967590332
Uzbekistan,UZB,2007,9.83143043518066
Uzbekistan,UZB,2006,9.96053028106689
Uzbekistan,UZB,2005,9.84444999694824
Uzbekistan,UZB,2004,13.8527898788452
Uzbekistan,UZB,2003,13.8350601196289
Uzbekistan,UZB,2002,13.7379999160767
Uzbekistan,UZB,2001,13.297869682312
Uzbekistan,UZB,2000,13.0081100463867
Uzbekistan,UZB,1999,12.9796800613403
Uzbekistan,UZB,1992,16.4374408721924
Uzbekistan,UZB,1991,17.0046997070312
Uzbekistan,UZB,1990,16.854549407959
Uzbekistan,UZB,1989,15.9843902587891
Uzbekistan,UZB,1988,15.7634696960449
Uzbekistan,UZB,1986,15.1638803482056
Vanuatu,VUT,2004,4.87792015075684
Vanuatu,VUT,2003,4.86402988433838
Vanuatu,VUT,2002,5.41701984405518
Vanuatu,VUT,2001,4.5063099861145
Vanuatu,VUT,2000,4.54419994354248
Vanuatu,VUT,1999,4.55672979354858
"Venezuela, RB",VEN,2009,78.2699203491211
"Venezuela, RB",VEN,2008,78.2515029907227
"Venezuela, RB",VEN,2004,41.2058296203613
"Venezuela, RB",VEN,2003,39.2063407897949
"Venezuela, RB",VEN,2002,37.518970489502
"Venezuela, RB",VEN,2000,27.8114891052246
"Venezuela, RB",VEN,1992,27.0434608459473
"Venezuela, RB",VEN,1991,27.4910392761231
"Venezuela, RB",VEN,1990,26.8769798278809
"Venezuela, RB",VEN,1989,25.8283996582031
"Venezuela, RB",VEN,1988,24.520809173584
"Venezuela, RB",VEN,1987,23.5750999450684
"Venezuela, RB",VEN,1986,24.5814800262451
"Venezuela, RB",VEN,1985,21.6080799102783
"Venezuela, RB",VEN,1984,21.8267993927002
"Venezuela, RB",VEN,1983,20.6762008666992
"Venezuela, RB",VEN,1982,20.0155601501465
"Venezuela, RB",VEN,1981,18.9722003936768
"Venezuela, RB",VEN,1980,18.9691390991211
"Venezuela, RB",VEN,1979,18.3426303863525
"Venezuela, RB",VEN,1978,17.8186893463135
"Venezuela, RB",VEN,1976,15.4267597198486
"Venezuela, RB",VEN,1975,14.1456604003906
"Venezuela, RB",VEN,1974,12.688380241394
"Venezuela, RB",VEN,1973,11.8261995315552
"Venezuela, RB",VEN,1972,10.608229637146
"Venezuela, RB",VEN,1971,9.16672992706299
Viet Nam,VNM,2024,37.5923642016718
Viet Nam,VNM,2023,32.8415128147815
Viet Nam,VNM,2022,44.7536854027422
Viet Nam,VNM,2021,41.9554971195048
Viet Nam,VNM,2019,30.2241191864014
Viet Nam,VNM,2017,25.9526307046456
Viet Nam,VNM,2016,29.0811980839409
Viet Nam,VNM,2015,29.7250797402999
Viet Nam,VNM,2014,31.3306389293887
Viet Nam,VNM,2013,25.6249412769592
Viet Nam,VNM,2012,25.7487091222031
Viet Nam,VNM,2011,25.8674734818525
Viet Nam,VNM,2010,23.9250975429329
Viet Nam,VNM,2009,21.5007190704346
Viet Nam,VNM,2008,20.0552005767822
Viet Nam,VNM,2007,18.9504508972168
Viet Nam,VNM,2006,16.8052501678467
Viet Nam,VNM,2005,15.8760204315185
Viet Nam,VNM,2003,9.91792964935303
Viet Nam,VNM,2002,9.55722999572754
Viet Nam,VNM,2001,9.30103015899658
Viet Nam,VNM,2000,9.24740982055664
Viet Nam,VNM,1999,10.4174203872681
Viet Nam,VNM,1998,9.53810024261475
Viet Nam,VNM,1997,6.84087991714478
Viet Nam,VNM,1996,4.06363010406494
Viet Nam,VNM,1995,2.83200001716614
Viet Nam,VNM,1994,2.24714994430542
Viet Nam,VNM,1993,2.01602005958557
Viet Nam,VNM,1992,1.62644994258881
Viet Nam,VNM,1991,2.04989004135132
Viet Nam,VNM,1990,3.05396008491516
Viet Nam,VNM,1989,2.97109007835388
Viet Nam,VNM,1986,2.08523988723755
Viet Nam,VNM,1981,2.07332992553711
Viet Nam,VNM,1980,2.4519898891449
Viet Nam,VNM,1979,2.50336003303528
Viet Nam,VNM,1978,2.33300995826721
Viet Nam,VNM,1977,1.98196995258331
Viet Nam,VNM,1976,1.6805100440979
Virgin Islands (U.S.),VIR,1993,33.5513496398926
Virgin Islands (U.S.),VIR,1992,31.2717208862305
Virgin Islands (U.S.),VIR,1991,29.536470413208
Virgin Islands (U.S.),VIR,1987,28.9863300323486
Virgin Islands (U.S.),VIR,1986,27.9694690704346
Virgin Islands (U.S.),VIR,1983,29.6008605957031
Virgin Islands (U.S.),VIR,1982,30.1015701293945
West Bank and Gaza,PSE,2023,44.4904623709098
West Bank and Gaza,PSE,2022,45.7982801281791
West Bank and Gaza,PSE,2021,44.2081176768623
West Bank and Gaza,PSE,2020,45.3895360497376
West Bank and Gaza,PSE,2019,45.6330464687168
West Bank and Gaza,PSE,2018,46.4852162059319
West Bank and Gaza,PSE,2017,45.5044081379083
West Bank and Gaza,PSE,2016,45.3924907557838
West Bank and Gaza,PSE,2015,46.0871831764203
West Bank and Gaza,PSE,2014,44.8451220304662
West Bank and Gaza,PSE,2013,45.2354836861858
West Bank and Gaza,PSE,2012,47.0416991089195
West Bank and Gaza,PSE,2011,47.5094364758648
West Bank and Gaza,PSE,2010,45.0943742403046
West Bank and Gaza,PSE,2009,43.4091491699219
West Bank and Gaza,PSE,2008,44.7015686035156
West Bank and Gaza,PSE,2007,43.544979095459
West Bank and Gaza,PSE,2006,40.1437492370605
West Bank and Gaza,PSE,2005,38.400749206543
West Bank and Gaza,PSE,2004,35.1719093322754
West Bank and Gaza,PSE,2003,31.2601299285889
West Bank and Gaza,PSE,2002,27.5037307739258
West Bank and Gaza,PSE,2001,25.7727699279785
West Bank and Gaza,PSE,2000,23.624870300293
West Bank and Gaza,PSE,1999,22.7711391448975
West Bank and Gaza,PSE,1998,20.1686706542969
West Bank and Gaza,PSE,1997,18.3967094421387
West Bank and Gaza,PSE,1996,15.8326501846313
"Yemen, Rep.",YEM,2011,8.80690002441406
"Yemen, Rep.",YEM,2010,9.26154041290283
"Yemen, Rep.",YEM,2009,9.69779014587402
"Yemen, Rep.",YEM,2008,9.20860004425049
"Yemen, Rep.",YEM,2007,9.04864025115967
"Yemen, Rep.",YEM,2006,8.00743007659912
"Yemen, Rep.",YEM,2005,8.33720016479492
"Yemen, Rep.",YEM,2004,8.35861015319824
"Yemen, Rep.",YEM,2003,8.78116989135742
"Yemen, Rep.",YEM,2002,9.18375968933105
"Yemen, Rep.",YEM,1999,9.01142978668213
"Yemen, Rep.",YEM,1997,3.97206997871399
"Yemen, Rep.",YEM,1992,3.99025011062622
Zambia,ZMB,2012,3.96159738763825
Zambia,ZMB,2011,3.99062158481189
Zambia,ZMB,1999,2.38265991210938
Zambia,ZMB,1998,2.3989999294281
Zambia,ZMB,1990,2.08488011360169
Zambia,ZMB,1989,2.03008008003235
Zambia,ZMB,1988,2.15345001220703
Zambia,ZMB,1987,1.95634996891022
Zambia,ZMB,1986,2.24834990501404
Zambia,ZMB,1984,1.46134996414185
Zambia,ZMB,1983,1.52306997776031
Zambia,ZMB,1982,1.46257996559143
Zambia,ZMB,1981,1.4261200428009
Zambia,ZMB,1979,1.49784994125366
Zambia,ZMB,1978,1.54533004760742
Zambia,ZMB,1977,1.54306995868683
Zambia,ZMB,1976,1.98497998714447
Zambia,ZMB,1975,1.95813000202179
Zambia,ZMB,1974,1.12231004238129
Zambia,ZMB,1970,0.39258000254631
Zimbabwe,ZWE,2024,7.74912957845971
Zimbabwe,ZWE,2015,11.0489020370076
Zimbabwe,ZWE,2013,7.31873655658947
Zimbabwe,ZWE,2012,7.12874147164551
Zimbabwe,ZWE,2011,7.111226643716
Zimbabwe,ZWE,2010,6.9457720142893
Zimbabwe,ZWE,1992,6.0151801109314
Zimbabwe,ZWE,1991,5.29875993728638
Zimbabwe,ZWE,1990,5.23507022857666
Zimbabwe,ZWE,1989,6.10327005386353
Zimbabwe,ZWE,1986,2.29884004592896
Zimbabwe,ZWE,1985,1.89549994468689
Zimbabwe,ZWE,1984,1.62802004814148
Zimbabwe,ZWE,1983,1.42452001571655
Zimbabwe,ZWE,1982,2.19470000267029
Zimbabwe,ZWE,1981,1.8602499961853
Zimbabwe,ZWE,1980,1.48162996768951
Zimbabwe,ZWE,1979,1.50475001335144
Zimbabwe,ZWE,1978,1.49998998641968
Zimbabwe,ZWE,1977,1.50283002853394
Zimbabwe,ZWE,1976,1.59922003746033
Zimbabwe,ZWE,1975,1.54042994976044
Zimbabwe,ZWE,1974,1.46367001533508
Zimbabwe,ZWE,1973,1.58052003383636
Zimbabwe,ZWE,1972,1.55430996417999
Zimbabwe,ZWE,1971,1.58315002918243