country_name,country_iso3code,year,indicator_value
Africa Eastern and Southern,AFE,2023,3.96229304413263
Africa Eastern and Southern,AFE,2022,3.69766802106406
Africa Eastern and Southern,AFE,2021,4.36837948133246
Africa Eastern and Southern,AFE,2020,4.0905654220699
Africa Eastern and Southern,AFE,2019,4.51140984355031
Africa Eastern and Southern,AFE,2018,4.9091899394989
Africa Eastern and Southern,AFE,2017,4.5962700843811
Africa Eastern and Southern,AFE,2016,4.69199991226196
Africa Eastern and Southern,AFE,2015,4.73791868878759
Africa Eastern and Southern,AFE,2014,4.65965986251831
Africa Eastern and Southern,AFE,2013,4.63769446369719
Africa Eastern and Southern,AFE,2012,4.67612504959106
Africa Eastern and Southern,AFE,2011,4.63901452250474
Africa Eastern and Southern,AFE,2010,4.02403008937836
Africa Eastern and Southern,AFE,2008,4.28008008003235
Africa Eastern and Southern,AFE,2006,3.7359299659729
Africa Eastern and Southern,AFE,2005,3.85834002494812
Africa Eastern and Southern,AFE,2004,3.74495005607605
Africa Eastern and Southern,AFE,2001,4.34167003631591
Africa Eastern and Southern,AFE,2000,3.60612988471985
Africa Eastern and Southern,AFE,1999,3.88743996620178
Africa Western and Central,AFW,2023,3.21562023947166
Africa Western and Central,AFW,2022,2.89168744551701
Africa Western and Central,AFW,2021,3.09692638090381
Africa Western and Central,AFW,2020,3.3367600440979
Africa Western and Central,AFW,2019,3.00001001358032
Africa Western and Central,AFW,2018,3.00657498836517
Africa Western and Central,AFW,2017,3.12012994289398
Africa Western and Central,AFW,2016,2.57739496231079
Africa Western and Central,AFW,2015,3.13882994651794
Africa Western and Central,AFW,2014,2.66667008399963
Africa Western and Central,AFW,2013,2.70691990852356
Africa Western and Central,AFW,2012,2.68840026027393
Africa Western and Central,AFW,2011,2.65335988998413
Africa Western and Central,AFW,2010,2.7219500541687
Africa Western and Central,AFW,2009,2.90790009498596
Africa Western and Central,AFW,2008,2.49826002120972
Africa Western and Central,AFW,2006,2.55851006507873
Africa Western and Central,AFW,2005,2.44700992107391
Africa Western and Central,AFW,2004,2.24505507946014
Africa Western and Central,AFW,2003,2.35525989532471
Africa Western and Central,AFW,2002,2.34950995445252
Africa Western and Central,AFW,2001,2.36509990692139
Africa Western and Central,AFW,2000,2.46335005760193
Africa Western and Central,AFW,1999,2.34582495689392
Arab World,ARB,2020,3.76860740670194
Arab World,ARB,2019,3.42432999610901
Arab World,ARB,2008,4.22755002975464
Arab World,ARB,2006,3.75997996330261
Arab World,ARB,2004,4.67072010040283
Caribbean small states,CSS,2023,3.23358011245727
Caribbean small states,CSS,2022,2.81801009178162
Caribbean small states,CSS,2021,3.04397988319397
Caribbean small states,CSS,2020,4.22041988372803
Caribbean small states,CSS,2019,3.55386116245268
Caribbean small states,CSS,2018,3.47141762674052
Caribbean small states,CSS,2017,3.3293687903123
Caribbean small states,CSS,2016,4.21428227509361
Caribbean small states,CSS,2015,4.42459330779419
Caribbean small states,CSS,2014,3.59013796983043
Caribbean small states,CSS,2013,3.75275872925405
Caribbean small states,CSS,2012,3.57398000577018
Caribbean small states,CSS,2011,3.85078840215008
Caribbean small states,CSS,2010,4.21155458844183
Caribbean small states,CSS,2003,3.13660001754761
Caribbean small states,CSS,2002,3.54300999641419
Caribbean small states,CSS,2001,3.06528997421265
Caribbean small states,CSS,2000,2.75565004348755
Caribbean small states,CSS,1999,2.75611996650696
Caribbean small states,CSS,1998,2.43892002105713
Caribbean small states,CSS,1997,3.3252100944519
Caribbean small states,CSS,1996,3.24876999855042
Caribbean small states,CSS,1995,3.55854988098144
Caribbean small states,CSS,1994,3.43180990219116
Caribbean small states,CSS,1990,3.65412998199463
Caribbean small states,CSS,1989,4.1998701095581
Caribbean small states,CSS,1985,5.76774978637695
Caribbean small states,CSS,1984,5.87390995025635
Caribbean small states,CSS,1983,5.76660013198853
Caribbean small states,CSS,1982,5.45739984512329
Caribbean small states,CSS,1980,3.76807999610901
Central Europe and the Baltics,CEB,2022,4.31669998168945
Central Europe and the Baltics,CEB,2021,4.65407991409302
Central Europe and the Baltics,CEB,2020,4.62503004074097
Central Europe and the Baltics,CEB,2019,4.26779985427856
Central Europe and the Baltics,CEB,2018,4.21541023254395
Central Europe and the Baltics,CEB,2017,4.07754993438721
Central Europe and the Baltics,CEB,2016,4.61468505859375
Central Europe and the Baltics,CEB,2015,4.67582988739014
Central Europe and the Baltics,CEB,2014,4.41676497459412
Central Europe and the Baltics,CEB,2013,4.50127983093262
Central Europe and the Baltics,CEB,2012,4.43195486068726
Central Europe and the Baltics,CEB,2011,4.57056999206543
Central Europe and the Baltics,CEB,2010,4.73365020751953
Central Europe and the Baltics,CEB,2009,4.95626020431519
Central Europe and the Baltics,CEB,2008,4.83649015426636
Central Europe and the Baltics,CEB,2007,4.59159994125366
Central Europe and the Baltics,CEB,2006,4.83653020858765
Central Europe and the Baltics,CEB,2005,4.80935001373291
Central Europe and the Baltics,CEB,2004,4.87566995620728
Central Europe and the Baltics,CEB,2003,5.1067099571228
Central Europe and the Baltics,CEB,2002,5.17711019515991
Central Europe and the Baltics,CEB,2001,5.07930493354798
Central Europe and the Baltics,CEB,2000,4.8624701499939
Central Europe and the Baltics,CEB,1999,4.56634497642517
Central Europe and the Baltics,CEB,1998,4.92518997192383
Central Europe and the Baltics,CEB,1996,4.31855010986328
Central Europe and the Baltics,CEB,1995,4.61021494865417
Central Europe and the Baltics,CEB,1994,4.69971990585327
Central Europe and the Baltics,CEB,1993,4.67116498947144
Central Europe and the Baltics,CEB,1992,4.9908549785614
Early-demographic dividend,EAR,2023,3.393709897995
Early-demographic dividend,EAR,2022,3.59546935615519
Early-demographic dividend,EAR,2021,3.86070382057691
Early-demographic dividend,EAR,2020,4.0905654220699
Early-demographic dividend,EAR,2019,3.48983027194334
Early-demographic dividend,EAR,2018,3.8861300945282
Early-demographic dividend,EAR,2017,3.93130993843079
Early-demographic dividend,EAR,2016,4.00170004367829
Early-demographic dividend,EAR,2015,4.0238801240921
Early-demographic dividend,EAR,2014,3.89878023242693
Early-demographic dividend,EAR,2013,4.4985499382019
Early-demographic dividend,EAR,2012,4.20262503623962
Early-demographic dividend,EAR,2011,3.87058997154235
Early-demographic dividend,EAR,2010,4.00675010681152
Early-demographic dividend,EAR,2008,4.11142015457153
Early-demographic dividend,EAR,2007,3.60984992980957
Early-demographic dividend,EAR,2006,4.12821006774902
Early-demographic dividend,EAR,2002,3.52009010314941
Early-demographic dividend,EAR,2001,4.07168006896973
Early-demographic dividend,EAR,2000,3.8178950548172
Early-demographic dividend,EAR,1999,4.11037015914917
East Asia & Pacific,EAS,2023,3.51481008529663
East Asia & Pacific,EAS,2022,2.88738689372749
East Asia & Pacific,EAS,2021,2.98212428478268
East Asia & Pacific,EAS,2020,3.30628991127014
East Asia & Pacific,EAS,2019,3.08499832693462
East Asia & Pacific,EAS,2018,3.19769395901619
East Asia & Pacific,EAS,2017,3.41865686539527
East Asia & Pacific,EAS,2016,3.38517552407879
East Asia & Pacific,EAS,2015,3.50010727729012
East Asia & Pacific,EAS,2014,3.54012312110584
East Asia & Pacific,EAS,2013,3.94216501712799
East Asia & Pacific,EAS,2012,3.50960993766785
East Asia & Pacific,EAS,2011,3.51174998283386
East Asia & Pacific,EAS,2010,3.5100200176239
East Asia & Pacific,EAS,2009,3.86193990707398
East Asia & Pacific,EAS,2008,3.26652002334595
East Asia & Pacific,EAS,2007,3.17887997627258
East Asia & Pacific,EAS,2004,3.53943502902985
East Asia & Pacific,EAS,2002,3.6369549036026
East Asia & Pacific,EAS,1982,3.90329003334045
East Asia & Pacific,EAS,1980,2.98676490783691
East Asia & Pacific (excluding high income),EAP,2023,3.01801614079218
East Asia & Pacific (excluding high income),EAP,2022,2.28490151187525
East Asia & Pacific (excluding high income),EAP,2021,2.94517488804327
East Asia & Pacific (excluding high income),EAP,2020,3.15314171737183
East Asia & Pacific (excluding high income),EAP,2019,2.5778339953863
East Asia & Pacific (excluding high income),EAP,2018,2.76635312459968
East Asia & Pacific (excluding high income),EAP,2017,3.44198917089946
East Asia & Pacific (excluding high income),EAP,2016,3.46906995773315
East Asia & Pacific (excluding high income),EAP,2015,3.58361005783081
East Asia & Pacific (excluding high income),EAP,2014,3.54012312110584
East Asia & Pacific (excluding high income),EAP,2013,4.32617497444153
East Asia & Pacific (excluding high income),EAP,2012,4.47245001792908
East Asia & Pacific (excluding high income),EAP,2011,3.7802300453186
East Asia & Pacific (excluding high income),EAP,2010,3.77720499038697
East Asia & Pacific (excluding high income),EAP,2009,3.86193990707398
East Asia & Pacific (excluding high income),EAP,2008,3.50850009918213
East Asia & Pacific (excluding high income),EAP,2007,3.07841992378235
East Asia & Pacific (excluding high income),EAP,2004,2.74846005439758
East Asia & Pacific (excluding high income),EAP,2002,2.89222002029419
East Asia & Pacific (excluding high income),EAP,2001,2.69233500957489
East Asia & Pacific (excluding high income),EAP,2000,4.20893001556396
East Asia & Pacific (excluding high income),EAP,1997,3.51326501369476
East Asia & Pacific (excluding high income),EAP,1996,2.6866649389267
East Asia & Pacific (excluding high income),EAP,1995,2.24833500385284
East Asia & Pacific (IDA & IBRD countries),TEA,2023,3.01801614079218
East Asia & Pacific (IDA & IBRD countries),TEA,2022,2.28490151187525
East Asia & Pacific (IDA & IBRD countries),TEA,2021,2.94517488804327
East Asia & Pacific (IDA & IBRD countries),TEA,2020,3.15314171737183
East Asia & Pacific (IDA & IBRD countries),TEA,2019,2.5778339953863
East Asia & Pacific (IDA & IBRD countries),TEA,2018,2.76635312459968
East Asia & Pacific (IDA & IBRD countries),TEA,2017,3.44198917089946
East Asia & Pacific (IDA & IBRD countries),TEA,2016,3.46906995773315
East Asia & Pacific (IDA & IBRD countries),TEA,2015,3.58361005783081
East Asia & Pacific (IDA & IBRD countries),TEA,2014,3.54012312110584
East Asia & Pacific (IDA & IBRD countries),TEA,2013,4.32617497444153
East Asia & Pacific (IDA & IBRD countries),TEA,2012,4.47245001792908
East Asia & Pacific (IDA & IBRD countries),TEA,2011,3.7802300453186
East Asia & Pacific (IDA & IBRD countries),TEA,2010,3.77720499038697
East Asia & Pacific (IDA & IBRD countries),TEA,2009,3.86193990707398
East Asia & Pacific (IDA & IBRD countries),TEA,2008,3.50850009918213
East Asia & Pacific (IDA & IBRD countries),TEA,2007,3.07841992378235
East Asia & Pacific (IDA & IBRD countries),TEA,2004,2.74846005439758
East Asia & Pacific (IDA & IBRD countries),TEA,2002,2.89222002029419
East Asia & Pacific (IDA & IBRD countries),TEA,2001,2.69233500957489
East Asia & Pacific (IDA & IBRD countries),TEA,2000,4.20893001556396
East Asia & Pacific (IDA & IBRD countries),TEA,1997,3.51326501369476
East Asia & Pacific (IDA & IBRD countries),TEA,1996,2.6866649389267
East Asia & Pacific (IDA & IBRD countries),TEA,1995,2.24833500385284
Euro area,EMU,2022,4.74210977554321
Euro area,EMU,2021,4.94782495498657
Euro area,EMU,2020,5.14444994926452
Euro area,EMU,2019,4.6275200843811
Euro area,EMU,2018,4.5368549823761
Euro area,EMU,2017,4.77830982208252
Euro area,EMU,2016,4.82350015640259
Euro area,EMU,2015,4.89425992965698
Euro area,EMU,2014,4.9729449748993
Euro area,EMU,2013,5.23177003860474
Euro area,EMU,2012,4.94226980209351
Euro area,EMU,2011,5.15469980239868
Euro area,EMU,2010,5.40499019622803
Euro area,EMU,2009,5.59510493278503
Euro area,EMU,2008,4.99737977981567
Euro area,EMU,2007,4.71541976928711
Euro area,EMU,2006,4.90769004821777
Euro area,EMU,2005,4.87698984146118
Euro area,EMU,2004,4.95843005180359
Euro area,EMU,2003,5.0199499130249
Euro area,EMU,2002,4.78904008865356
Euro area,EMU,2001,4.96075010299682
Euro area,EMU,2000,4.58325004577637
Euro area,EMU,1999,4.50165987014771
Euro area,EMU,1998,4.48938488960266
Euro area,EMU,1996,4.75392007827759
Euro area,EMU,1995,4.61330986022949
Euro area,EMU,1994,4.68550992012024
Euro area,EMU,1993,4.95048999786377
Euro area,EMU,1992,5.0056300163269
Euro area,EMU,1991,4.78267002105713
Euro area,EMU,1990,4.50470495223999
Euro area,EMU,1988,4.58149504661561
Euro area,EMU,1987,4.66263008117676
Euro area,EMU,1986,4.8522801399231
Euro area,EMU,1979,4.79649019241333
Euro area,EMU,1978,4.38827991485596
Euro area,EMU,1976,4.38359999656677
Euro area,EMU,1974,4.27873992919922
Europe & Central Asia,ECS,2022,4.56857490539551
Europe & Central Asia,ECS,2021,4.7092399597168
Europe & Central Asia,ECS,2020,4.85690999031067
Europe & Central Asia,ECS,2019,4.60705995559693
Europe & Central Asia,ECS,2018,4.64193511009216
Europe & Central Asia,ECS,2017,4.64034986495972
Europe & Central Asia,ECS,2016,4.82350015640259
Europe & Central Asia,ECS,2015,4.78751993179321
Europe & Central Asia,ECS,2014,4.82582998275757
Europe & Central Asia,ECS,2013,4.99779987335205
Europe & Central Asia,ECS,2012,4.80692505836487
Europe & Central Asia,ECS,2011,4.85663986206055
Europe & Central Asia,ECS,2010,5.14355993270874
Europe & Central Asia,ECS,2009,5.06263017654419
Europe & Central Asia,ECS,2008,4.90972995758057
Europe & Central Asia,ECS,2007,4.71541976928711
Europe & Central Asia,ECS,2006,4.90769004821777
Europe & Central Asia,ECS,2005,4.87698984146118
Europe & Central Asia,ECS,2004,4.80561494827271
Europe & Central Asia,ECS,2003,4.8012900352478
Europe & Central Asia,ECS,2002,4.44545984268188
Europe & Central Asia,ECS,2001,4.57992005348206
Europe & Central Asia,ECS,2000,4.16786003112793
Europe & Central Asia,ECS,1999,4.4996600151062
Europe & Central Asia,ECS,1998,4.44445991516113
Europe & Central Asia,ECS,1996,4.48169016838074
Europe & Central Asia,ECS,1995,4.5927300453186
Europe & Central Asia,ECS,1994,4.76287984848022
Europe & Central Asia,ECS,1993,4.95048999786377
Europe & Central Asia (excluding high income),ECA,2023,3.70918011665344
Europe & Central Asia (excluding high income),ECA,2022,3.66751503944397
Europe & Central Asia (excluding high income),ECA,2021,4.13580989837646
Europe & Central Asia (excluding high income),ECA,2020,4.38613486289978
Europe & Central Asia (excluding high income),ECA,2019,4.04449987411499
Europe & Central Asia (excluding high income),ECA,2018,4.095134973526
Europe & Central Asia (excluding high income),ECA,2017,3.94454503059388
Europe & Central Asia (excluding high income),ECA,2016,4.44612503051758
Europe & Central Asia (excluding high income),ECA,2015,4.30550003051758
Europe & Central Asia (excluding high income),ECA,2014,4.41256999969482
Europe & Central Asia (excluding high income),ECA,2013,4.67710995674133
Europe & Central Asia (excluding high income),ECA,2012,3.95983358975396
Europe & Central Asia (excluding high income),ECA,2011,4.00433015823365
Europe & Central Asia (excluding high income),ECA,2009,4.2055299282074
Europe & Central Asia (excluding high income),ECA,2007,3.41326999664307
Europe & Central Asia (excluding high income),ECA,2006,3.25310504436493
Europe & Central Asia (excluding high income),ECA,2005,3.35618495941162
Europe & Central Asia (excluding high income),ECA,2004,3.28925001621246
Europe & Central Asia (excluding high income),ECA,2002,3.09207999706268
Europe & Central Asia (excluding high income),ECA,2000,3.41942000389099
Europe & Central Asia (excluding high income),ECA,1999,3.75531995296478
Europe & Central Asia (IDA & IBRD countries),TEC,2023,3.93686432529785
Europe & Central Asia (IDA & IBRD countries),TEC,2022,3.90450382025902
Europe & Central Asia (IDA & IBRD countries),TEC,2021,4.11373496055603
Europe & Central Asia (IDA & IBRD countries),TEC,2020,4.40854978561401
Europe & Central Asia (IDA & IBRD countries),TEC,2019,3.99502992630005
Europe & Central Asia (IDA & IBRD countries),TEC,2018,4.05201005935669
Europe & Central Asia (IDA & IBRD countries),TEC,2017,4.07754993438721
Europe & Central Asia (IDA & IBRD countries),TEC,2016,4.09224009513855
Europe & Central Asia (IDA & IBRD countries),TEC,2015,3.88469004631042
Europe & Central Asia (IDA & IBRD countries),TEC,2014,4.19388008117676
Europe & Central Asia (IDA & IBRD countries),TEC,2013,4.34479999542236
Europe & Central Asia (IDA & IBRD countries),TEC,2012,3.84736856575951
Europe & Central Asia (IDA & IBRD countries),TEC,2011,3.93511009216309
Europe & Central Asia (IDA & IBRD countries),TEC,2010,4.00675010681152
Europe & Central Asia (IDA & IBRD countries),TEC,2009,4.29351997375488
Europe & Central Asia (IDA & IBRD countries),TEC,2008,4.10174989700317
Europe & Central Asia (IDA & IBRD countries),TEC,2007,3.96898007392883
Europe & Central Asia (IDA & IBRD countries),TEC,2006,3.88486003875732
Europe & Central Asia (IDA & IBRD countries),TEC,2005,3.64203000068665
Europe & Central Asia (IDA & IBRD countries),TEC,2004,3.54785990715027
Europe & Central Asia (IDA & IBRD countries),TEC,2003,3.67855000495911
Europe & Central Asia (IDA & IBRD countries),TEC,2002,3.38608002662659
Europe & Central Asia (IDA & IBRD countries),TEC,2001,3.36311495304107
Europe & Central Asia (IDA & IBRD countries),TEC,2000,3.3304500579834
Europe & Central Asia (IDA & IBRD countries),TEC,1999,3.89256000518799
Europe & Central Asia (IDA & IBRD countries),TEC,1996,3.51256990432739
European Union,EUU,2022,4.65688991546631
European Union,EUU,2021,4.79329490661621
European Union,EUU,2020,4.93078994750977
European Union,EUU,2019,4.62736988067627
European Union,EUU,2018,4.58276510238647
European Union,EUU,2017,4.64034986495972
European Union,EUU,2016,4.82350015640259
European Union,EUU,2015,4.84087491035461
European Union,EUU,2014,4.88220500946045
European Union,EUU,2013,4.99779987335205
European Union,EUU,2012,4.83311986923218
European Union,EUU,2011,5.11688995361328
European Union,EUU,2010,5.36880016326904
European Union,EUU,2009,5.56628990173339
European Union,EUU,2008,4.99737977981567
European Union,EUU,2007,4.85854005813599
European Union,EUU,2006,4.94490003585815
European Union,EUU,2005,5.07393980026245
European Union,EUU,2004,5.04379510879516
European Union,EUU,2003,5.1067099571228
European Union,EUU,2002,5.17711019515991
European Union,EUU,2001,5.07930493354798
European Union,EUU,2000,4.8624701499939
European Union,EUU,1999,4.56634497642517
European Union,EUU,1998,4.53430986404419
European Union,EUU,1996,4.75392007827759
European Union,EUU,1995,4.67394495010376
European Union,EUU,1994,4.69971990585327
European Union,EUU,1993,4.95375490188598
European Union,EUU,1992,5.0056300163269
European Union,EUU,1991,4.88098001480103
European Union,EUU,1990,4.5779550075531
European Union,EUU,1988,4.58149504661561
European Union,EUU,1979,4.9272301197052
Heavily indebted poor countries (HIPC),HPC,2023,3.24413772101569
Heavily indebted poor countries (HIPC),HPC,2022,3.0972642678305
Heavily indebted poor countries (HIPC),HPC,2021,3.31281536274069
Heavily indebted poor countries (HIPC),HPC,2020,3.3367600440979
Heavily indebted poor countries (HIPC),HPC,2019,3.24268818288225
Heavily indebted poor countries (HIPC),HPC,2018,3.26730489730835
Heavily indebted poor countries (HIPC),HPC,2017,3.53362989425659
Heavily indebted poor countries (HIPC),HPC,2016,3.28257989883423
Heavily indebted poor countries (HIPC),HPC,2015,3.37495994567871
Heavily indebted poor countries (HIPC),HPC,2014,3.31992995738984
Heavily indebted poor countries (HIPC),HPC,2013,3.45445990562439
Heavily indebted poor countries (HIPC),HPC,2012,3.04694497585296
Heavily indebted poor countries (HIPC),HPC,2011,3.07750010490417
Heavily indebted poor countries (HIPC),HPC,2010,2.95976996421814
Heavily indebted poor countries (HIPC),HPC,2009,3.08927011489868
Heavily indebted poor countries (HIPC),HPC,2008,2.72311997413635
Heavily indebted poor countries (HIPC),HPC,2006,2.6916949748993
Heavily indebted poor countries (HIPC),HPC,2005,2.65660500526428
Heavily indebted poor countries (HIPC),HPC,2004,2.68110001087189
Heavily indebted poor countries (HIPC),HPC,2002,2.39618003368378
Heavily indebted poor countries (HIPC),HPC,2001,2.47150993347168
Heavily indebted poor countries (HIPC),HPC,2000,2.46335005760193
Heavily indebted poor countries (HIPC),HPC,1999,2.56854009628296
High income,,2022,4.69949984550476
High income,,2021,4.77058482170105
High income,,2020,4.87601494789124
High income,,2019,4.62744498252868
High income,,2018,4.60567998886108
High income,,2017,4.68990993499756
High income,,2016,4.78327989578247
High income,,2015,4.76157999038696
High income,,2014,4.78875994682312
High income,,2013,4.78006982803345
High income,,2012,4.78232002258301
High income,,2011,4.85663986206055
High income,,2010,5.08126020431519
High income,,2009,5.06263017654419
High income,,2008,4.79686999320984
High income,,2007,4.67495489120484
High income,,2006,4.83653020858765
High income,,2005,4.80935001373291
High income,,2004,4.87566995620728
High income,,2003,4.6639199256897
High income,,2002,4.70047497749328
High income,,2001,4.75575995445251
High income,,2000,4.65878009796143
High income,,1999,4.6624150276184
High income,,1998,4.44445991516113
High income,,1996,4.48169016838074
High income,,1995,4.5927300453186
High income,,1994,4.73129987716674
High income,,1993,4.95375490188598
High income,,1992,4.89061498641968
High income,,1991,4.78473997116089
High income,,1988,4.45426487922668
High income,,1986,4.74810981750488
High income,,1983,5.00963997840882
High income,,1982,4.90847015380859
High income,,1981,4.80041003227234
High income,,1980,4.58746480941772
High income,,1979,4.40768003463745
High income,,1978,4.46040487289429
High income,,1976,4.47215485572815
High income,,1975,4.5243148803711
High income,,1974,4.1964499950409
IBRD only,IBD,2023,3.6590050458908
IBRD only,IBD,2022,3.61195433197001
IBRD only,IBD,2021,4.04323350069167
IBRD only,IBD,2020,4.30487012863159
IBRD only,IBD,2019,3.94555997848511
IBRD only,IBD,2018,3.99025236706236
IBRD only,IBD,2017,3.96384087403915
IBRD only,IBD,2016,4.23417604011943
IBRD only,IBD,2015,4.20636987686157
IBRD only,IBD,2014,4.01387977600098
IBRD only,IBD,2013,4.29186511039734
IBRD only,IBD,2012,4.23196166059346
IBRD only,IBD,2011,4.06173992156982
IBRD only,IBD,2010,4.06891113638351
IBRD only,IBD,2009,4.58856511116027
IBRD only,IBD,2008,4.10174989700317
IBRD only,IBD,2007,3.96898007392883
IBRD only,IBD,2006,3.91008996963501
IBRD only,IBD,2005,3.86000990867615
IBRD only,IBD,2004,3.86820995807648
IBRD only,IBD,2003,3.87019991874695
IBRD only,IBD,2002,3.78671002388
IBRD only,IBD,2001,3.77111995220185
IBRD only,IBD,2000,3.84054005146027
IBRD only,IBD,1999,4.22040987014771
IBRD only,IBD,1996,3.50608992576599
IDA & IBRD total,IBT,2023,3.51481008529663
IDA & IBRD total,IBT,2022,3.49933781956284
IDA & IBRD total,IBT,2021,3.7070300579071
IDA & IBRD total,IBT,2020,4.01641864383637
IDA & IBRD total,IBT,2019,3.75902209369218
IDA & IBRD total,IBT,2018,3.80322882104601
IDA & IBRD total,IBT,2017,3.73654007911682
IDA & IBRD total,IBT,2016,3.83786775234949
IDA & IBRD total,IBT,2015,3.84400498867035
IDA & IBRD total,IBT,2014,3.73145708611869
IDA & IBRD total,IBT,2013,3.78372228032099
IDA & IBRD total,IBT,2012,3.63716008451231
IDA & IBRD total,IBT,2011,3.70272139414312
IDA & IBRD total,IBT,2010,3.56941242924534
IDA & IBRD total,IBT,2009,4.25475978851318
IDA & IBRD total,IBT,2008,3.85947000980377
IDA & IBRD total,IBT,2007,3.60649991035462
IDA & IBRD total,IBT,2006,3.64840006828308
IDA & IBRD total,IBT,2005,3.3646399974823
IDA & IBRD total,IBT,2004,3.31273007392883
IDA & IBRD total,IBT,2003,3.3827600479126
IDA & IBRD total,IBT,2002,3.22557997703552
IDA & IBRD total,IBT,2001,3.30414497852326
IDA & IBRD total,IBT,2000,3.24232995510101
IDA & IBRD total,IBT,1999,3.47784495353699
IDA blend,IDB,2023,3.34005209256916
IDA blend,IDB,2022,2.72738253259215
IDA blend,IDB,2021,3.14335470187693
IDA blend,IDB,2020,3.71980683449924
IDA blend,IDB,2019,3.33011705158194
IDA blend,IDB,2018,3.12130498886108
IDA blend,IDB,2017,3.95445001125336
IDA blend,IDB,2016,4.40353549122142
IDA blend,IDB,2015,3.31647992134094
IDA blend,IDB,2014,4.01573491096496
IDA blend,IDB,2013,4.92554579365837
IDA blend,IDB,2012,3.43445992469788
IDA blend,IDB,2011,2.8657500743866
IDA blend,IDB,2010,4.03099989891052
IDA blend,IDB,2006,2.81998991966248
IDA blend,IDB,2005,2.78797996044158
IDA blend,IDB,2004,2.85353004932404
IDA blend,IDB,2003,2.8643798828125
IDA blend,IDB,2000,2.40031003952026
IDA blend,IDB,1975,5.6061201095581
IDA blend,IDB,1972,4.47633981704712
IDA only,IDX,2023,3.21562023947166
IDA only,IDX,2022,3.08249624893127
IDA only,IDX,2021,3.15661438703005
IDA only,IDX,2020,3.29376565416048
IDA only,IDX,2019,3.15307114842573
IDA only,IDX,2018,3.38626492023468
IDA only,IDX,2017,3.35713493824005
IDA only,IDX,2016,3.25593495368958
IDA only,IDX,2015,3.25901007652283
IDA only,IDX,2014,3.32569003105164
IDA only,IDX,2013,3.17475008964539
IDA only,IDX,2012,2.77231991291046
IDA only,IDX,2011,2.96548008918762
IDA only,IDX,2010,2.71524500846863
IDA only,IDX,2009,2.957200050354
IDA only,IDX,2008,2.75404500961303
IDA only,IDX,2004,2.77203011512756
IDA only,IDX,2002,2.43543004989624
IDA only,IDX,2001,2.66297495365143
IDA only,IDX,2000,2.5650200843811
IDA only,IDX,1999,2.56854009628296
IDA total,IDA,2023,3.22974322056608
IDA total,IDA,2022,3.06772823003204
IDA total,IDA,2021,3.15661438703005
IDA total,IDA,2020,3.33492875069124
IDA total,IDA,2019,3.23821222605582
IDA total,IDA,2018,3.26730489730835
IDA total,IDA,2017,3.53460991382599
IDA total,IDA,2016,3.35870492458344
IDA total,IDA,2015,3.25901007652283
IDA total,IDA,2014,3.32569003105164
IDA total,IDA,2013,3.3275101184845
IDA total,IDA,2012,2.90706992149353
IDA total,IDA,2011,2.8657500743866
IDA total,IDA,2010,2.90389502048493
IDA total,IDA,2009,3.08927011489868
IDA total,IDA,2008,2.77728009223938
IDA total,IDA,2005,2.83332502841949
IDA total,IDA,2004,2.79530000686646
IDA total,IDA,2002,2.68510496616364
IDA total,IDA,2001,2.66297495365143
IDA total,IDA,2000,2.51418507099152
IDA total,IDA,1999,2.64153003692627
Late-demographic dividend,LTE,2023,4.03084428001739
Late-demographic dividend,LTE,2022,4.34076190443098
Late-demographic dividend,LTE,2021,4.42390200914334
Late-demographic dividend,LTE,2020,4.44620380169618
Late-demographic dividend,LTE,2019,4.26779985427856
Late-demographic dividend,LTE,2018,4.4217050075531
Late-demographic dividend,LTE,2017,4.41787004470825
Late-demographic dividend,LTE,2016,4.36420011520386
Late-demographic dividend,LTE,2015,4.47038984298706
Late-demographic dividend,LTE,2014,4.62945985794067
Late-demographic dividend,LTE,2013,4.44108986854553
Late-demographic dividend,LTE,2012,4.38928008079529
Late-demographic dividend,LTE,2011,4.0735502243042
Late-demographic dividend,LTE,2010,4.53965997695923
Late-demographic dividend,LTE,2009,4.79650998115539
Late-demographic dividend,LTE,2008,4.22755002975464
Late-demographic dividend,LTE,2007,4.2610399723053
Late-demographic dividend,LTE,2006,3.89148998260498
Late-demographic dividend,LTE,2005,3.93859004974365
Late-demographic dividend,LTE,2004,4.07934999465942
Late-demographic dividend,LTE,2003,4.22096991539001
Late-demographic dividend,LTE,2002,3.95686495304108
Late-demographic dividend,LTE,2001,3.84942507743835
Late-demographic dividend,LTE,2000,3.85399007797241
Late-demographic dividend,LTE,1999,4.13379001617432
Late-demographic dividend,LTE,1998,3.92645001411438
Late-demographic dividend,LTE,1996,3.78422009944916
Late-demographic dividend,LTE,1995,3.55854988098144
Latin America & Caribbean,LCN,2023,3.81964993476868
Latin America & Caribbean,LCN,2022,3.86129930773508
Latin America & Caribbean,LCN,2021,4.08717467298944
Latin America & Caribbean,LCN,2020,4.53493916058743
Latin America & Caribbean,LCN,2019,4.51068019866943
Latin America & Caribbean,LCN,2018,4.46145347505506
Latin America & Caribbean,LCN,2017,4.40769505500793
Latin America & Caribbean,LCN,2016,4.41408840162469
Latin America & Caribbean,LCN,2015,4.44749157539063
Latin America & Caribbean,LCN,2014,4.69057488441467
Latin America & Caribbean,LCN,2013,4.87855005264282
Latin America & Caribbean,LCN,2012,4.76829504966736
Latin America & Caribbean,LCN,2011,4.14937019348145
Latin America & Caribbean,LCN,2010,4.60028982162476
Latin America & Caribbean,LCN,2009,5.46355009078979
Latin America & Caribbean,LCN,2008,4.60607004165649
Latin America & Caribbean,LCN,2007,4.08301019668579
Latin America & Caribbean,LCN,2006,3.91671991348267
Latin America & Caribbean,LCN,2004,3.73531496524811
Latin America & Caribbean,LCN,2003,3.53504991531372
Latin America & Caribbean,LCN,2002,3.88385510444642
Latin America & Caribbean,LCN,2001,3.84467005729675
Latin America & Caribbean,LCN,2000,3.75707006454468
Latin America & Caribbean,LCN,1999,3.75450503826141
Latin America & Caribbean,LCN,1998,3.27817988395691
Latin America & Caribbean,LCN,1995,2.98509001731872
Latin America & Caribbean (excluding high income),LAC,2023,3.79014883614714
Latin America & Caribbean (excluding high income),LAC,2022,3.83975005149841
Latin America & Caribbean (excluding high income),LAC,2021,4.08717467298944
Latin America & Caribbean (excluding high income),LAC,2020,4.54901954970835
Latin America & Caribbean (excluding high income),LAC,2019,4.51068019866943
Latin America & Caribbean (excluding high income),LAC,2018,4.46145347505506
Latin America & Caribbean (excluding high income),LAC,2017,4.46651506423951
Latin America & Caribbean (excluding high income),LAC,2016,4.47059336645318
Latin America & Caribbean (excluding high income),LAC,2015,4.7606348991394
Latin America & Caribbean (excluding high income),LAC,2014,4.84876990318298
Latin America & Caribbean (excluding high income),LAC,2013,4.9042649269104
Latin America & Caribbean (excluding high income),LAC,2012,4.88349008560181
Latin America & Caribbean (excluding high income),LAC,2011,4.60516500473022
Latin America & Caribbean (excluding high income),LAC,2010,4.71705985069275
Latin America & Caribbean (excluding high income),LAC,2009,5.46355009078979
Latin America & Caribbean (excluding high income),LAC,2008,4.7252299785614
Latin America & Caribbean (excluding high income),LAC,2007,4.08301019668579
Latin America & Caribbean (excluding high income),LAC,2006,4.02246499061584
Latin America & Caribbean (excluding high income),LAC,2003,3.45890498161316
Latin America & Caribbean (excluding high income),LAC,2002,3.75037002563477
Latin America & Caribbean (excluding high income),LAC,2001,3.84467005729675
Latin America & Caribbean (excluding high income),LAC,2000,3.65995502471924
Latin America & Caribbean (excluding high income),LAC,1999,3.62098002433777
Latin America & Caribbean (excluding high income),LAC,1998,3.60231494903564
Latin America & the Caribbean (IDA & IBRD countries),TLA,2023,3.79014883614714
Latin America & the Caribbean (IDA & IBRD countries),TLA,2022,3.83975005149841
Latin America & the Caribbean (IDA & IBRD countries),TLA,2021,4.08717467298944
Latin America & the Caribbean (IDA & IBRD countries),TLA,2020,4.53493916058743
Latin America & the Caribbean (IDA & IBRD countries),TLA,2019,4.51068019866943
Latin America & the Caribbean (IDA & IBRD countries),TLA,2018,4.46145347505506
Latin America & the Caribbean (IDA & IBRD countries),TLA,2017,4.40769505500793
Latin America & the Caribbean (IDA & IBRD countries),TLA,2016,4.41408840162469
Latin America & the Caribbean (IDA & IBRD countries),TLA,2015,4.44749157539063
Latin America & the Caribbean (IDA & IBRD countries),TLA,2014,4.44840502738952
Latin America & the Caribbean (IDA & IBRD countries),TLA,2013,4.54814004898071
Latin America & the Caribbean (IDA & IBRD countries),TLA,2012,4.65310001373291
Latin America & the Caribbean (IDA & IBRD countries),TLA,2011,4.14937019348145
Latin America & the Caribbean (IDA & IBRD countries),TLA,2010,4.54225492477417
Latin America & the Caribbean (IDA & IBRD countries),TLA,2009,5.20644998550415
Latin America & the Caribbean (IDA & IBRD countries),TLA,2008,4.53208994865417
Latin America & the Caribbean (IDA & IBRD countries),TLA,2007,3.85516512393952
Latin America & the Caribbean (IDA & IBRD countries),TLA,2006,3.79288995265961
Latin America & the Caribbean (IDA & IBRD countries),TLA,2004,3.55807995796204
Latin America & the Caribbean (IDA & IBRD countries),TLA,2003,3.45890498161316
Latin America & the Caribbean (IDA & IBRD countries),TLA,2002,3.75037002563477
Latin America & the Caribbean (IDA & IBRD countries),TLA,2001,3.83911502361298
Latin America & the Caribbean (IDA & IBRD countries),TLA,2000,3.63414001464844
Latin America & the Caribbean (IDA & IBRD countries),TLA,1999,3.7083899974823
Latin America & the Caribbean (IDA & IBRD countries),TLA,1998,3.22827994823456
Latin America & the Caribbean (IDA & IBRD countries),TLA,1995,2.98509001731872
Least developed countries: UN classification,LDC,2023,3.20149725837724
Least developed countries: UN classification,LDC,2022,2.89168744551701
Least developed countries: UN classification,LDC,2021,3.07085166362803
Least developed countries: UN classification,LDC,2020,3.06497843916225
Least developed countries: UN classification,LDC,2019,2.90405352345344
Least developed countries: UN classification,LDC,2018,3.02797496318817
Least developed countries: UN classification,LDC,2017,3.06987500190735
Least developed countries: UN classification,LDC,2016,2.8367649131676
Least developed countries: UN classification,LDC,2015,3.25578999519348
Least developed countries: UN classification,LDC,2014,3.12739491462708
Least developed countries: UN classification,LDC,2013,3.09643006324769
Least developed countries: UN classification,LDC,2012,2.63756990432739
Least developed countries: UN classification,LDC,2011,2.85346007347107
Least developed countries: UN classification,LDC,2010,2.70853996276856
Least developed countries: UN classification,LDC,2009,2.79660499095917
Least developed countries: UN classification,LDC,2008,2.72311997413635
Least developed countries: UN classification,LDC,2006,2.56340003013611
Least developed countries: UN classification,LDC,2005,2.53538501262665
Least developed countries: UN classification,LDC,2004,2.46342992782593
Least developed countries: UN classification,LDC,2002,2.34950995445252
Least developed countries: UN classification,LDC,2001,2.56497991085052
Least developed countries: UN classification,LDC,2000,2.5650200843811
Least developed countries: UN classification,LDC,1999,2.45981001853943
Low & middle income,LMY,2023,3.45929503440857
Low & middle income,LMY,2022,3.47484993934631
Low & middle income,LMY,2021,3.66006004810333
Low & middle income,LMY,2020,3.88502530243113
Low & middle income,LMY,2019,3.59683638888648
Low & middle income,LMY,2018,3.71392011642456
Low & middle income,LMY,2017,3.73344993591309
Low & middle income,LMY,2016,3.85049560792469
Low & middle income,LMY,2015,3.71272133351629
Low & middle income,LMY,2014,3.69560503959656
Low & middle income,LMY,2013,3.75271111670011
Low & middle income,LMY,2012,3.65296507967834
Low & middle income,LMY,2011,3.6143401736456
Low & middle income,LMY,2010,3.50534498691559
Low & middle income,LMY,2009,4.02953004837036
Low & middle income,LMY,2008,3.76082992553711
Low & middle income,LMY,2007,3.51721000671387
Low & middle income,LMY,2006,3.60536003112793
Low & middle income,LMY,2005,3.33713495731353
Low & middle income,LMY,2004,3.14896988868713
Low & middle income,LMY,2002,3.02970004081726
Low & middle income,LMY,2001,3.34198999404907
Low & middle income,LMY,2000,3.25662994384766
Low & middle income,LMY,1999,3.43678998947144
Low income,,2022,2.97970783777452
Low income,,2021,3.43085271493488
Low income,,2020,3.29376565416048
Low income,,2019,3.01338389897728
Low income,,2018,3.02797496318817
Low income,,2017,2.76899003982544
Low income,,2016,2.59244990348816
Low income,,2015,3.20738632005996
Low income,,2014,2.73711502552032
Low income,,2013,2.63821423826355
Low income,,2012,2.56641087807744
Low income,,2011,2.85346007347107
Low income,,2010,2.49779498577118
Low income,,2008,2.72311997413635
Low income,,2001,2.90390992164612
Low income,,2000,2.64609491825104
Lower middle income,,2023,3.39421010017395
Lower middle income,,2022,3.47484993934631
Lower middle income,,2021,3.36384208861232
Lower middle income,,2020,3.86524053511905
Lower middle income,,2019,3.59683638888648
Lower middle income,,2018,3.8861300945282
Lower middle income,,2017,3.76526999473572
Lower middle income,,2016,4.08114004135132
Lower middle income,,2015,4.1145601272583
Lower middle income,,2014,3.78294594797956
Lower middle income,,2013,4.43894951297476
Lower middle income,,2012,3.78125124759312
Lower middle income,,2011,3.57695136515582
Lower middle income,,2010,3.6558450460434
Lower middle income,,2009,3.96075010299683
Lower middle income,,2008,3.7829999923706
Lower middle income,,2006,3.40350008010864
Lower middle income,,2005,3.18876004219055
Lower middle income,,2004,2.79530000686646
Lower middle income,,2003,2.8502699136734
Lower middle income,,2002,2.79313004016876
Lower middle income,,2001,2.56950497627258
Lower middle income,,2000,2.53544008731842
Lower middle income,,1999,2.92365002632141
"Middle East, North Africa, Afghanistan & Pakistan",MEA,2022,4.38311004638672
"Middle East, North Africa, Afghanistan & Pakistan",MEA,2020,3.98417997360229
"Middle East, North Africa, Afghanistan & Pakistan",MEA,2019,3.86019992828369
"Middle East, North Africa, Afghanistan & Pakistan",MEA,2018,3.75143003463745
"Middle East, North Africa, Afghanistan & Pakistan",MEA,2017,4.03832006454468
"Middle East, North Africa, Afghanistan & Pakistan",MEA,2016,4.23311007022857
"Middle East, North Africa, Afghanistan & Pakistan",MEA,2015,3.71272133351629
"Middle East, North Africa, Afghanistan & Pakistan",MEA,2013,3.78372228032099
"Middle East, North Africa, Afghanistan & Pakistan",MEA,2012,3.57230008734587
"Middle East, North Africa, Afghanistan & Pakistan",MEA,2010,3.70917010307312
"Middle East, North Africa, Afghanistan & Pakistan",MEA,2008,4.22755002975464
"Middle East, North Africa, Afghanistan & Pakistan",MEA,2006,4.14588499069214
"Middle East, North Africa, Afghanistan & Pakistan",MEA,2004,5.02110004425049
"Middle East, North Africa, Afghanistan & Pakistan",MEA,1996,4.18530988693237
"Middle East, North Africa, Afghanistan & Pakistan",MEA,1989,4.03414011001587
"Middle East, North Africa, Afghanistan & Pakistan",MEA,1986,5.33007001876831
"Middle East, North Africa, Afghanistan & Pakistan",MEA,1984,5.51744985580444
"Middle East, North Africa, Afghanistan & Pakistan",MEA,1983,5.22148990631104
"Middle East, North Africa, Afghanistan & Pakistan",MEA,1982,5.44717502593994
"Middle East, North Africa, Afghanistan & Pakistan",MEA,1981,5.16767978668213
"Middle East, North Africa, Afghanistan & Pakistan",MEA,1980,4.57553005218506
"Middle East, North Africa, Afghanistan & Pakistan",MEA,1977,4.33670496940613
"Middle East, North Africa, Afghanistan & Pakistan",MEA,1976,4.78996992111206
"Middle East, North Africa, Afghanistan & Pakistan",MEA,1975,3.84899497032166
"Middle East, North Africa, Afghanistan & Pakistan (excluding high income)",MNA,2017,3.73344993591309
"Middle East, North Africa, Afghanistan & Pakistan (excluding high income)",MNA,2016,3.92226004600525
"Middle East, North Africa, Afghanistan & Pakistan (excluding high income)",MNA,2015,3.71272133351629
"Middle East, North Africa, Afghanistan & Pakistan (excluding high income)",MNA,2013,3.45445990562439
"Middle East, North Africa, Afghanistan & Pakistan (excluding high income)",MNA,2012,3.63716008451231
"Middle East, North Africa, Afghanistan & Pakistan (excluding high income)",MNA,2011,3.48497009277344
"Middle East, North Africa, Afghanistan & Pakistan (excluding high income)",MNA,2010,3.59431004524231
"Middle East, North Africa, Afghanistan & Pakistan (excluding high income)",MNA,2008,4.11142015457153
"Middle East, North Africa, Afghanistan & Pakistan (excluding high income)",MNA,1996,3.699049949646
"Middle East, North Africa, Afghanistan & Pakistan (excluding high income)",MNA,1989,4.03414011001587
"Middle East, North Africa, Afghanistan & Pakistan (excluding high income)",MNA,1982,5.60830020904541
"Middle East, North Africa, Afghanistan & Pakistan (excluding high income)",MNA,1980,4.57553005218506
"Middle East, North Africa, Afghanistan & Pakistan (excluding high income)",MNA,1977,4.33670496940613
"Middle East, North Africa, Afghanistan & Pakistan (IDA & IBRD)",TMN,2023,3.51486315596325
"Middle East, North Africa, Afghanistan & Pakistan (IDA & IBRD)",TMN,2022,3.15300011634827
"Middle East, North Africa, Afghanistan & Pakistan (IDA & IBRD)",TMN,2020,3.55303483980158
"Middle East, North Africa, Afghanistan & Pakistan (IDA & IBRD)",TMN,2019,3.24005007743835
"Middle East, North Africa, Afghanistan & Pakistan (IDA & IBRD)",TMN,2018,3.61980009078979
"Middle East, North Africa, Afghanistan & Pakistan (IDA & IBRD)",TMN,2017,3.59650993347168
"Middle East, North Africa, Afghanistan & Pakistan (IDA & IBRD)",TMN,2016,3.68754005432129
"Middle East, North Africa, Afghanistan & Pakistan (IDA & IBRD)",TMN,2015,3.65584062815341
"Middle East, North Africa, Afghanistan & Pakistan (IDA & IBRD)",TMN,2014,3.76692408663556
"Middle East, North Africa, Afghanistan & Pakistan (IDA & IBRD)",TMN,2012,3.28807998789672
"Middle East, North Africa, Afghanistan & Pakistan (IDA & IBRD)",TMN,2010,3.4794499874115
"Middle East, North Africa, Afghanistan & Pakistan (IDA & IBRD)",TMN,2008,4.11142015457153
"Middle East, North Africa, Afghanistan & Pakistan (IDA & IBRD)",TMN,1996,3.699049949646
"Middle East, North Africa, Afghanistan & Pakistan (IDA & IBRD)",TMN,1989,4.03414011001587
"Middle East, North Africa, Afghanistan & Pakistan (IDA & IBRD)",TMN,1982,5.60830020904541
"Middle East, North Africa, Afghanistan & Pakistan (IDA & IBRD)",TMN,1980,4.57553005218506
"Middle East, North Africa, Afghanistan & Pakistan (IDA & IBRD)",TMN,1977,4.33670496940613
Middle income,MIC,2023,3.56927475138052
Middle income,MIC,2022,3.49933781956284
Middle income,MIC,2021,3.67928504943847
Middle income,MIC,2020,3.98878057894991
Middle income,MIC,2019,3.85001993179321
Middle income,MIC,2018,3.8861300945282
Middle income,MIC,2017,3.92578873061175
Middle income,MIC,2016,4.00853502750397
Middle income,MIC,2015,4.07843017578125
Middle income,MIC,2014,3.86147016572824
Middle income,MIC,2013,4.34479999542236
Middle income,MIC,2012,3.95983358975396
Middle income,MIC,2011,3.81940996646881
Middle income,MIC,2010,3.69457006454468
Middle income,MIC,2009,4.3689398765564
Middle income,MIC,2008,3.92627501487732
Middle income,MIC,2007,3.56017994880676
Middle income,MIC,2006,3.64840006828308
Middle income,MIC,2005,3.5298000574112
Middle income,MIC,2004,3.35254001617432
Middle income,MIC,2003,3.33445501327514
Middle income,MIC,2002,3.18138992786407
Middle income,MIC,2001,3.6059000492096
Middle income,MIC,2000,3.50838994979858
Middle income,MIC,1999,3.84403002262115
North America,NAC,2022,4.84426021575928
North America,NAC,2021,5.08448505401611
North America,NAC,2020,5.14162993431091
North America,NAC,2019,4.86520004272461
North America,NAC,2018,4.89200496673584
North America,NAC,2017,5.02647495269775
North America,NAC,2016,4.79984998703003
North America,NAC,2015,4.83500504493714
North America,NAC,2014,4.84358978271484
North America,NAC,2013,4.58899021148682
North America,NAC,2011,5.26204013824463
North America,NAC,2010,5.35637998580933
North America,NAC,2009,4.84057998657227
North America,NAC,2008,4.62612009048462
North America,NAC,2007,4.76642990112305
North America,NAC,2005,4.76589012145996
North America,NAC,2002,4.99306011199951
North America,NAC,2001,4.95304012298584
North America,NAC,2000,5.42330980300903
North America,NAC,1999,5.53079986572266
North America,NAC,1998,5.49377012252808
North America,NAC,1995,6.30476999282837
North America,NAC,1994,6.65829992294312
North America,NAC,1993,7.67834997177124
North America,NAC,1992,6.74663019180298
North America,NAC,1991,6.85951995849609
North America,NAC,1990,5.96922016143799
North America,NAC,1989,6.07406997680664
North America,NAC,1988,6.15022993087769
North America,NAC,1987,6.29827976226807
North America,NAC,1986,6.02058982849121
North America,NAC,1985,6.18943023681641
North America,NAC,1984,6.61841011047363
North America,NAC,1983,6.85547018051147
North America,NAC,1982,6.49725008010864
North America,NAC,1981,6.40900993347168
North America,NAC,1980,6.46289014816284
North America,NAC,1979,6.69220018386841
North America,NAC,1978,7.07383012771606
North America,NAC,1977,6.71090984344482
North America,NAC,1976,6.69841003417969
North America,NAC,1975,6.42132997512817
North America,NAC,1974,6.66714000701904
North America,NAC,1973,7.01386022567749
North America,NAC,1972,7.58980989456177
North America,NAC,1971,7.6842999458313
OECD members,OED,2022,5.05915021896362
OECD members,OED,2021,5.12024998664856
OECD members,OED,2020,5.29139995574951
OECD members,OED,2019,4.94613003730774
OECD members,OED,2018,4.88898992538452
OECD members,OED,2017,4.86288022994995
OECD members,OED,2016,4.8338451385498
OECD members,OED,2015,4.93064022064209
OECD members,OED,2014,4.93858003616333
OECD members,OED,2013,4.99779987335205
OECD members,OED,2012,4.89862012863159
OECD members,OED,2011,5.13579487800598
OECD members,OED,2010,5.36880016326904
OECD members,OED,2009,5.38561010360718
OECD members,OED,2008,4.90972995758057
OECD members,OED,2007,4.76642990112305
OECD members,OED,2006,4.90769004821777
OECD members,OED,2005,4.92975997924805
OECD members,OED,2004,5.0411901473999
OECD members,OED,2003,5.13373994827271
OECD members,OED,2002,5.16377520561218
OECD members,OED,2001,4.92643976211548
OECD members,OED,2000,4.66695022583008
OECD members,OED,1999,4.56634497642517
OECD members,OED,1998,4.44445991516113
OECD members,OED,1996,4.81781005859375
OECD members,OED,1995,4.67394495010376
OECD members,OED,1994,4.80685496330261
OECD members,OED,1993,4.95080494880676
OECD members,OED,1992,4.77559995651245
OECD members,OED,1991,4.78370499610901
OECD members,OED,1990,4.5779550075531
OECD members,OED,1989,4.71301984786987
OECD members,OED,1988,4.53172492980958
OECD members,OED,1987,4.66263008117676
OECD members,OED,1986,4.74810981750488
OECD members,OED,1985,4.79152989387512
OECD members,OED,1984,4.76098990440368
OECD members,OED,1983,4.95777988433838
OECD members,OED,1982,5.06423020362854
OECD members,OED,1981,4.83411979675293
OECD members,OED,1980,5.04939484596253
OECD members,OED,1979,4.63207507133484
OECD members,OED,1978,4.6614899635315
OECD members,OED,1976,4.74775981903076
OECD members,OED,1975,5.032790184021
OECD members,OED,1974,4.48191022872925
Other small states,OSS,2023,5.00431592836751
Other small states,OSS,2022,5.02409982681275
Other small states,OSS,2021,5.08247995376587
Other small states,OSS,2020,5.32546270122803
Other small states,OSS,2019,5.16293001174927
Other small states,OSS,2018,5.13962984085083
Other small states,OSS,2017,5.28924489021301
Other small states,OSS,2016,5.24433654170614
Other small states,OSS,2015,5.20310861907593
Other small states,OSS,2014,5.61812996864318
Other small states,OSS,2013,5.08461029694871
Other small states,OSS,2012,5.13334606829691
Other small states,OSS,2011,6.52042007446289
Other small states,OSS,2010,6.11837005615234
Other small states,OSS,2009,6.47135019302368
Other small states,OSS,2008,6.61812019348145
Other small states,OSS,2007,4.6196699142456
Other small states,OSS,2006,6.33027982711792
Other small states,OSS,2005,5.5480101108551
Other small states,OSS,2004,5.1386399269104
Other small states,OSS,2003,5.27171993255615
Other small states,OSS,2002,4.44086980819702
Other small states,OSS,2001,4.83824014663696
Other small states,OSS,2000,5.33945989608765
Other small states,OSS,1999,5.09095001220703
Other small states,OSS,1996,6.0549201965332
Other small states,OSS,1995,5.89866018295288
Other small states,OSS,1994,5.49428987503052
Other small states,OSS,1993,5.69822978973389
Other small states,OSS,1992,5.28141021728516
Other small states,OSS,1991,3.46325993537903
Other small states,OSS,1990,3.12822008132935
Other small states,OSS,1989,3.46896004676819
Other small states,OSS,1988,3.08984994888306
Other small states,OSS,1987,3.01674008369446
Other small states,OSS,1986,3.43728995323181
Other small states,OSS,1985,3.91043996810913
Other small states,OSS,1984,4.03251981735229
Other small states,OSS,1983,4.39455986022949
Post-demographic dividend,PST,2022,4.96171021461486
Post-demographic dividend,PST,2021,5.08272504806519
Post-demographic dividend,PST,2020,5.28408002853394
Post-demographic dividend,PST,2019,4.94613003730774
Post-demographic dividend,PST,2018,4.88650488853455
Post-demographic dividend,PST,2017,4.89189505577087
Post-demographic dividend,PST,2016,4.89537000656128
Post-demographic dividend,PST,2015,4.89425992965698
Post-demographic dividend,PST,2014,4.93057012557983
Post-demographic dividend,PST,2013,5.0094199180603
Post-demographic dividend,PST,2012,4.94226980209351
Post-demographic dividend,PST,2011,5.11688995361328
Post-demographic dividend,PST,2010,5.35637998580933
Post-demographic dividend,PST,2009,5.22412014007569
Post-demographic dividend,PST,2008,4.83649015426636
Post-demographic dividend,PST,2007,4.89001512527466
Post-demographic dividend,PST,2006,4.99780988693237
Post-demographic dividend,PST,2005,5.08472013473511
Post-demographic dividend,PST,2004,5.08508014678955
Post-demographic dividend,PST,2003,5.1067099571228
Post-demographic dividend,PST,2002,5.08508515357971
Post-demographic dividend,PST,2001,4.82218980789185
Post-demographic dividend,PST,2000,4.8624701499939
Post-demographic dividend,PST,1999,4.75953006744385
Post-demographic dividend,PST,1998,4.44884014129639
Post-demographic dividend,PST,1996,4.65160512924195
Post-demographic dividend,PST,1995,4.8316798210144
Post-demographic dividend,PST,1994,4.850830078125
Post-demographic dividend,PST,1993,4.9570198059082
Post-demographic dividend,PST,1991,5.12327003479004
Post-demographic dividend,PST,1990,4.55534982681274
Post-demographic dividend,PST,1988,4.53172492980958
Post-demographic dividend,PST,1987,4.64671492576599
Post-demographic dividend,PST,1986,4.74810981750488
Post-demographic dividend,PST,1983,4.8572301864624
Post-demographic dividend,PST,1982,4.92411518096923
Post-demographic dividend,PST,1981,4.8071448802948
Post-demographic dividend,PST,1980,4.96105003356934
Post-demographic dividend,PST,1979,4.63207507133484
Post-demographic dividend,PST,1978,4.46040487289429
Post-demographic dividend,PST,1977,4.49635982513428
Post-demographic dividend,PST,1976,4.47359991073608
Post-demographic dividend,PST,1975,4.56979990005493
Post-demographic dividend,PST,1974,4.1964499950409
Post-demographic dividend,PST,1973,3.95707988739014
Pre-demographic dividend,PRE,2023,3.24413772101569
Pre-demographic dividend,PRE,2022,2.89168744551701
Pre-demographic dividend,PRE,2021,3.10528051699067
Pre-demographic dividend,PRE,2020,3.24270320512235
Pre-demographic dividend,PRE,2019,3.0473994932468
Pre-demographic dividend,PRE,2018,3.03096008300781
Pre-demographic dividend,PRE,2017,3.12012994289398
Pre-demographic dividend,PRE,2016,2.75493664582725
Pre-demographic dividend,PRE,2015,3.20738632005996
Pre-demographic dividend,PRE,2014,3.161789894104
Pre-demographic dividend,PRE,2013,3.17475008964539
Pre-demographic dividend,PRE,2012,2.68840026027393
Pre-demographic dividend,PRE,2011,2.85960507392883
Pre-demographic dividend,PRE,2010,2.78498506546021
Pre-demographic dividend,PRE,2008,2.5262999534607
Pre-demographic dividend,PRE,2006,2.55851006507873
Pre-demographic dividend,PRE,2005,2.65652990341186
Pre-demographic dividend,PRE,2004,2.68110001087189
Pre-demographic dividend,PRE,2002,2.40135002136231
Pre-demographic dividend,PRE,2001,2.44477009773254
Pre-demographic dividend,PRE,2000,2.46250998973847
Pre-demographic dividend,PRE,1999,2.45981001853943
Small states,SST,2023,4.78955296464152
Small states,SST,2022,4.84085988998413
Small states,SST,2021,4.87699508666992
Small states,SST,2020,4.83895129079956
Small states,SST,2019,4.85244011878967
Small states,SST,2018,4.90705490112305
Small states,SST,2017,4.87887001037598
Small states,SST,2016,5.05511999130249
Small states,SST,2015,5.05127000808716
Small states,SST,2014,4.81514978408813
Small states,SST,2013,4.93234006249108
Small states,SST,2012,4.67340993881226
Small states,SST,2011,5.75778007507324
Small states,SST,2010,5.81795501708984
Small states,SST,2009,6.47135019302368
Small states,SST,2008,6.61812019348145
Small states,SST,2007,4.6196699142456
Small states,SST,2006,6.33027982711792
Small states,SST,2005,5.5480101108551
Small states,SST,2004,5.1386399269104
Small states,SST,2003,4.81445002555847
Small states,SST,2002,3.9919399023056
Small states,SST,2001,3.95586001873016
Small states,SST,2000,4.52924489974975
Small states,SST,1999,4.4891949892044
Small states,SST,1998,4.33714008331299
Small states,SST,1997,4.83154511451721
Small states,SST,1996,4.65184509754181
Small states,SST,1995,4.72860503196716
Small states,SST,1994,4.46304988861084
Small states,SST,1990,3.39117503166199
Small states,SST,1989,3.83441507816315
Small states,SST,1985,4.83909487724304
Small states,SST,1984,4.95321488380432
Small states,SST,1983,5.08057999610901
Small states,SST,1982,5.45739984512329
Small states,SST,1980,3.76807999610901
South Asia,SAS,2024,2.86143825839217
South Asia,SAS,2023,2.16213826344701
South Asia,SAS,2022,3.09202235990416
South Asia,SAS,2021,3.29945958568872
South Asia,SAS,2020,3.1916501133819
South Asia,SAS,2019,3.89212886881753
South Asia,SAS,2018,3.22926235819159
South Asia,SAS,2017,3.44930493831635
South Asia,SAS,2016,3.5662499666214
South Asia,SAS,2015,2.6844950914383
South Asia,SAS,2014,2.78542835232231
South Asia,SAS,2013,2.49213999509811
South Asia,SAS,2012,2.7364399433136
South Asia,SAS,2011,2.96443998813629
South Asia,SAS,2010,3.377690076828
South Asia,SAS,2009,2.66707503795624
South Asia,SAS,2008,2.9298700094223
South Asia,SAS,2007,2.8597149848938
South Asia,SAS,2006,3.14284992218018
South Asia,SAS,2005,3.27670001983642
South Asia,SAS,2004,3.1719400882721
South Asia,SAS,2003,3.11435008049011
South Asia,SAS,2002,2.58498990535736
South Asia,SAS,2001,2.94015502929688
South Asia,SAS,2000,2.9751501083374
South Asia,SAS,1999,2.89331007003784
South Asia,SAS,1998,3.05140995979309
South Asia,SAS,1997,2.65692502260208
South Asia,SAS,1991,2.17062002420426
South Asia,SAS,1990,1.96502494812012
South Asia,SAS,1987,2.07898503541946
South Asia,SAS,1986,2.07445496320724
South Asia,SAS,1985,1.92365998029709
South Asia,SAS,1984,1.69414502382278
South Asia,SAS,1983,1.71164000034332
South Asia,SAS,1982,1.78507000207901
South Asia,SAS,1981,1.75685495138169
South Asia,SAS,1980,1.82088500261307
South Asia,SAS,1979,1.8491849899292
South Asia (IDA & IBRD),TSA,2024,2.86143825839217
South Asia (IDA & IBRD),TSA,2023,2.16213826344701
South Asia (IDA & IBRD),TSA,2022,3.09202235990416
South Asia (IDA & IBRD),TSA,2021,3.29945958568872
South Asia (IDA & IBRD),TSA,2020,3.1916501133819
South Asia (IDA & IBRD),TSA,2019,3.89212886881753
South Asia (IDA & IBRD),TSA,2018,3.22926235819159
South Asia (IDA & IBRD),TSA,2017,3.44930493831635
South Asia (IDA & IBRD),TSA,2016,3.5662499666214
South Asia (IDA & IBRD),TSA,2015,2.6844950914383
South Asia (IDA & IBRD),TSA,2014,2.78542835232231
South Asia (IDA & IBRD),TSA,2013,2.49213999509811
South Asia (IDA & IBRD),TSA,2012,2.7364399433136
South Asia (IDA & IBRD),TSA,2011,2.96443998813629
South Asia (IDA & IBRD),TSA,2010,3.377690076828
South Asia (IDA & IBRD),TSA,2009,2.66707503795624
South Asia (IDA & IBRD),TSA,2008,2.9298700094223
South Asia (IDA & IBRD),TSA,2007,2.8597149848938
South Asia (IDA & IBRD),TSA,2006,3.14284992218018
South Asia (IDA & IBRD),TSA,2005,3.27670001983642
South Asia (IDA & IBRD),TSA,2004,3.1719400882721
South Asia (IDA & IBRD),TSA,2003,3.11435008049011
South Asia (IDA & IBRD),TSA,2002,2.58498990535736
South Asia (IDA & IBRD),TSA,2001,2.94015502929688
South Asia (IDA & IBRD),TSA,2000,2.9751501083374
South Asia (IDA & IBRD),TSA,1999,2.89331007003784
South Asia (IDA & IBRD),TSA,1998,3.05140995979309
South Asia (IDA & IBRD),TSA,1997,2.65692502260208
South Asia (IDA & IBRD),TSA,1991,2.17062002420426
South Asia (IDA & IBRD),TSA,1990,1.96502494812012
South Asia (IDA & IBRD),TSA,1987,2.07898503541946
South Asia (IDA & IBRD),TSA,1986,2.07445496320724
South Asia (IDA & IBRD),TSA,1985,1.92365998029709
South Asia (IDA & IBRD),TSA,1984,1.69414502382278
South Asia (IDA & IBRD),TSA,1983,1.71164000034332
South Asia (IDA & IBRD),TSA,1982,1.78507000207901
South Asia (IDA & IBRD),TSA,1981,1.75685495138169
South Asia (IDA & IBRD),TSA,1980,1.82088500261307
South Asia (IDA & IBRD),TSA,1979,1.8491849899292
Sub-Saharan Africa,SSF,2023,3.25853222146531
Sub-Saharan Africa,SSF,2022,3.0972642678305
Sub-Saharan Africa,SSF,2021,3.31281536274069
Sub-Saharan Africa,SSF,2020,3.40395039640257
Sub-Saharan Africa,SSF,2019,3.24716413970868
Sub-Saharan Africa,SSF,2018,3.38626492023468
Sub-Saharan Africa,SSF,2017,3.53460991382599
Sub-Saharan Africa,SSF,2016,3.28257989883423
Sub-Saharan Africa,SSF,2015,3.57062995433808
Sub-Saharan Africa,SSF,2014,3.32569003105164
Sub-Saharan Africa,SSF,2013,3.56775999069214
Sub-Saharan Africa,SSF,2012,3.28166997432708
Sub-Saharan Africa,SSF,2011,3.07762002944946
Sub-Saharan Africa,SSF,2010,3.07808995246887
Sub-Saharan Africa,SSF,2009,3.1165601015091
Sub-Saharan Africa,SSF,2008,2.77728009223938
Sub-Saharan Africa,SSF,2006,2.92044496536255
Sub-Saharan Africa,SSF,2005,2.91943001747131
Sub-Saharan Africa,SSF,2004,2.91176009178162
Sub-Saharan Africa,SSF,2002,2.81047010421753
Sub-Saharan Africa,SSF,2001,2.707200050354
Sub-Saharan Africa,SSF,2000,2.64609491825104
Sub-Saharan Africa,SSF,1999,2.96396994590759
Sub-Saharan Africa (excluding high income),SSA,2023,3.25853222146531
Sub-Saharan Africa (excluding high income),SSA,2022,3.0972642678305
Sub-Saharan Africa (excluding high income),SSA,2021,3.31281536274069
Sub-Saharan Africa (excluding high income),SSA,2020,3.40395039640257
Sub-Saharan Africa (excluding high income),SSA,2019,3.24716413970868
Sub-Saharan Africa (excluding high income),SSA,2018,3.38626492023468
Sub-Saharan Africa (excluding high income),SSA,2017,3.53460991382599
Sub-Saharan Africa (excluding high income),SSA,2016,3.28257989883423
Sub-Saharan Africa (excluding high income),SSA,2015,3.57062995433808
Sub-Saharan Africa (excluding high income),SSA,2014,3.32569003105164
Sub-Saharan Africa (excluding high income),SSA,2013,3.56775999069214
Sub-Saharan Africa (excluding high income),SSA,2012,3.28166997432708
Sub-Saharan Africa (excluding high income),SSA,2011,3.07762002944946
Sub-Saharan Africa (excluding high income),SSA,2010,3.07808995246887
Sub-Saharan Africa (excluding high income),SSA,2009,3.1165601015091
Sub-Saharan Africa (excluding high income),SSA,2008,2.77728009223938
Sub-Saharan Africa (excluding high income),SSA,2006,2.92044496536255
Sub-Saharan Africa (excluding high income),SSA,2005,2.91943001747131
Sub-Saharan Africa (excluding high income),SSA,2004,2.91176009178162
Sub-Saharan Africa (excluding high income),SSA,2002,2.81047010421753
Sub-Saharan Africa (excluding high income),SSA,2001,2.707200050354
Sub-Saharan Africa (excluding high income),SSA,2000,2.64609491825104
Sub-Saharan Africa (excluding high income),SSA,1999,2.96396994590759
Sub-Saharan Africa (IDA & IBRD countries),TSS,2023,3.25853222146531
Sub-Saharan Africa (IDA & IBRD countries),TSS,2022,3.0972642678305
Sub-Saharan Africa (IDA & IBRD countries),TSS,2021,3.31281536274069
Sub-Saharan Africa (IDA & IBRD countries),TSS,2020,3.40395039640257
Sub-Saharan Africa (IDA & IBRD countries),TSS,2019,3.24716413970868
Sub-Saharan Africa (IDA & IBRD countries),TSS,2018,3.38626492023468
Sub-Saharan Africa (IDA & IBRD countries),TSS,2017,3.53460991382599
Sub-Saharan Africa (IDA & IBRD countries),TSS,2016,3.28257989883423
Sub-Saharan Africa (IDA & IBRD countries),TSS,2015,3.57062995433808
Sub-Saharan Africa (IDA & IBRD countries),TSS,2014,3.32569003105164
Sub-Saharan Africa (IDA & IBRD countries),TSS,2013,3.56775999069214
Sub-Saharan Africa (IDA & IBRD countries),TSS,2012,3.28166997432708
Sub-Saharan Africa (IDA & IBRD countries),TSS,2011,3.07762002944946
Sub-Saharan Africa (IDA & IBRD countries),TSS,2010,3.07808995246887
Sub-Saharan Africa (IDA & IBRD countries),TSS,2009,3.1165601015091
Sub-Saharan Africa (IDA & IBRD countries),TSS,2008,2.77728009223938
Sub-Saharan Africa (IDA & IBRD countries),TSS,2006,2.92044496536255
Sub-Saharan Africa (IDA & IBRD countries),TSS,2005,2.91943001747131
Sub-Saharan Africa (IDA & IBRD countries),TSS,2004,2.91176009178162
Sub-Saharan Africa (IDA & IBRD countries),TSS,2002,2.81047010421753
Sub-Saharan Africa (IDA & IBRD countries),TSS,2001,2.707200050354
Sub-Saharan Africa (IDA & IBRD countries),TSS,2000,2.64609491825104
Sub-Saharan Africa (IDA & IBRD countries),TSS,1999,2.96396994590759
Upper middle income,,2023,3.6236863467978
Upper middle income,,2022,3.53946935742355
Upper middle income,,2021,3.77549505233765
Upper middle income,,2020,4.14660000801086
Upper middle income,,2019,3.8701798915863
Upper middle income,,2018,3.8739988462993
Upper middle income,,2017,3.93130993843079
Upper middle income,,2016,3.91997003555298
Upper middle income,,2015,3.93960499763489
Upper middle income,,2014,3.87166880877533
Upper middle income,,2013,4.23440504074097
Upper middle income,,2012,4.37880492210388
Upper middle income,,2011,3.98604512214661
Upper middle income,,2010,3.87756001949311
Upper middle income,,2009,4.58856511116027
Upper middle income,,2008,3.94865000247955
Upper middle income,,2007,4.04881000518799
Upper middle income,,2006,3.98355007171631
Upper middle income,,2005,4.02098989486694
Upper middle income,,2004,4.00268995761872
Upper middle income,,2003,3.6303299665451
Upper middle income,,2002,3.57905006408691
Upper middle income,,2001,3.83911502361298
Upper middle income,,2000,3.85399007797241
Upper middle income,,1999,3.89256000518799
World,WLD,2023,3.56927475138052
World,WLD,2022,3.86129930773508
World,WLD,2021,4.19910710491722
World,WLD,2020,4.34224486351013
World,WLD,2019,4.15775012969971
World,WLD,2018,4.18293023109436
World,WLD,2017,4.09265494346619
World,WLD,2016,4.15415000915528
World,WLD,2015,4.21141505241394
World,WLD,2014,4.20045018196106
World,WLD,2013,4.34479999542236
World,WLD,2012,4.03481006622315
World,WLD,2011,4.06764507293701
World,WLD,2010,4.18953990936279
World,WLD,2009,4.65950012207031
World,WLD,2008,4.22755002975464
World,WLD,2007,4.04881000518799
World,WLD,2006,3.99198496341705
World,WLD,2005,4.02098989486694
World,WLD,2004,3.94351994991302
World,WLD,2003,4.05078494548797
World,WLD,2002,3.86491990089417
World,WLD,2001,3.90370011329651
World,WLD,2000,3.78288507461548
World,WLD,1999,4.03683495521545
Afghanistan,AFG,2017,4.34319019317627
Afghanistan,AFG,2016,4.5439600944519
Afghanistan,AFG,2015,3.25578999519348
Afghanistan,AFG,2014,3.69521999359131
Afghanistan,AFG,2013,3.45445990562439
Afghanistan,AFG,2012,2.60420989990234
Afghanistan,AFG,2011,3.4620099067688
Afghanistan,AFG,2010,3.4794499874115
Albania,ALB,2023,3.09153008460998
Albania,ALB,2022,2.72977995872498
Albania,ALB,2021,3.00555992126465
Albania,ALB,2020,3.32505011558533
Albania,ALB,2019,3.8701798915863
Albania,ALB,2018,3.08201370407389
Albania,ALB,2017,3.54673004150391
Albania,ALB,2016,3.91997003555298
Albania,ALB,2015,3.41300010681152
Albania,ALB,2014,3.18177734553254
Albania,ALB,2013,3.53355002403259
Albania,ALB,2012,3.29533986928598
Albania,ALB,2011,3.17881310743026
Albania,ALB,2007,3.14638996124268
Albania,ALB,2006,3.10271000862122
Albania,ALB,2005,3.20023989677429
Albania,ALB,2004,3.1308000087738
Albania,ALB,2003,3.03534007072449
Albania,ALB,2002,3.00253009796143
Albania,ALB,2001,3.34198999404907
Albania,ALB,2000,3.3304500579834
Albania,ALB,1999,3.51434993743896
Albania,ALB,1998,3.46300005912781
Albania,ALB,1997,3.3276801109314
Albania,ALB,1996,3.05029988288879
Albania,ALB,1995,3.14191007614136
Albania,ALB,1994,3.44697999954224
Algeria,DZA,2024,8.97772026062012
Algeria,DZA,2023,5.61015717726636
Algeria,DZA,2022,4.74924673000603
Algeria,DZA,2021,5.51403281769924
Algeria,DZA,2020,6.19391724496515
Algeria,DZA,2019,5.57536563446523
Algeria,DZA,2018,5.8127512720176
Algeria,DZA,2017,5.73482350888796
Algeria,DZA,2016,6.50210843472458
Algeria,DZA,2015,6.17633014564047
Algeria,DZA,2014,6.54889841545277
Algeria,DZA,2013,6.65906035504841
Algeria,DZA,2012,7.02950889772261
Algeria,DZA,2011,9.12453448642892
Algeria,DZA,2010,8.6917709007891
Algeria,DZA,2008,4.11142015457153
Algeria,DZA,1980,6.59742021560669
Algeria,DZA,1979,7.18201017379761
American Samoa,ASM,2006,14.7170495986938
Andorra,AND,2023,1.89867997169495
Andorra,AND,2022,2.64727997779846
Andorra,AND,2021,2.381921736037
Andorra,AND,2020,2.63213046553066
Andorra,AND,2019,3.15060997009277
Andorra,AND,2018,3.2467200756073
Andorra,AND,2017,3.21708989143372
Andorra,AND,2016,3.23707008361816
Andorra,AND,2015,3.28034996986389
Andorra,AND,2014,3.07420992851257
Andorra,AND,2013,2.50616002082825
Andorra,AND,2012,2.56577895521486
Andorra,AND,2011,2.98706007003784
Andorra,AND,2010,2.97662997245789
Andorra,AND,2009,3.14292001724243
Andorra,AND,2008,2.87392997741699
Andorra,AND,2007,2.10469007492065
Andorra,AND,2006,2.24489998817444
Andorra,AND,2005,1.64497005939484
Andorra,AND,2004,1.54411995410919
Andorra,AND,2002,1.65971004962921
Andorra,AND,1997,3.71327996253967
Angola,AGO,2023,2.51273663315785
Angola,AGO,2022,2.38535898416633
Angola,AGO,2021,2.29719689513241
Angola,AGO,2020,2.66744733689285
Angola,AGO,2019,2.07306438181603
Angola,AGO,2018,2.18351298946275
Angola,AGO,2017,2.46687881104886
Angola,AGO,2016,2.75493664582725
Angola,AGO,2015,3.48689580393413
Angola,AGO,2013,4.43894951297476
Angola,AGO,2012,3.08191085718142
Angola,AGO,2010,3.42131996154785
Angola,AGO,2006,2.28146004676819
Angola,AGO,2005,2.12011003494263
Angola,AGO,2000,2.60753011703491
Angola,AGO,1998,2.56712007522583
Angola,AGO,1987,5.05850982666016
Angola,AGO,1986,5.72269010543823
Angola,AGO,1985,4.09021997451782
Antigua and Barbuda,ATG,2023,3.10505161832136
Antigua and Barbuda,ATG,2022,2.50368755552383
Antigua and Barbuda,ATG,2021,2.50897393198865
Antigua and Barbuda,ATG,2020,3.0051830460864
Antigua and Barbuda,ATG,2019,3.35725653382563
Antigua and Barbuda,ATG,2018,2.26922708436893
Antigua and Barbuda,ATG,2017,2.28158315038897
Antigua and Barbuda,ATG,2016,2.17149931504636
Antigua and Barbuda,ATG,2015,1.9934755302761
Antigua and Barbuda,ATG,2014,2.3044409375638
Antigua and Barbuda,ATG,2013,2.35972143126598
Antigua and Barbuda,ATG,2012,2.13043025907083
Antigua and Barbuda,ATG,2009,2.22264003753662
Antigua and Barbuda,ATG,2002,3.07877993583679
Antigua and Barbuda,ATG,1999,2.52540993690491
Argentina,ARG,2023,5.00324010848999
Argentina,ARG,2022,4.79263019561768
Argentina,ARG,2021,4.65393018722534
Argentina,ARG,2020,5.27689981460571
Argentina,ARG,2019,4.77165985107422
Argentina,ARG,2018,4.87773990631104
Argentina,ARG,2017,5.45432996749878
Argentina,ARG,2016,5.54548978805542
Argentina,ARG,2015,5.77611017227173
Argentina,ARG,2014,5.36144018173218
Argentina,ARG,2013,5.43660020828247
Argentina,ARG,2012,5.3458399772644
Argentina,ARG,2011,5.29063987731934
Argentina,ARG,2010,5.01972007751465
Argentina,ARG,2009,5.53105020523071
Argentina,ARG,2008,4.84438991546631
Argentina,ARG,2007,4.46260976791382
Argentina,ARG,2006,4.12821006774902
Argentina,ARG,2005,3.86000990867615
Argentina,ARG,2004,3.48652005195618
Argentina,ARG,2003,3.53504991531372
Argentina,ARG,2002,4.01734018325806
Argentina,ARG,2001,4.833740234375
Argentina,ARG,2000,4.58030986785889
Argentina,ARG,1999,4.52167987823486
Argentina,ARG,1998,4.03986978530884
Argentina,ARG,1996,3.73198008537292
Argentina,ARG,1990,1.06737995147705
Argentina,ARG,1989,1.04612004756927
Argentina,ARG,1987,1.28229999542236
Argentina,ARG,1986,1.261549949646
Argentina,ARG,1985,1.36186003684998
Argentina,ARG,1984,2.56972002983093
Argentina,ARG,1983,1.61749994754791
Argentina,ARG,1982,1.59786999225616
Argentina,ARG,1980,2.60715007781982
Argentina,ARG,1979,2.4002799987793
Argentina,ARG,1978,1.93554997444153
Argentina,ARG,1977,1.71984004974365
Argentina,ARG,1976,1.16563999652863
Argentina,ARG,1975,1.84360003471374
Argentina,ARG,1974,1.92351996898651
Argentina,ARG,1973,1.78051996231079
Argentina,ARG,1972,1.93620002269745
Argentina,ARG,1970,1.4580899477005
Armenia,ARM,2023,2.43869996070862
Armenia,ARM,2022,2.4918999671936
Armenia,ARM,2021,2.76784992218018
Armenia,ARM,2020,2.70555996894836
Armenia,ARM,2019,2.15984239839771
Armenia,ARM,2018,2.11331180512289
Armenia,ARM,2017,2.70759010314941
Armenia,ARM,2016,2.75812005996704
Armenia,ARM,2015,2.80591011047363
Armenia,ARM,2014,2.24724006652832
Armenia,ARM,2013,2.65018010139465
Armenia,ARM,2012,2.77248001098633
Armenia,ARM,2011,3.14384007453919
Armenia,ARM,2010,3.24900007247925
Armenia,ARM,2009,3.84079003334045
Armenia,ARM,2008,3.17272996902466
Armenia,ARM,2007,3.01893997192383
Armenia,ARM,2006,2.71577000617981
Armenia,ARM,2005,2.71202993392944
Armenia,ARM,2004,2.48673009872436
Armenia,ARM,2003,2.14505004882812
Armenia,ARM,2002,2.13504004478455
Armenia,ARM,2001,2.46943998336792
Armenia,ARM,2000,2.77272009849548
Armenia,ARM,1999,2.23517990112305
Armenia,ARM,1996,1.84843003749847
Aruba,ABW,2021,3.61855755636695
Aruba,ABW,2019,4.43503686776957
Aruba,ABW,2018,4.54876355243615
Aruba,ABW,2017,4.45581996127504
Aruba,ABW,2016,5.49136018753052
Aruba,ABW,2015,5.88826990127563
Aruba,ABW,2014,5.85128021240234
Aruba,ABW,2013,6.44295978546143
Aruba,ABW,2012,6.3472900390625
Aruba,ABW,2011,5.91466999053955
Aruba,ABW,2010,6.75109004974365
Aruba,ABW,2009,5.79739999771118
Aruba,ABW,2008,4.82730007171631
Aruba,ABW,2007,4.70254993438721
Aruba,ABW,2005,4.62321996688843
Aruba,ABW,2004,4.35698986053467
Aruba,ABW,2002,4.87220001220703
Aruba,ABW,2001,4.79898023605347
Aruba,ABW,2000,4.71468019485474
Aruba,ABW,1999,4.39526987075806
Aruba,ABW,1998,4.76316022872925
Australia,AUS,2022,5.05915021896362
Australia,AUS,2021,5.34109020233154
Australia,AUS,2020,5.38625001907349
Australia,AUS,1994,5.24482011795044
Australia,AUS,1993,5.50557994842529
Australia,AUS,1992,4.6827597618103
Australia,AUS,1991,4.78473997116089
Australia,AUS,1990,4.66683006286621
Australia,AUS,1989,4.73901987075806
Australia,AUS,1988,4.90701007843018
Australia,AUS,1987,5.05759000778198
Australia,AUS,1986,5.2687201499939
Australia,AUS,1985,5.39745998382568
Australia,AUS,1983,5.36449003219604
Australia,AUS,1982,5.47190999984741
Australia,AUS,1980,5.64617013931274
Australia,AUS,1979,5.8890700340271
Australia,AUS,1978,6.00073003768921
Austria,AUT,2022,5.27749013900757
Austria,AUT,2021,5.48071002960205
Austria,AUT,2020,5.57961988449097
Austria,AUT,2019,5.23678016662598
Austria,AUT,2018,5.25437021255493
Austria,AUT,2017,5.40181016921997
Austria,AUT,2016,5.50954008102417
Austria,AUT,2015,5.49143981933594
Austria,AUT,2014,5.49767017364502
Austria,AUT,2013,5.59404993057251
Austria,AUT,2012,5.51612997055054
Austria,AUT,2011,5.62787008285522
Austria,AUT,2010,5.73625993728638
Austria,AUT,2009,5.76567983627319
Austria,AUT,2008,5.2985200881958
Austria,AUT,2007,5.17918014526367
Austria,AUT,2006,5.26367998123169
Austria,AUT,2005,5.28515005111694
Austria,AUT,2004,5.34223985671997
Austria,AUT,2003,5.39253997802734
Austria,AUT,2002,5.56255006790161
Austria,AUT,2001,5.60476016998291
Austria,AUT,2000,5.62036991119385
Austria,AUT,1999,6.13599014282227
Austria,AUT,1998,6.13726997375488
Austria,AUT,1996,5.28883981704712
Austria,AUT,1995,5.44969987869263
Austria,AUT,1993,5.27264022827148
Austria,AUT,1992,5.31782007217407
Austria,AUT,1991,5.12327003479004
Austria,AUT,1990,4.97673988342285
Austria,AUT,1989,5.0378999710083
Austria,AUT,1988,5.21114015579224
Austria,AUT,1987,5.3972601890564
Austria,AUT,1986,5.52159023284912
Austria,AUT,1985,5.31804990768433
Austria,AUT,1984,5.31528997421265
Austria,AUT,1983,5.32463979721069
Austria,AUT,1982,5.3840799331665
Austria,AUT,1981,5.38891983032227
Austria,AUT,1980,5.02866983413696
Austria,AUT,1979,5.05797004699707
Austria,AUT,1978,5.1800799369812
Austria,AUT,1977,4.9734902381897
Austria,AUT,1976,5.2582597732544
Austria,AUT,1975,5.14811992645264
Austria,AUT,1974,4.67425012588501
Austria,AUT,1973,4.53321981430054
Austria,AUT,1972,4.46764993667603
Austria,AUT,1971,4.29919004440308
Austria,AUT,1970,4.16346979141235
Azerbaijan,AZE,2023,3.66036009788513
Azerbaijan,AZE,2022,3.04689002037048
Azerbaijan,AZE,2021,3.7020800113678
Azerbaijan,AZE,2020,4.33204984664917
Azerbaijan,AZE,2019,3.1764600276947
Azerbaijan,AZE,2018,2.45543003082275
Azerbaijan,AZE,2017,2.4738199710846
Azerbaijan,AZE,2016,2.90340995788574
Azerbaijan,AZE,2015,2.95167994499206
Azerbaijan,AZE,2014,2.63303995132446
Azerbaijan,AZE,2013,2.44213008880615
Azerbaijan,AZE,2012,2.06763005256653
Azerbaijan,AZE,2011,2.43564009666443
Azerbaijan,AZE,2010,2.78062009811401
Azerbaijan,AZE,2009,3.22430992126465
Azerbaijan,AZE,2008,2.44092988967896
Azerbaijan,AZE,2007,2.5492799282074
Azerbaijan,AZE,2006,2.55552005767822
Azerbaijan,AZE,2005,2.97462010383606
Azerbaijan,AZE,2004,3.44770002365112
Azerbaijan,AZE,2003,3.28614997863769
Azerbaijan,AZE,2002,3.15445995330811
Azerbaijan,AZE,2001,3.50342011451721
Azerbaijan,AZE,2000,3.85399007797241
Azerbaijan,AZE,1999,4.21214008331299
Azerbaijan,AZE,1998,3.38001990318298
Azerbaijan,AZE,1996,3.51256990432739
Azerbaijan,AZE,1995,3.33736991882324
Azerbaijan,AZE,1992,6.05797004699707
"Bahamas, The",BHS,2023,2.74191570247934
"Bahamas, The",BHS,2022,2.62367021406169
"Bahamas, The",BHS,2021,3.04890655208507
"Bahamas, The",BHS,2020,3.7125229961238
"Bahamas, The",BHS,2019,2.62573176503127
"Bahamas, The",BHS,2018,2.49264112462151
"Bahamas, The",BHS,2017,2.69510162053495
"Bahamas, The",BHS,2016,2.58786212973921
"Bahamas, The",BHS,2015,2.2723175918231
"Bahamas, The",BHS,2014,2.24714705533939
"Bahamas, The",BHS,2013,2.4242884241713
"Bahamas, The",BHS,2012,2.30391197238935
"Bahamas, The",BHS,2011,2.35576638581195
"Bahamas, The",BHS,2010,2.45165990475209
"Bahamas, The",BHS,2000,2.23284006118774
Bahrain,BHR,2023,1.88778167912993
Bahrain,BHR,2022,1.71192127094005
Bahrain,BHR,2021,1.85115940115918
Bahrain,BHR,2020,2.05801907522052
Bahrain,BHR,2019,2.11146982812491
Bahrain,BHR,2018,2.38893976833662
Bahrain,BHR,2017,2.21637010574341
Bahrain,BHR,2016,2.80248290251154
Bahrain,BHR,2015,2.55344009399414
Bahrain,BHR,2014,2.36918997764587
Bahrain,BHR,2013,2.38286995887756
Bahrain,BHR,2012,2.54483008384705
Bahrain,BHR,2011,2.31235396487985
Bahrain,BHR,2010,2.35114974984976
Bahrain,BHR,2008,2.49677991867065
Bahrain,BHR,2007,2.57500004768372
Bahrain,BHR,2006,2.87440991401672
Bahrain,BHR,1972,2.02393007278442
Bahrain,BHR,1971,2.30781006813049
Bahrain,BHR,1970,2.01217007637024
Bangladesh,BGD,2024,2.0343847791384
Bangladesh,BGD,2023,2.16213826344701
Bangladesh,BGD,2022,2.08538657806243
Bangladesh,BGD,2021,2.17090882504654
Bangladesh,BGD,2020,2.13974351741877
Bangladesh,BGD,2019,1.13094997406006
Bangladesh,BGD,2018,2.09477473545666
Bangladesh,BGD,2017,2.11342875356648
Bangladesh,BGD,2016,1.28183996677399
Bangladesh,BGD,2015,1.87225417109978
Bangladesh,BGD,2014,2.09871663086838
Bangladesh,BGD,2013,1.96616995334625
Bangladesh,BGD,2012,2.17549991607666
Bangladesh,BGD,2011,2.13269996643066
Bangladesh,BGD,2009,1.93941998481751
Bangladesh,BGD,2008,2.0545699596405
Bangladesh,BGD,2007,2.20221996307373
Bangladesh,BGD,2006,2.13128995895386
Bangladesh,BGD,2004,1.94014000892639
Bangladesh,BGD,2003,2.06940007209778
Bangladesh,BGD,2002,2.01714992523193
Bangladesh,BGD,2001,2.17193007469177
Bangladesh,BGD,2000,2.12507009506226
Bangladesh,BGD,1999,2.13281989097595
Bangladesh,BGD,1997,1.95247995853424
Bangladesh,BGD,1993,1.69263005256653
Bangladesh,BGD,1992,1.63177001476288
Bangladesh,BGD,1991,1.42566001415253
Bangladesh,BGD,1990,1.51911997795105
Bangladesh,BGD,1987,1.51364004611969
Bangladesh,BGD,1986,1.34349000453949
Bangladesh,BGD,1985,1.27118003368378
Bangladesh,BGD,1984,1.22302997112274
Bangladesh,BGD,1983,1.03267002105713
Bangladesh,BGD,1982,1.01163995265961
Bangladesh,BGD,1981,1.07149994373322
Bangladesh,BGD,1980,0.937600016593933
Bangladesh,BGD,1979,1.13093996047974
Barbados,BRB,2024,3.55593188106322
Barbados,BRB,2023,3.7754499912262
Barbados,BRB,2022,4.14000988006592
Barbados,BRB,2021,4.49793004989624
Barbados,BRB,2020,3.86529994010925
Barbados,BRB,2019,3.72228002548218
Barbados,BRB,2018,5.40447825597088
Barbados,BRB,2017,3.956209897995
Barbados,BRB,2016,4.19719982147217
Barbados,BRB,2015,5.15997517232471
Barbados,BRB,2014,5.35950994491577
Barbados,BRB,2013,4.50306987762451
Barbados,BRB,2012,4.58823013305664
Barbados,BRB,2010,6.05261993408203
Barbados,BRB,2009,5.11040019989014
Barbados,BRB,2008,4.92074012756348
Barbados,BRB,2007,5.22061014175415
Barbados,BRB,2005,5.66965007781982
Barbados,BRB,2004,6.02428007125854
Barbados,BRB,2003,6.24569988250732
Barbados,BRB,2002,5.88062000274658
Barbados,BRB,2001,6.05536985397339
Barbados,BRB,2000,4.71585988998413
Barbados,BRB,1999,4.34123992919922
Barbados,BRB,1991,6.63870000839233
Barbados,BRB,1977,6.51715993881226
Barbados,BRB,1976,5.94479990005493
Barbados,BRB,1974,7.52374982833862
Barbados,BRB,1973,6.72242021560669
Barbados,BRB,1972,6.79071998596191
Barbados,BRB,1971,6.15065002441406
Belarus,BLR,2024,5.04593992233276
Belarus,BLR,2023,4.90902996063232
Belarus,BLR,2022,4.62823009490967
Belarus,BLR,2021,4.60641002655029
Belarus,BLR,2020,4.86263990402222
Belarus,BLR,2019,4.97948980331421
Belarus,BLR,2018,4.83656978607178
Belarus,BLR,2017,4.79500007629395
Belarus,BLR,2016,4.94654989242554
Belarus,BLR,2015,4.78751993179321
Belarus,BLR,2014,4.81830978393555
Belarus,BLR,2013,5.0094199180603
Belarus,BLR,2012,4.95964002609253
Belarus,BLR,2011,4.68479013442993
Belarus,BLR,2010,5.22003984451294
Belarus,BLR,2009,4.3689398765564
Belarus,BLR,2007,5.15210008621216
Belarus,BLR,2006,6.07696008682251
Belarus,BLR,2005,5.8710298538208
Belarus,BLR,2004,5.7122597694397
Belarus,BLR,2000,6.19661998748779
Belarus,BLR,1999,6.00001001358032
Belgium,BEL,2022,6.27611017227173
Belgium,BEL,2021,6.38081979751587
Belgium,BEL,2020,6.75470018386841
Belgium,BEL,2019,6.32381010055542
Belgium,BEL,2018,6.38883018493652
Belgium,BEL,2017,6.44915008544922
Belgium,BEL,2016,6.48613023757935
Belgium,BEL,2015,6.46963977813721
Belgium,BEL,2014,6.55866003036499
Belgium,BEL,2013,6.60135984420776
Belgium,BEL,2012,6.56625986099243
Belgium,BEL,2011,6.38481998443604
Belgium,BEL,2010,6.44078016281128
Belgium,BEL,2009,6.43465995788574
Belgium,BEL,2008,6.33294010162354
Belgium,BEL,2005,5.79584980010986
Belgium,BEL,1996,3.04948997497559
Belgium,BEL,1995,2.98866009712219
Belgium,BEL,1994,5.41103982925415
Belgium,BEL,1993,5.37233018875122
Belgium,BEL,1988,4.30071020126343
Belgium,BEL,1987,4.57711982727051
Belgium,BEL,1986,4.8522801399231
Belgium,BEL,1982,5.3167200088501
Belgium,BEL,1981,5.4353199005127
Belgium,BEL,1980,5.31063985824585
Belgium,BEL,1979,5.38035011291504
Belgium,BEL,1978,5.43633985519409
Belgium,BEL,1977,5.98883008956909
Belgium,BEL,1976,5.73104000091553
Belgium,BEL,1975,5.76281976699829
Belize,BLZ,2024,4.62276317232973
Belize,BLZ,2023,4.23143005371094
Belize,BLZ,2022,4.60415983200073
Belize,BLZ,2021,5.96298980712891
Belize,BLZ,2020,5.21301984786987
Belize,BLZ,2019,5.96377992630005
Belize,BLZ,2018,6.12779998779297
Belize,BLZ,2017,5.95071983337402
Belize,BLZ,2016,5.72603988647461
Belize,BLZ,2015,5.35711002349854
Belize,BLZ,2014,5.1395001411438
Belize,BLZ,2013,5.12474012374878
Belize,BLZ,2012,5.47351989539787
Belize,BLZ,2011,5.51786910233588
Belize,BLZ,2010,5.24251985549927
Belize,BLZ,2009,4.8011999130249
Belize,BLZ,2008,4.29996013641357
Belize,BLZ,2004,4.0096697807312
Belize,BLZ,2003,3.90120005607605
Belize,BLZ,2001,4.23519992828369
Belize,BLZ,2000,3.68356990814209
Belize,BLZ,1999,4.0349497795105
Benin,BEN,2023,3.22974322056608
Benin,BEN,2022,3.0972642678305
Benin,BEN,2021,3.09692638090381
Benin,BEN,2020,2.89898431911618
Benin,BEN,2019,2.73204741460628
Benin,BEN,2018,2.93161988258362
Benin,BEN,2017,3.53558993339539
Benin,BEN,2016,2.89910006523132
Benin,BEN,2015,3.17298007011414
Benin,BEN,2014,3.161789894104
Benin,BEN,2013,3.3275101184845
Benin,BEN,2012,3.56202006340027
Benin,BEN,2010,3.67997002601623
Benin,BEN,2009,3.08927011489868
Benin,BEN,2008,2.77728009223938
Benin,BEN,2007,2.36331009864807
Benin,BEN,2006,2.56340003013611
Benin,BEN,2005,2.6566801071167
Benin,BEN,2004,2.56690001487732
Benin,BEN,2003,2.28315997123718
Benin,BEN,2002,2.15949010848999
Benin,BEN,2001,2.36509990692139
Benin,BEN,2000,2.11366009712219
Benin,BEN,1999,1.9219399690628
Benin,BEN,1998,2.74787998199463
Bermuda,BMU,2023,1.86510440752276
Bermuda,BMU,2022,1.77583338857166
Bermuda,BMU,2021,1.94565325816336
Bermuda,BMU,2020,1.74834797496856
Bermuda,BMU,2019,1.92679827239971
Bermuda,BMU,2018,1.93595466792564
Bermuda,BMU,2017,1.32495999336243
Bermuda,BMU,2016,2.03905874199287
Bermuda,BMU,2015,1.50163996219635
Bermuda,BMU,2014,1.5368800163269
Bermuda,BMU,2013,2.2795032068669
Bermuda,BMU,2012,2.38597137100485
Bermuda,BMU,2011,2.19656988306324
Bermuda,BMU,2010,2.30668997764587
Bermuda,BMU,2009,2.28920006752014
Bermuda,BMU,2005,1.98877000808716
Bermuda,BMU,2004,1.77587997913361
Bermuda,BMU,2003,1.6662700176239
Bermuda,BMU,1998,2.15227007865906
Bermuda,BMU,1992,3.47604990005493
Bermuda,BMU,1991,3.15065002441406
Bermuda,BMU,1990,3.13619995117188
Bermuda,BMU,1985,3.03449010848999
Bermuda,BMU,1975,3.43442010879517
Bermuda,BMU,1973,4.10790014266968
Bhutan,BTN,2023,5.84518003463745
Bhutan,BTN,2022,7.46981980280053
Bhutan,BTN,2021,6.5983860642268
Bhutan,BTN,2020,5.46991778261464
Bhutan,BTN,2019,4.50982783818663
Bhutan,BTN,2018,6.47810983657837
Bhutan,BTN,2017,6.61724996566772
Bhutan,BTN,2016,6.4044599533081
Bhutan,BTN,2015,6.92886018753052
Bhutan,BTN,2014,5.4618501663208
Bhutan,BTN,2013,5.16565990447998
Bhutan,BTN,2011,4.31658983230591
Bhutan,BTN,2010,3.82318997383118
Bhutan,BTN,2009,4.41887998580933
Bhutan,BTN,2008,4.56950998306274
Bhutan,BTN,2005,6.76420021057129
Bhutan,BTN,2004,6.12311983108521
Bhutan,BTN,2001,5.44985008239746
Bhutan,BTN,2000,5.78675985336304
Bhutan,BTN,1979,3.47623991966248
Bhutan,BTN,1978,2.5100200176239
Bhutan,BTN,1975,3.09239006042481
Bhutan,BTN,1972,1.65056002140045
Bhutan,BTN,1971,1.87578999996185
Bolivia,BOL,2024,7.53980016708374
Bolivia,BOL,2023,7.89381980895996
Bolivia,BOL,2022,7.57551002502441
Bolivia,BOL,2021,7.96216011047363
Bolivia,BOL,2020,8.43710994720459
Bolivia,BOL,2019,8.09103012084961
Bolivia,BOL,2018,8.01585960388184
Bolivia,BOL,2017,8.09722995758057
Bolivia,BOL,2016,8.15062046051025
Bolivia,BOL,2015,8.1434497833252
Bolivia,BOL,2014,7.47811985015869
Bolivia,BOL,2013,6.80321979522705
Bolivia,BOL,2012,6.62799978256226
Bolivia,BOL,2011,6.45054006576538
Bolivia,BOL,2010,6.97377014160156
Bolivia,BOL,2009,7.57484006881714
Bolivia,BOL,2008,6.72301006317139
Bolivia,BOL,2007,6.7204999923706
Bolivia,BOL,2006,6.43421983718872
Bosnia and Herzegovina,BIH,2023,3.24564826597779
Bosnia and Herzegovina,BIH,2022,2.97012986426524
Bosnia and Herzegovina,BIH,2021,4.13622999191284
Bosnia and Herzegovina,BIH,2020,3.01954088371123
Bosnia and Herzegovina,BIH,2019,4.04449987411499
Bosnia and Herzegovina,BIH,2018,3.89297008514404
Bosnia and Herzegovina,BIH,2017,2.83868424239217
Bosnia and Herzegovina,BIH,2016,4.26451015472412
Bosnia and Herzegovina,BIH,2015,3.0181128667772
Bosnia and Herzegovina,BIH,2014,3.31473965674631
Botswana,BWA,2020,8.05833660991541
Botswana,BWA,2019,8.3989966033446
Botswana,BWA,2018,7.9053860532971
Botswana,BWA,2017,7.80924443947392
Botswana,BWA,2016,8.73589296358928
Botswana,BWA,2015,8.39457941644674
Botswana,BWA,2014,7.88874188960311
Botswana,BWA,2013,8.0172064061589
Botswana,BWA,2012,8.1098729741114
Botswana,BWA,2011,10.8265537416631
Botswana,BWA,2009,9.8253002166748
Botswana,BWA,2007,9.04666996002197
Botswana,BWA,2005,10.6785898208618
Botswana,BWA,1992,6.84061002731323
Botswana,BWA,1990,5.73963022232056
Botswana,BWA,1988,6.15111017227173
Botswana,BWA,1987,6.11773014068604
Botswana,BWA,1986,5.18592977523804
Botswana,BWA,1985,5.65072011947632
Botswana,BWA,1984,5.55166006088257
Botswana,BWA,1983,5.55226993560791
Botswana,BWA,1980,5.46931982040405
Botswana,BWA,1979,6.14172983169556
Botswana,BWA,1978,5.95213985443115
Botswana,BWA,1977,5.40031003952026
Botswana,BWA,1976,6.06396007537842
Botswana,BWA,1975,5.64942979812622
Botswana,BWA,1974,3.67424011230469
Botswana,BWA,1973,3.2627899646759
Botswana,BWA,1972,3.90638995170593
Botswana,BWA,1971,4.38723993301392
Brazil,BRA,2022,5.61920976638794
Brazil,BRA,2021,5.4969801902771
Brazil,BRA,2020,5.7714900970459
Brazil,BRA,2019,5.96346998214722
Brazil,BRA,2018,6.08851003646851
Brazil,BRA,2017,6.32047986984253
Brazil,BRA,2016,6.31403017044067
Brazil,BRA,2015,6.24105978012085
Brazil,BRA,2014,5.94848012924194
Brazil,BRA,2013,5.8388500213623
Brazil,BRA,2012,5.85510015487671
Brazil,BRA,2011,5.73741006851196
Brazil,BRA,2010,5.64879989624023
Brazil,BRA,2009,5.46355009078979
Brazil,BRA,2008,5.26884984970093
Brazil,BRA,2007,4.97426986694336
Brazil,BRA,2006,4.87060022354126
Brazil,BRA,2005,4.47909021377563
Brazil,BRA,2004,3.97448992729187
Brazil,BRA,2002,3.75037002563477
Brazil,BRA,2001,3.84467005729675
Brazil,BRA,2000,3.94893002510071
Brazil,BRA,1999,3.80062007904053
Brazil,BRA,1998,4.75666999816895
Brazil,BRA,1995,4.56816005706787
British Virgin Islands,VGB,2023,3.17283855528435
British Virgin Islands,VGB,2022,2.48401807300907
British Virgin Islands,VGB,2021,3.0245532067775
British Virgin Islands,VGB,2020,2.70539282589676
British Virgin Islands,VGB,2019,2.500967871937
British Virgin Islands,VGB,2018,2.42556060278319
British Virgin Islands,VGB,2017,2.4570894097885
British Virgin Islands,VGB,2016,3.25467711875258
British Virgin Islands,VGB,2015,4.70449999843962
British Virgin Islands,VGB,2014,4.00919804063438
British Virgin Islands,VGB,2013,4.45811210742524
British Virgin Islands,VGB,2012,3.55560728835564
British Virgin Islands,VGB,2010,3.48700818755313
Brunei Darussalam,BRN,2016,4.42539978027344
Brunei Darussalam,BRN,2014,3.35321998596191
Brunei Darussalam,BRN,2012,2.88964009284973
Brunei Darussalam,BRN,2011,3.32213997840881
Brunei Darussalam,BRN,2010,1.84384000301361
Brunei Darussalam,BRN,2000,3.38460993766785
Brunei Darussalam,BRN,1999,3.59609007835388
Brunei Darussalam,BRN,1998,3.83446002006531
Brunei Darussalam,BRN,1993,2.84204006195068
Brunei Darussalam,BRN,1992,2.47772002220154
Brunei Darussalam,BRN,1991,2.16112995147705
Brunei Darussalam,BRN,1990,2.30816006660461
Brunei Darussalam,BRN,1989,2.80970001220703
Brunei Darussalam,BRN,1988,3.20917010307312
Brunei Darussalam,BRN,1987,2.65351009368896
Brunei Darussalam,BRN,1982,0.810209989547729
Brunei Darussalam,BRN,1981,0.753610014915466
Brunei Darussalam,BRN,1980,0.54381000995636
Brunei Darussalam,BRN,1979,0.716929972171783
Brunei Darussalam,BRN,1978,1.00110995769501
Brunei Darussalam,BRN,1976,0.917750000953674
Brunei Darussalam,BRN,1975,0.917890012264252
Brunei Darussalam,BRN,1974,1.57027995586395
Brunei Darussalam,BRN,1973,8.79329013824463
Brunei Darussalam,BRN,1972,4.03928995132446
Brunei Darussalam,BRN,1971,4.99501991271973
Brunei Darussalam,BRN,1970,6.23915004730225
Bulgaria,BGR,2022,4.50109004974365
Bulgaria,BGR,2021,4.7092399597168
Bulgaria,BGR,2020,4.48298978805542
Bulgaria,BGR,2019,4.21430015563965
Bulgaria,BGR,2018,4.05201005935669
Bulgaria,BGR,2017,4.07754993438721
Bulgaria,BGR,2016,3.81435990333557
Bulgaria,BGR,2015,3.88469004631042
Bulgaria,BGR,2014,4.19388008117676
Bulgaria,BGR,2013,4.05766010284424
Bulgaria,BGR,2012,3.47650003433227
Bulgaria,BGR,2011,3.54690003395081
Bulgaria,BGR,2010,3.85746002197266
Bulgaria,BGR,2009,4.27429008483887
Bulgaria,BGR,2008,4.2190899848938
Bulgaria,BGR,2007,3.680340051651
Bulgaria,BGR,2006,3.90346002578735
Bulgaria,BGR,2005,4.10879993438721
Bulgaria,BGR,2004,4.24988985061646
Bulgaria,BGR,2003,3.99845004081726
Bulgaria,BGR,2002,3.38608002662659
Bulgaria,BGR,2001,3.38423991203308
Bulgaria,BGR,1998,2.73942995071411
Bulgaria,BGR,1996,2.23007988929748
Bulgaria,BGR,1995,2.37207007408142
Bulgaria,BGR,1994,4.1706600189209
Bulgaria,BGR,1993,4.95048999786377
Bulgaria,BGR,1992,5.26045989990234
Bulgaria,BGR,1991,5.42961978912354
Bulgaria,BGR,1990,4.45406007766724
Bulgaria,BGR,1980,3.52947998046875
Burkina Faso,BFA,2023,5.32757840997187
Burkina Faso,BFA,2022,5.29456753304241
Burkina Faso,BFA,2021,5.24913346712028
Burkina Faso,BFA,2020,5.21148277030166
Burkina Faso,BFA,2019,5.45615632520251
Burkina Faso,BFA,2018,5.488609790802
Burkina Faso,BFA,2017,5.62846994400024
Burkina Faso,BFA,2015,3.67008996009827
Burkina Faso,BFA,2014,4.05329990386963
Burkina Faso,BFA,2013,4.08343982696533
Burkina Faso,BFA,2012,3.60315990447998
Burkina Faso,BFA,2011,3.98515009880066
Burkina Faso,BFA,2010,3.50222992897034
Burkina Faso,BFA,2007,4.07982015609741
Burkina Faso,BFA,2006,3.98218989372253
Burkina Faso,BFA,2005,3.94112992286682
Burkina Faso,BFA,1996,1.44026005268097
Burkina Faso,BFA,1994,3.45110988616943
Burkina Faso,BFA,1988,1.42607998847961
Burkina Faso,BFA,1985,1.76396000385284
Burkina Faso,BFA,1983,1.75448000431061
Burkina Faso,BFA,1980,1.9617999792099
Burkina Faso,BFA,1978,1.67982995510101
Burundi,BDI,2025,4.5040397644043
Burundi,BDI,2021,4.87114173892375
Burundi,BDI,2020,5.32158506838731
Burundi,BDI,2019,5.34668445378401
Burundi,BDI,2018,5.07863998413086
Burundi,BDI,2017,4.76202011108398
Burundi,BDI,2016,4.69199991226196
Burundi,BDI,2015,6.37133979797363
Burundi,BDI,2014,6.78452014923096
Burundi,BDI,2013,5.99539995193481
Burundi,BDI,2012,6.16776990890503
Burundi,BDI,2011,6.31926012039185
Burundi,BDI,2010,6.77523994445801
Burundi,BDI,2009,6.17194986343384
Burundi,BDI,2008,5.19289016723633
Burundi,BDI,2005,3.63216996192932
Burundi,BDI,2004,3.74495005607605
Burundi,BDI,2002,3.00493001937866
Burundi,BDI,2001,2.90390992164612
Burundi,BDI,2000,2.64547991752625
Burundi,BDI,1999,3.41744995117188
Burundi,BDI,1996,4.08324003219604
Burundi,BDI,1995,5.01511001586914
Burundi,BDI,1994,4.565269947052
Burundi,BDI,1992,3.8058500289917
Burundi,BDI,1991,3.49365997314453
Burundi,BDI,1990,3.35932993888855
Burundi,BDI,1981,3.34676003456116
Burundi,BDI,1979,2.80335998535156
Cabo Verde,CPV,2023,4.3482854136693
Cabo Verde,CPV,2022,4.7252554800722
Cabo Verde,CPV,2021,6.15490303089284
Cabo Verde,CPV,2020,7.09400702406662
Cabo Verde,CPV,2019,4.16528987884521
Cabo Verde,CPV,2018,4.78792270184537
Cabo Verde,CPV,2017,4.59278011322021
Cabo Verde,CPV,2016,4.75475978851318
Cabo Verde,CPV,2015,4.80622005462646
Cabo Verde,CPV,2014,4.52133989334106
Cabo Verde,CPV,2013,4.56156015396118
Cabo Verde,CPV,2012,5.39769575795208
Cabo Verde,CPV,2011,4.59785985946655
Cabo Verde,CPV,2010,5.0765700340271
Cabo Verde,CPV,2009,4.86588001251221
Cabo Verde,CPV,2008,5.03464984893799
Cabo Verde,CPV,2007,4.95982980728149
Cabo Verde,CPV,2006,6.52960014343262
Cabo Verde,CPV,2004,7.47664022445679
Cabo Verde,CPV,2002,7.87682008743286
Cabo Verde,CPV,1999,6.80168008804321
Cabo Verde,CPV,1998,6.39176988601685
Cambodia,KHM,2023,2.1809128340295
Cambodia,KHM,2022,1.95793279576416
Cambodia,KHM,2021,1.96232691812756
Cambodia,KHM,2020,2.2476462495972
Cambodia,KHM,2019,2.13345387893978
Cambodia,KHM,2018,1.60336995124817
Cambodia,KHM,2014,1.44690001010895
Cambodia,KHM,2013,1.57648003101349
Cambodia,KHM,2012,1.23062002658844
Cambodia,KHM,2011,1.20887994766235
Cambodia,KHM,2010,1.24872994422913
Cambodia,KHM,2009,1.38576996326447
Cambodia,KHM,2007,1.36423003673553
Cambodia,KHM,2004,1.56035995483398
Cambodia,KHM,2002,1.62863004207611
Cambodia,KHM,2001,1.6550600528717
Cambodia,KHM,2000,1.64869999885559
Cambodia,KHM,1998,1.25907003879547
Cameroon,CMR,2023,2.83907623667935
Cameroon,CMR,2022,2.65952378267367
Cameroon,CMR,2021,2.8493076272306
Cameroon,CMR,2020,3.10390139858492
Cameroon,CMR,2019,3.0473994932468
Cameroon,CMR,2018,3.03096008300781
Cameroon,CMR,2017,3.05961990356445
Cameroon,CMR,2016,2.56234002113342
Cameroon,CMR,2015,2.65791010856628
Cameroon,CMR,2014,2.58396005630493
Cameroon,CMR,2013,2.65546989440918
Cameroon,CMR,2012,2.60304999351502
Cameroon,CMR,2011,2.65335988998413
Cameroon,CMR,2010,2.84802007675171
Cameroon,CMR,2009,2.90790009498596
Cameroon,CMR,2008,2.49826002120972
Cameroon,CMR,2007,2.87814998626709
Cameroon,CMR,2006,2.53990006446838
Cameroon,CMR,2005,2.65652990341186
Cameroon,CMR,2004,2.79530000686646
Cameroon,CMR,2003,2.82259011268616
Cameroon,CMR,2001,2.29733991622925
Cameroon,CMR,2000,1.70284998416901
Cameroon,CMR,1992,2.75099992752075
Cameroon,CMR,1991,3.22023010253906
Cameroon,CMR,1990,3.28710007667542
Cameroon,CMR,1989,2.64896011352539
Cameroon,CMR,1988,2.71473002433777
Cameroon,CMR,1987,2.93091011047363
Cameroon,CMR,1986,2.84834003448486
Cameroon,CMR,1984,3.24637007713318
Cameroon,CMR,1983,3.4968900680542
Cameroon,CMR,1982,2.98497009277344
Cameroon,CMR,1972,3.36388993263245
Cameroon,CMR,1971,3.07986998558044
Canada,CAN,2022,4.84426021575928
Canada,CAN,2021,4.74858999252319
Canada,CAN,2020,4.88794994354248
Canada,CAN,2019,4.77293014526367
Canada,CAN,2018,4.88898992538452
Canada,CAN,2017,4.95998001098633
Canada,CAN,2016,4.81642007827759
Canada,CAN,2015,4.73936986923218
Canada,CAN,2014,4.84358978271484
Canada,CAN,2013,4.58899021148682
Canada,CAN,2011,5.26204013824463
Canada,CAN,2010,5.35637998580933
Canada,CAN,2009,4.84057998657227
Canada,CAN,2008,4.62612009048462
Canada,CAN,2007,4.76642990112305
Canada,CAN,2005,4.76589012145996
Canada,CAN,2002,4.99306011199951
Canada,CAN,2001,4.95304012298584
Canada,CAN,2000,5.42330980300903
Canada,CAN,1999,5.53079986572266
Canada,CAN,1998,5.49377012252808
Canada,CAN,1995,6.30476999282837
Canada,CAN,1994,6.65829992294312
Canada,CAN,1993,7.67834997177124
Canada,CAN,1992,6.74663019180298
Canada,CAN,1991,6.85951995849609
Canada,CAN,1990,5.96922016143799
Canada,CAN,1989,6.07406997680664
Canada,CAN,1988,6.15022993087769
Canada,CAN,1987,6.29827976226807
Canada,CAN,1986,6.02058982849121
Canada,CAN,1985,6.18943023681641
Canada,CAN,1984,6.61841011047363
Canada,CAN,1983,6.85547018051147
Canada,CAN,1982,6.49725008010864
Canada,CAN,1981,6.40900993347168
Canada,CAN,1980,6.46289014816284
Canada,CAN,1979,6.69220018386841
Canada,CAN,1978,7.07383012771606
Canada,CAN,1977,6.71090984344482
Canada,CAN,1976,6.69841003417969
Canada,CAN,1975,6.42132997512817
Canada,CAN,1974,6.66714000701904
Canada,CAN,1973,7.01386022567749
Canada,CAN,1972,7.58980989456177
Canada,CAN,1971,7.6842999458313
Cayman Islands,CYM,2023,1.57024002075195
Cayman Islands,CYM,2022,1.48894000053406
Cayman Islands,CYM,2021,1.31253004074097
Cayman Islands,CYM,2020,1.45542001724243
Cayman Islands,CYM,2019,1.13670003414154
Cayman Islands,CYM,2018,2.16376945997106
Central African Republic,CAF,2023,1.82995911310419
Central African Republic,CAF,2022,2.11509129476365
Central African Republic,CAF,2021,1.8725169173301
Central African Republic,CAF,2020,2.14468061163977
Central African Republic,CAF,2019,1.76792074637361
Central African Republic,CAF,2018,1.56587596817535
Central African Republic,CAF,2017,1.75365013911465
Central African Republic,CAF,2016,1.75408898250234
Central African Republic,CAF,2015,1.9102285875012
Central African Republic,CAF,2014,2.22015331698693
Central African Republic,CAF,2013,2.63821423826355
Central African Republic,CAF,2012,1.98034724839473
Central African Republic,CAF,2011,1.10792005062103
Central African Republic,CAF,2010,1.11760997772217
Central African Republic,CAF,2009,1.25458002090454
Central African Republic,CAF,2008,1.29000997543335
Central African Republic,CAF,2007,1.31332004070282
Central African Republic,CAF,2006,1.41506004333496
Central African Republic,CAF,2005,1.65222001075745
Central African Republic,CAF,2004,1.6245299577713
Central African Republic,CAF,2003,1.53979003429413
Central African Republic,CAF,2002,1.5195699930191
Central African Republic,CAF,2000,1.61265003681183
Central African Republic,CAF,1999,1.69001996517181
Central African Republic,CAF,1991,2.27630996704102
Central African Republic,CAF,1990,2.2441999912262
Central African Republic,CAF,1987,2.54804992675781
Central African Republic,CAF,1986,2.20775008201599
Central African Republic,CAF,1978,3.17052006721497
Chad,TCD,2023,3.20149725837724
Chad,TCD,2022,2.6016118897064
Chad,TCD,2021,2.01648998260498
Chad,TCD,2020,2.73960390423748
Chad,TCD,2019,2.37245795383591
Chad,TCD,2018,2.25947501392013
Chad,TCD,2017,1.8390200138092
Chad,TCD,2016,2.38847586229946
Chad,TCD,2015,2.34283149521162
Chad,TCD,2014,2.32031229563021
Chad,TCD,2013,2.06696009635925
Chad,TCD,2012,1.52493000030518
Chad,TCD,2011,1.64717996120453
Chad,TCD,2010,1.50397002696991
Chad,TCD,2009,1.74366998672485
Chad,TCD,2005,1.30189001560211
Chad,TCD,2004,1.59294998645782
Chad,TCD,2001,2.42614006996155
Chad,TCD,2000,2.64670991897583
Chad,TCD,1999,3.22786998748779
Chad,TCD,1998,1.64903998374939
Chad,TCD,1997,2.27335000038147
Chile,CHL,2022,4.91201019287109
Chile,CHL,2021,5.00225019454956
Chile,CHL,2020,5.62992000579834
Chile,CHL,2019,5.62629985809326
Chile,CHL,2018,5.473060131073
Chile,CHL,2017,5.43278980255127
Chile,CHL,2016,5.36645984649658
Chile,CHL,2015,4.90390014648438
Chile,CHL,2014,4.75168991088867
Chile,CHL,2013,4.54814004898071
Chile,CHL,2011,4.06173992156982
Chile,CHL,2010,4.18953990936279
Chile,CHL,2009,4.25475978851318
Chile,CHL,2008,3.79189991950989
Chile,CHL,2007,3.2331600189209
Chile,CHL,2006,3.04014992713928
Chile,CHL,2005,3.28016996383667
Chile,CHL,2004,3.54307007789612
Chile,CHL,2003,3.91868996620178
Chile,CHL,2002,4.04881000518799
Chile,CHL,2000,3.75707006454468
Chile,CHL,1999,3.7083899974823
Chile,CHL,1998,3.32312989234924
Chile,CHL,1997,2.98516988754273
Chile,CHL,1996,2.77720999717712
Chile,CHL,1995,2.55165004730225
Chile,CHL,1994,2.49258995056152
Chile,CHL,1993,2.35279989242554
Chile,CHL,1990,2.23059010505676
Chile,CHL,1987,2.7789900302887
Chile,CHL,1981,4.82065010070801
Chile,CHL,1980,4.14156007766724
Chile,CHL,1979,3.41297006607056
Chile,CHL,1978,2.99899005889893
Chile,CHL,1975,3.50703001022339
Chile,CHL,1974,3.66648006439209
China,CHN,2023,3.89714002609253
China,CHN,1999,1.87120997905731
China,CHN,1998,1.82997000217438
China,CHN,1996,1.84320998191833
China,CHN,1995,1.83266997337341
China,CHN,1994,1.97658002376556
China,CHN,1993,1.65106999874115
China,CHN,1992,1.64842998981476
China,CHN,1988,1.7611700296402
China,CHN,1987,1.80106997489929
China,CHN,1986,2.05778002738953
China,CHN,1985,2.00441002845764
China,CHN,1984,1.99481999874115
China,CHN,1983,2.07294011116028
China,CHN,1982,2.03061008453369
China,CHN,1981,1.94532001018524
China,CHN,1980,1.90851998329163
China,CHN,1979,2.1445300579071
China,CHN,1978,1.95560002326965
China,CHN,1977,1.74663996696472
China,CHN,1976,1.81353998184204
China,CHN,1975,1.70580995082855
China,CHN,1974,1.75835001468658
China,CHN,1973,1.64819002151489
China,CHN,1972,1.6021900177002
China,CHN,1971,1.38654005527496
Colombia,COL,2020,5.26166009902954
Colombia,COL,2019,4.51068019866943
Colombia,COL,2018,4.44910001754761
Colombia,COL,2017,4.53551006317139
Colombia,COL,2016,4.47721004486084
Colombia,COL,2015,4.47038984298706
Colombia,COL,2014,4.62945985794067
Colombia,COL,2013,4.87855005264282
Colombia,COL,2012,4.37038993835449
Colombia,COL,2011,4.46608018875122
Colombia,COL,2010,4.83382987976074
Colombia,COL,2009,4.77651977539062
Colombia,COL,2008,3.9387800693512
Colombia,COL,2007,4.08301019668579
Colombia,COL,2006,3.91671991348267
Colombia,COL,2005,4.02098989486694
Colombia,COL,2004,4.07934999465942
Colombia,COL,2003,4.32513999938965
Colombia,COL,2002,4.26812982559204
Colombia,COL,2001,3.70867991447449
Colombia,COL,2000,3.5112099647522
Colombia,COL,1999,4.44080018997192
Colombia,COL,1998,3.92645001411438
Colombia,COL,1989,2.70525002479553
Colombia,COL,1985,2.71527004241943
Colombia,COL,1984,3.00429010391235
Colombia,COL,1981,2.59723997116089
Colombia,COL,1980,1.72912001609802
Colombia,COL,1979,1.75434005260468
Comoros,COM,2023,2.34146896682989
Comoros,COM,2022,2.43164424110924
Comoros,COM,2021,2.27485390045927
Comoros,COM,2020,2.37805076679617
Comoros,COM,2015,2.5450599193573
Comoros,COM,2014,2.74472999572754
Comoros,COM,2013,2.3827600479126
Comoros,COM,2012,2.74783992767334
Comoros,COM,2011,2.8304500579834
Comoros,COM,2008,4.42264986038208
Comoros,COM,2002,2.25841999053955
Comoros,COM,1998,2.20135998725891
"Congo, Dem. Rep.",COD,2022,2.84466514463005
"Congo, Dem. Rep.",COD,2021,2.66048474102788
"Congo, Dem. Rep.",COD,2020,2.62263835311571
"Congo, Dem. Rep.",COD,2017,1.45494997501373
"Congo, Dem. Rep.",COD,2016,2.1186900138855
"Congo, Dem. Rep.",COD,2015,2.17043995857239
"Congo, Dem. Rep.",COD,2014,1.95142996311188
"Congo, Dem. Rep.",COD,2013,2.06220006942749
"Congo, Dem. Rep.",COD,2010,1.5249799489975
"Congo, Dem. Rep.",COD,1988,0.814840018749237
"Congo, Dem. Rep.",COD,1987,0.861199975013733
"Congo, Dem. Rep.",COD,1986,0.722500026226044
"Congo, Dem. Rep.",COD,1985,0.825699985027313
"Congo, Dem. Rep.",COD,1984,0.70414000749588
"Congo, Dem. Rep.",COD,1983,1.29945003986359
"Congo, Dem. Rep.",COD,1982,2.79981994628906
"Congo, Dem. Rep.",COD,1981,2.53504991531372
"Congo, Dem. Rep.",COD,1980,2.26730990409851
"Congo, Rep.",COG,2023,3.34005209256916
"Congo, Rep.",COG,2022,2.72738253259215
"Congo, Rep.",COG,2021,3.31281536274069
"Congo, Rep.",COG,2020,4.22208879466149
"Congo, Rep.",COG,2019,3.24716413970868
"Congo, Rep.",COG,2018,2.77167010307312
"Congo, Rep.",COG,2017,4.17235994338989
"Congo, Rep.",COG,2016,4.87114096878621
"Congo, Rep.",COG,2015,3.13882994651794
"Congo, Rep.",COG,2014,3.18255996704102
"Congo, Rep.",COG,2013,5.0138814089415
"Congo, Rep.",COG,2012,2.73923061622047
"Congo, Rep.",COG,2011,2.64652978173867
"Congo, Rep.",COG,2010,5.6867299079895
"Congo, Rep.",COG,2005,1.6810200214386
"Congo, Rep.",COG,2004,2.28813004493713
"Congo, Rep.",COG,2003,2.8361599445343
"Congo, Rep.",COG,2002,3.20831990242004
"Congo, Rep.",COG,1998,4.06827020645142
"Congo, Rep.",COG,1995,4.91033983230591
"Congo, Rep.",COG,1994,6.37311983108521
"Congo, Rep.",COG,1980,6.35924005508423
"Congo, Rep.",COG,1979,7.03813982009888
"Congo, Rep.",COG,1978,8.41331005096436
"Congo, Rep.",COG,1975,7.74302005767822
"Congo, Rep.",COG,1973,5.238450050354
"Congo, Rep.",COG,1971,5.550950050354
"Congo, Rep.",COG,1970,5.7322998046875
Costa Rica,CRI,2023,5.31208992004395
Costa Rica,CRI,2022,5.5472297668457
Costa Rica,CRI,2021,6.24842977523804
Costa Rica,CRI,2020,6.62899017333984
Costa Rica,CRI,2019,6.73809003829956
Costa Rica,CRI,2018,6.76992988586426
Costa Rica,CRI,2017,7.06981992721558
Costa Rica,CRI,2016,6.89395999908447
Costa Rica,CRI,2015,6.87349987030029
Costa Rica,CRI,2014,6.67953014373779
Costa Rica,CRI,2013,6.68738985061646
Costa Rica,CRI,2012,6.58239984512329
Costa Rica,CRI,2011,6.37988996505737
Costa Rica,CRI,2010,6.56575012207031
Costa Rica,CRI,2009,6.01031017303467
Costa Rica,CRI,2008,4.88697004318237
Costa Rica,CRI,2007,4.63449001312256
Costa Rica,CRI,2006,4.61614990234375
Costa Rica,CRI,2004,4.89062976837158
Costa Rica,CRI,2003,5.13373994827271
Costa Rica,CRI,2002,5.15044021606445
Costa Rica,CRI,2001,4.83203983306885
Costa Rica,CRI,2000,4.66695022583008
Costa Rica,CRI,1999,5.39436006546021
Costa Rica,CRI,1996,3.89071011543274
Costa Rica,CRI,1995,3.35273003578186
Costa Rica,CRI,1989,4.07784986495972
Costa Rica,CRI,1988,4.01322984695435
Costa Rica,CRI,1986,4.42026996612549
Costa Rica,CRI,1983,4.95777988433838
Costa Rica,CRI,1982,4.88506984710693
Costa Rica,CRI,1980,7.34716987609863
Cote d'Ivoire,CIV,2024,3.61279988288879
Cote d'Ivoire,CIV,2023,3.39421010017395
Cote d'Ivoire,CIV,2022,3.47484993934631
Cote d'Ivoire,CIV,2021,3.32717990875244
Cote d'Ivoire,CIV,2020,3.78674006462097
Cote d'Ivoire,CIV,2019,3.4130699634552
Cote d'Ivoire,CIV,2018,3.21164989471436
Cote d'Ivoire,CIV,2017,3.73654007911682
Cote d'Ivoire,CIV,2016,3.93593001365662
Cote d'Ivoire,CIV,2015,3.49412989616394
Cote d'Ivoire,CIV,2014,3.31416988372803
Cote d'Ivoire,CIV,2013,3.45859003067017
Cote d'Ivoire,CIV,2012,3.43445992469788
Cote d'Ivoire,CIV,2011,2.8657500743866
Cote d'Ivoire,CIV,2010,3.24651002883911
Cote d'Ivoire,CIV,2009,3.1739399433136
Cote d'Ivoire,CIV,2008,3.09853005409241
Cote d'Ivoire,CIV,2007,3.01614999771118
Cote d'Ivoire,CIV,2006,2.81998991966248
Cote d'Ivoire,CIV,2005,2.91943001747131
Cote d'Ivoire,CIV,2004,2.91176009178162
Cote d'Ivoire,CIV,2003,2.8643798828125
Cote d'Ivoire,CIV,2002,2.81047010421753
Cote d'Ivoire,CIV,2001,2.44477009773254
Cote d'Ivoire,CIV,2000,2.40031003952026
Cote d'Ivoire,CIV,1999,2.68528008460998
Cote d'Ivoire,CIV,1998,2.4349799156189
Cote d'Ivoire,CIV,1997,2.61811995506287
Cote d'Ivoire,CIV,1996,2.72476005554199
Cote d'Ivoire,CIV,1995,4.3014497756958
Cote d'Ivoire,CIV,1994,4.78869009017944
Cote d'Ivoire,CIV,1993,6.50304985046387
Cote d'Ivoire,CIV,1992,6.78113985061646
Cote d'Ivoire,CIV,1980,6.85975980758667
Cote d'Ivoire,CIV,1979,8.23138999938965
Cote d'Ivoire,CIV,1978,6.75367021560669
Cote d'Ivoire,CIV,1976,6.46212005615234
Cote d'Ivoire,CIV,1975,6.78573989868164
Cote d'Ivoire,CIV,1974,5.69039011001587
Cote d'Ivoire,CIV,1973,7.04560995101929
Cote d'Ivoire,CIV,1972,7.53185987472534
Cote d'Ivoire,CIV,1970,5.86538982391357
Croatia,HRV,2021,4.0916600227356
Croatia,HRV,2020,4.40854978561401
Croatia,HRV,2019,3.94555997848511
Croatia,HRV,2018,3.92432999610901
Croatia,HRV,2017,3.87207007408142
Croatia,HRV,2013,4.50127983093262
Croatia,HRV,2011,4.10584020614624
Croatia,HRV,2010,4.20651006698608
Croatia,HRV,2009,4.36217021942139
Croatia,HRV,2008,4.2783899307251
Croatia,HRV,2007,3.96898007392883
Croatia,HRV,2004,3.82386994361877
Croatia,HRV,2003,3.87019991874695
Croatia,HRV,2002,3.82305002212524
Cuba,CUB,2022,8.44086351669284
Cuba,CUB,2021,9.3858620562531
Cuba,CUB,2020,11.5248184008093
Cuba,CUB,2019,9.04700486137163
Cuba,CUB,2018,8.02498461098619
Cuba,CUB,2017,8.44413540438793
Cuba,CUB,2016,9.01309318032688
Cuba,CUB,2015,8.9633578559392
Cuba,CUB,2014,9.6074568445536
Cuba,CUB,2013,10.67169596101
Cuba,CUB,2012,11.5516604913797
Cuba,CUB,2010,12.8373098373413
Cuba,CUB,2009,13.1248598098755
Cuba,CUB,2008,14.0590801239014
Cuba,CUB,2007,11.8682098388672
Cuba,CUB,2006,9.05716991424561
Cuba,CUB,2005,10.5577802658081
Cuba,CUB,2004,10.2682304382324
Cuba,CUB,2003,9.9408597946167
Cuba,CUB,2002,9.57116985321045
Cuba,CUB,2001,8.3580904006958
Cuba,CUB,2000,7.70481014251709
Cuba,CUB,1999,6.75523996353149
Cuba,CUB,1998,6.20873022079468
Cuba,CUB,1994,5.61948013305664
Cuba,CUB,1993,7.07476997375488
Cuba,CUB,1991,7.14496994018555
Cuba,CUB,1980,8.36909008026123
Curacao,CUW,2024,5.44313725490196
Curacao,CUW,2023,5.30074159005788
Curacao,CUW,2022,6.08167033605813
Curacao,CUW,2021,6.18160236726664
Curacao,CUW,2020,7.11645238834347
Curacao,CUW,2019,5.81155632881729
Curacao,CUW,2018,5.93873270793721
Curacao,CUW,2017,5.91444785594951
Curacao,CUW,2016,6.23495389518939
Curacao,CUW,2015,5.95011209033324
Curacao,CUW,2014,5.95464718602819
Curacao,CUW,2013,5.11633014678955
Curacao,CUW,2012,5.38283590387706
Curacao,CUW,2011,5.64725392834695
Cyprus,CYP,2022,4.74210977554321
Cyprus,CYP,2021,5.08247995376587
Cyprus,CYP,2020,5.56462001800537
Cyprus,CYP,2019,5.16293001174927
Cyprus,CYP,2017,5.69961977005005
Cyprus,CYP,2016,6.11811017990112
Cyprus,CYP,2015,6.30491018295288
Cyprus,CYP,2014,6.42111015319824
Cyprus,CYP,2013,6.46747016906738
Cyprus,CYP,2011,6.52042007446289
Cyprus,CYP,2010,6.52559995651245
Cyprus,CYP,2009,7.20547008514404
Cyprus,CYP,2008,6.72277021408081
Cyprus,CYP,2007,6.28083992004395
Cyprus,CYP,2006,6.33027982711792
Cyprus,CYP,2005,6.28667020797729
Cyprus,CYP,2004,6.11772012710571
Cyprus,CYP,2003,6.6702299118042
Cyprus,CYP,2002,5.58166980743408
Cyprus,CYP,2001,5.11552000045776
Cyprus,CYP,2000,4.98954010009766
Cyprus,CYP,1999,4.7720799446106
Cyprus,CYP,1995,3.74123001098633
Cyprus,CYP,1994,4.15996980667114
Cyprus,CYP,1993,4.09555006027222
Cyprus,CYP,1992,3.78029990196228
Cyprus,CYP,1991,3.57539010047913
Cyprus,CYP,1990,3.33924007415771
Cyprus,CYP,1989,3.37627005577087
Cyprus,CYP,1988,3.37546992301941
Cyprus,CYP,1987,3.4487099647522
Cyprus,CYP,1986,3.48897004127502
Cyprus,CYP,1985,3.58696007728577
Cyprus,CYP,1984,3.60191011428833
Cyprus,CYP,1982,3.73178005218506
Cyprus,CYP,1981,3.79132008552551
Cyprus,CYP,1980,3.42600989341736
Cyprus,CYP,1979,3.35313010215759
Cyprus,CYP,1978,3.31234002113342
Cyprus,CYP,1977,3.38548994064331
Cyprus,CYP,1976,3.81970000267029
Cyprus,CYP,1975,4.33502006530762
Czechia,CZE,2022,4.30291986465454
Czechia,CZE,2021,4.65163993835449
Czechia,CZE,2020,4.62503004074097
Czechia,CZE,2019,4.46737003326416
Czechia,CZE,2018,4.21541023254395
Czechia,CZE,2017,3.75574994087219
Czechia,CZE,2016,5.50080013275146
Czechia,CZE,2015,5.71913003921509
Czechia,CZE,2014,3.93603992462158
Czechia,CZE,2013,4.02132987976074
Czechia,CZE,2012,4.19049978256226
Czechia,CZE,2011,4.20787000656128
Czechia,CZE,2010,3.99341988563538
Czechia,CZE,2009,4.1553201675415
Czechia,CZE,2008,3.73207998275757
Czechia,CZE,2007,3.85006999969482
Czechia,CZE,2006,4.19625997543335
Czechia,CZE,2005,3.86250996589661
Czechia,CZE,2004,3.98130011558533
Czechia,CZE,2003,4.10311985015869
Czechia,CZE,2002,3.9390299320221
Czechia,CZE,2001,3.71491003036499
Czechia,CZE,2000,3.61999011039734
Czechia,CZE,1999,3.64439988136292
Czechia,CZE,1998,3.55989003181458
Czechia,CZE,1996,4.2188401222229
Czechia,CZE,1995,4.48584985733032
Czechia,CZE,1994,4.61730003356934
Czechia,CZE,1993,4.12948989868164
Czechia,CZE,1992,3.72541999816894
Denmark,DNK,2022,6.35586023330688
Denmark,DNK,2021,6.95915985107422
Denmark,DNK,2020,7.38574981689453
Denmark,DNK,2019,7.27585983276367
Denmark,DNK,2018,7.32747983932495
Denmark,DNK,2017,7.3700098991394
Denmark,DNK,2016,7.71534013748169
Denmark,DNK,2014,7.63833999633789
Denmark,DNK,2013,8.46860980987549
Denmark,DNK,2012,7.24570989608765
Denmark,DNK,2011,8.47716045379639
Denmark,DNK,2010,8.55023002624512
Denmark,DNK,2009,8.41279029846191
Denmark,DNK,2008,7.441969871521
Denmark,DNK,2007,7.59683990478516
Denmark,DNK,2006,7.71623992919922
Denmark,DNK,2005,8.06474018096924
Denmark,DNK,2004,8.1876802444458
Denmark,DNK,2003,8.10986042022705
Denmark,DNK,2002,8.20600032806396
Denmark,DNK,2001,8.21092987060547
Denmark,DNK,2000,8.09002017974854
Denmark,DNK,1999,7.93461990356445
Denmark,DNK,1998,8.11200046539307
Denmark,DNK,1996,7.89128017425537
Denmark,DNK,1995,7.4773998260498
Denmark,DNK,1994,7.47797012329102
Denmark,DNK,1993,7.77740001678467
Denmark,DNK,1991,5.59853982925415
Denmark,DNK,1989,5.84318017959595
Denmark,DNK,1988,6.33601999282837
Denmark,DNK,1987,6.09092998504639
Denmark,DNK,1986,5.86020994186401
Denmark,DNK,1980,5.93732976913452
Denmark,DNK,1979,5.58436012268066
Denmark,DNK,1978,5.75755977630615
Denmark,DNK,1977,5.68040990829468
Denmark,DNK,1975,6.72235012054443
Denmark,DNK,1974,6.58820009231567
Denmark,DNK,1973,6.268630027771
Denmark,DNK,1972,6.48179006576538
Denmark,DNK,1971,6.39340019226074
Denmark,DNK,1970,5.95552015304565
Djibouti,DJI,2018,3.75143003463745
Djibouti,DJI,2017,3.73344993591309
Djibouti,DJI,2016,3.92226004600525
Djibouti,DJI,2015,3.59895992279053
Djibouti,DJI,2014,4.38407521258509
Djibouti,DJI,2013,4.64782533103312
Djibouti,DJI,2012,6.35127551762696
Djibouti,DJI,2010,4.49022006988525
Djibouti,DJI,2007,8.40625
Djibouti,DJI,2006,8.27877998352051
Djibouti,DJI,2005,8.36588954925537
Djibouti,DJI,2004,9.26467037200928
Djibouti,DJI,2003,8.88988971710205
Djibouti,DJI,2002,8.44758987426758
Djibouti,DJI,2001,7.80539989471435
Djibouti,DJI,2000,9.65999984741211
Djibouti,DJI,1999,7.62947988510132
Dominica,DMA,2024,5.38572189060925
Dominica,DMA,2023,4.69423746286593
Dominica,DMA,2022,6.04314243406571
Dominica,DMA,2021,5.71689183034862
Dominica,DMA,2020,4.45777988433838
Dominica,DMA,2019,4.88721990585327
Dominica,DMA,2018,5.1536046272165
Dominica,DMA,2017,4.71605005720456
Dominica,DMA,2016,5.12971951862684
Dominica,DMA,2015,3.09856009483337
Dominica,DMA,2014,4.33216630134647
Dominica,DMA,2013,4.35428103166344
Dominica,DMA,2012,4.52896287885139
Dominica,DMA,1999,4.02858018875122
Dominica,DMA,1998,5.73984003067017
Dominica,DMA,1989,4.28990983963013
Dominican Republic,DOM,2023,3.7606477375256
Dominican Republic,DOM,2022,3.61088872070271
Dominican Republic,DOM,2021,3.58043271614957
Dominican Republic,DOM,2020,4.51769850778985
Dominican Republic,DOM,2019,4.04276873126053
Dominican Republic,DOM,2018,3.92849467476802
Dominican Republic,DOM,2017,3.92026752279272
Dominican Republic,DOM,2016,3.85049560792469
Dominican Republic,DOM,2015,3.60400277306673
Dominican Republic,DOM,2014,3.62243443144513
Dominican Republic,DOM,2013,3.62818152019188
Dominican Republic,DOM,2011,1.87925755786153
Dominican Republic,DOM,2010,1.88728788680129
Dominican Republic,DOM,2007,2.04678010940552
Dominican Republic,DOM,2003,1.84465003013611
Dominican Republic,DOM,2002,1.9140100479126
Dominican Republic,DOM,2001,1.96782994270325
Dominican Republic,DOM,2000,1.88829004764557
Dominican Republic,DOM,1996,1.22724997997284
Dominican Republic,DOM,1995,1.03330004215241
Dominican Republic,DOM,1994,0.893369972705841
Dominican Republic,DOM,1993,0.773949980735779
Dominican Republic,DOM,1985,1.21019005775452
Dominican Republic,DOM,1984,1.33455002307892
Dominican Republic,DOM,1983,1.46382999420166
Dominican Republic,DOM,1982,1.53891003131866
Dominican Republic,DOM,1970,2.64078998565674
Ecuador,ECU,2024,3.69074988365173
Ecuador,ECU,2023,3.81964993476868
Ecuador,ECU,2022,3.61301994323731
Ecuador,ECU,2021,3.65649008750915
Ecuador,ECU,2020,4.26103019714355
Ecuador,ECU,2019,4.24576997756958
Ecuador,ECU,2018,4.6250260585881
Ecuador,ECU,2017,4.60667733499397
Ecuador,ECU,2016,4.46397668804552
Ecuador,ECU,2015,5.10570001602173
Ecuador,ECU,2014,5.21019983291626
Ecuador,ECU,2013,4.92997980117798
Ecuador,ECU,2012,4.65310001373291
Ecuador,ECU,2011,4.74424982070923
Ecuador,ECU,2010,4.60028982162476
Ecuador,ECU,2009,4.51763010025024
Ecuador,ECU,2000,1.20265996456146
Ecuador,ECU,1999,1.54734003543854
Ecuador,ECU,1998,2.19536995887756
Ecuador,ECU,1995,1.99764001369476
Ecuador,ECU,1986,6.87237977981567
Ecuador,ECU,1985,5.23334980010986
Ecuador,ECU,1984,4.20342016220093
Ecuador,ECU,1977,2.41883993148804
Ecuador,ECU,1971,1.87940001487732
Ecuador,ECU,1970,2.00283002853394
"Egypt, Arab Rep.",EGY,2008,3.76082992553711
"Egypt, Arab Rep.",EGY,2007,3.68460988998413
"Egypt, Arab Rep.",EGY,2006,4.00178003311157
"Egypt, Arab Rep.",EGY,2005,4.79442977905273
"Egypt, Arab Rep.",EGY,2004,4.67072010040283
"Egypt, Arab Rep.",EGY,2003,4.94563007354736
"Egypt, Arab Rep.",EGY,1996,4.67156982421875
"Egypt, Arab Rep.",EGY,1995,4.60400009155273
"Egypt, Arab Rep.",EGY,1994,4.58375978469849
"Egypt, Arab Rep.",EGY,1993,4.19770002365112
"Egypt, Arab Rep.",EGY,1992,4.05067014694214
"Egypt, Arab Rep.",EGY,1989,4.6000599861145
"Egypt, Arab Rep.",EGY,1988,4.52521991729736
"Egypt, Arab Rep.",EGY,1983,5.22148990631104
"Egypt, Arab Rep.",EGY,1982,5.60830020904541
"Egypt, Arab Rep.",EGY,1980,4.2803201675415
"Egypt, Arab Rep.",EGY,1978,4.94112014770508
"Egypt, Arab Rep.",EGY,1977,4.54958009719849
"Egypt, Arab Rep.",EGY,1976,4.94342994689941
"Egypt, Arab Rep.",EGY,1975,4.8924298286438
"Egypt, Arab Rep.",EGY,1974,5.2266697883606
"Egypt, Arab Rep.",EGY,1972,4.5378999710083
"Egypt, Arab Rep.",EGY,1971,4.52992010116577
El Salvador,SLV,2024,3.31666994094849
El Salvador,SLV,2023,3.18734002113342
El Salvador,SLV,2022,3.26848006248474
El Salvador,SLV,2021,3.57766008377075
El Salvador,SLV,2020,3.66088008880615
El Salvador,SLV,2019,3.38710999488831
El Salvador,SLV,2018,3.60575008392334
El Salvador,SLV,2017,3.7252299785614
El Salvador,SLV,2016,3.82523989677429
El Salvador,SLV,2015,3.90987992286682
El Salvador,SLV,2014,3.82416009902954
El Salvador,SLV,2013,3.80149006843567
El Salvador,SLV,2012,3.7124400138855
El Salvador,SLV,2011,3.89854001998901
El Salvador,SLV,2010,4.04807996749878
El Salvador,SLV,2009,4.65950012207031
El Salvador,SLV,2008,4.45810985565185
El Salvador,SLV,2007,3.60984992980957
El Salvador,SLV,2006,3.49298000335693
El Salvador,SLV,2005,3.17785000801086
El Salvador,SLV,2003,3.13467001914978
El Salvador,SLV,2002,3.242840051651
El Salvador,SLV,2000,2.8386800289154
El Salvador,SLV,1999,2.56260991096497
El Salvador,SLV,1998,2.54725003242493
El Salvador,SLV,1975,0.904510021209717
Equatorial Guinea,GNQ,1998,2.18796992301941
Eritrea,ERI,2006,2.12700009346008
Eritrea,ERI,2004,3.14896988868713
Eritrea,ERI,2002,3.52390003204346
Eritrea,ERI,2001,4.0471601486206
Eritrea,ERI,1999,5.26281023025513
Eritrea,ERI,1998,4.62058019638062
Eritrea,ERI,1996,1.63855004310608
Estonia,EST,2022,5.20733976364136
Estonia,EST,2021,5.21514987945557
Estonia,EST,2020,5.44180011749268
Estonia,EST,2019,5.16415023803711
Estonia,EST,2018,5.13962984085083
Estonia,EST,2017,4.86288022994995
Estonia,EST,2016,5.05511999130249
Estonia,EST,2015,5.05127000808716
Estonia,EST,2014,4.32586002349854
Estonia,EST,2013,4.78006982803345
Estonia,EST,2012,4.67340993881226
Estonia,EST,2011,4.99514007568359
Estonia,EST,2010,5.51753997802734
Estonia,EST,2009,5.9597601890564
Estonia,EST,2008,5.48375988006592
Estonia,EST,2007,4.6196699142456
Estonia,EST,2005,4.80935001373291
Estonia,EST,2004,4.87566995620728
Estonia,EST,2003,5.27171993255615
Estonia,EST,2002,5.433030128479
Estonia,EST,2001,5.23217010498047
Estonia,EST,2000,5.33945989608765
Estonia,EST,1999,6.65249013900757
Estonia,EST,1998,6.23536014556885
Estonia,EST,1997,6.33788013458252
Estonia,EST,1996,6.0549201965332
Estonia,EST,1995,5.89866018295288
Estonia,EST,1994,5.49428987503052
Estonia,EST,1993,5.69822978973389
Estonia,EST,1992,5.28141021728516
Eswatini,SWZ,2024,6.03082905337534
Eswatini,SWZ,2023,5.00431592836751
Eswatini,SWZ,2022,5.57274175738511
Eswatini,SWZ,2021,5.28714899285221
Eswatini,SWZ,2020,5.32546270122803
Eswatini,SWZ,2019,5.69914824136892
Eswatini,SWZ,2018,5.73687354676617
Eswatini,SWZ,2017,6.177914116856
Eswatini,SWZ,2016,5.43355309210979
Eswatini,SWZ,2015,5.35494723006471
Eswatini,SWZ,2014,7.28094005584717
Eswatini,SWZ,2013,5.08461029694871
Eswatini,SWZ,2012,5.59328219778155
Eswatini,SWZ,2011,6.86432981491089
Eswatini,SWZ,2010,6.11837005615234
Eswatini,SWZ,2009,6.47135019302368
Eswatini,SWZ,2008,6.61812019348145
Eswatini,SWZ,2006,6.55475997924805
Eswatini,SWZ,2005,6.48462009429932
Eswatini,SWZ,2004,5.40160989761353
Eswatini,SWZ,2003,5.81677007675171
Eswatini,SWZ,2002,4.44086980819702
Eswatini,SWZ,2001,4.83824014663696
Eswatini,SWZ,2000,5.50848007202148
Eswatini,SWZ,1999,5.09095001220703
Eswatini,SWZ,1996,4.93815994262695
Eswatini,SWZ,1995,5.6531400680542
Eswatini,SWZ,1994,5.14028978347778
Eswatini,SWZ,1990,5.48457002639771
Eswatini,SWZ,1989,5.66129016876221
Eswatini,SWZ,1988,5.51155996322632
Eswatini,SWZ,1987,5.80219984054565
Eswatini,SWZ,1982,6.75364017486572
Eswatini,SWZ,1981,6.58382987976074
Eswatini,SWZ,1980,5.2972002029419
Eswatini,SWZ,1979,6.36428022384644
Eswatini,SWZ,1978,5.7965202331543
Eswatini,SWZ,1977,3.94429993629456
Eswatini,SWZ,1976,3.71434998512268
Ethiopia,ETH,2024,2.2978069565991
Ethiopia,ETH,2023,2.9272447768927
Ethiopia,ETH,2022,3.73649512188829
Ethiopia,ETH,2021,4.06524874309096
Ethiopia,ETH,2020,4.0905654220699
Ethiopia,ETH,2019,4.48086946127054
Ethiopia,ETH,2018,5.22011189522399
Ethiopia,ETH,2017,5.49905076025271
Ethiopia,ETH,2016,5.06151399998447
Ethiopia,ETH,2015,4.73791868878759
Ethiopia,ETH,2014,4.60201978683472
Ethiopia,ETH,2013,4.4985499382019
Ethiopia,ETH,2012,5.56677007675171
Ethiopia,ETH,2011,5.4857702255249
Ethiopia,ETH,2010,4.49659013748169
Ethiopia,ETH,2009,4.42207002639771
Ethiopia,ETH,2008,5.40819978713989
Ethiopia,ETH,2007,5.45110988616943
Ethiopia,ETH,2006,5.49094009399414
Ethiopia,ETH,2002,3.63245010375977
Ethiopia,ETH,2001,3.7002899646759
Ethiopia,ETH,2000,3.88614988327026
Ethiopia,ETH,1997,2.69079995155335
Ethiopia,ETH,1996,2.70707988739014
Ethiopia,ETH,1993,2.29690003395081
Ethiopia,ETH,1986,2.08590006828308
Ethiopia,ETH,1985,2.28065991401672
Ethiopia,ETH,1984,2.06062006950378
Ethiopia,ETH,1983,2.24603009223938
Ethiopia,ETH,1982,2.06093001365662
Ethiopia,ETH,1981,1.85807001590729
Ethiopia,ETH,1980,1.81620001792908
Ethiopia,ETH,1979,2.00423002243042
Ethiopia,ETH,1978,1.9349399805069
Ethiopia,ETH,1977,2.15985989570618
Ethiopia,ETH,1972,1.31442999839783
Ethiopia,ETH,1971,1.19766998291016
Fiji,FJI,2023,4.24679790890603
Fiji,FJI,2022,3.93839539074194
Fiji,FJI,2021,4.8526862712935
Fiji,FJI,2020,5.80519512902055
Fiji,FJI,2019,5.15273175975853
Fiji,FJI,2018,4.79706049383602
Fiji,FJI,2017,4.65119160575452
Fiji,FJI,2016,4.83590249175322
Fiji,FJI,2015,4.80931781024695
Fiji,FJI,2014,3.76960923580896
Fiji,FJI,2013,3.88288998603821
Fiji,FJI,2012,4.46150592221937
Fiji,FJI,2011,4.17305994033813
Fiji,FJI,2009,4.49847984313965
Fiji,FJI,2008,4.25357007980347
Fiji,FJI,2007,5.89472007751465
Fiji,FJI,2006,5.6553201675415
Fiji,FJI,2005,5.16705989837646
Fiji,FJI,2004,6.20915985107422
Fiji,FJI,2002,6.27586984634399
Fiji,FJI,2001,5.6431097984314
Fiji,FJI,2000,5.87773990631104
Fiji,FJI,1999,5.16864013671875
Fiji,FJI,1998,5.52470016479492
Fiji,FJI,1989,4.83109998703003
Fiji,FJI,1983,6.48669004440308
Fiji,FJI,1981,5.82120990753174
Fiji,FJI,1979,5.19760990142822
Finland,FIN,2022,6.37578010559082
Finland,FIN,2021,6.58820009231567
Finland,FIN,2020,6.6812801361084
Finland,FIN,2019,6.45300006866455
Finland,FIN,2018,6.31771993637085
Finland,FIN,2017,6.40826988220215
Finland,FIN,2016,6.90873003005981
Finland,FIN,2015,7.07199001312256
Finland,FIN,2014,7.13832998275757
Finland,FIN,2013,7.15288019180298
Finland,FIN,2012,7.1715497970581
Finland,FIN,2011,6.45624017715454
Finland,FIN,2010,6.504310131073
Finland,FIN,2009,6.45998001098633
Finland,FIN,2008,5.83046007156372
Finland,FIN,2007,5.67164993286133
Finland,FIN,2006,5.92960977554321
Finland,FIN,2005,6.02582979202271
Finland,FIN,2004,6.15823984146118
Finland,FIN,2003,6.168869972229
Finland,FIN,2002,6.01865005493164
Finland,FIN,2001,5.84084987640381
Finland,FIN,2000,5.71163988113403
Finland,FIN,1999,5.87123012542725
Finland,FIN,1996,6.86610984802246
Finland,FIN,1995,6.81648015975952
Finland,FIN,1994,6.86486005783081
Finland,FIN,1993,7.49572992324829
Finland,FIN,1992,6.52018976211548
Finland,FIN,1991,6.33646011352539
Finland,FIN,1990,5.33860015869141
Finland,FIN,1989,5.07349014282227
Finland,FIN,1988,5.06788015365601
Finland,FIN,1987,5.20250988006592
Finland,FIN,1986,5.10178995132446
Finland,FIN,1985,5.0471601486206
Finland,FIN,1984,4.70050001144409
Finland,FIN,1983,4.8572301864624
Finland,FIN,1982,4.78051996231079
Finland,FIN,1981,4.83411979675293
Finland,FIN,1980,4.82531976699829
Finland,FIN,1979,4.79649019241333
Finland,FIN,1976,5.22785997390747
Finland,FIN,1975,5.032790184021
Finland,FIN,1974,4.48191022872925
Finland,FIN,1973,5.09291982650757
Finland,FIN,1972,5.00775003433228
Finland,FIN,1971,5.33090019226074
Finland,FIN,1970,5.41300010681152
France,FRA,2022,5.32434988021851
France,FRA,2021,5.41743993759155
France,FRA,2020,5.65871000289917
France,FRA,2019,5.36638021469116
France,FRA,2018,5.42540979385376
France,FRA,2017,5.46482992172241
France,FRA,1998,5.71147012710571
France,FRA,1996,5.78116989135742
France,FRA,1995,5.8120698928833
France,FRA,1994,5.65956020355225
France,FRA,1993,5.46441984176636
France,FRA,1992,4.77559995651245
France,FRA,1991,4.88098001480103
France,FRA,1990,4.55534982681274
France,FRA,1989,4.49351978302002
France,FRA,1988,4.58078002929688
France,FRA,1987,4.66263008117676
France,FRA,1986,4.74810981750488
France,FRA,1985,4.90402984619141
France,FRA,1984,4.91992998123169
France,FRA,1983,4.9094500541687
France,FRA,1982,4.90847015380859
France,FRA,1981,4.78016996383667
France,FRA,1980,4.34960985183716
France,FRA,1979,4.32151985168457
France,FRA,1978,4.38827991485596
France,FRA,1977,4.47384023666382
France,FRA,1976,4.47070980072021
France,FRA,1975,4.47882986068726
France,FRA,1974,4.27873992919922
France,FRA,1973,3.25571990013123
France,FRA,1972,3.39037990570068
France,FRA,1971,3.20759010314941
France,FRA,1970,3.46544003486633
Gabon,GAB,2023,2.31594287726056
Gabon,GAB,2022,2.20773650357931
Gabon,GAB,2021,2.7007928993976
Gabon,GAB,2020,3.39874087928788
Gabon,GAB,2019,2.87430983233369
Gabon,GAB,2018,3.071542956299
Gabon,GAB,2017,3.55570801059931
Gabon,GAB,2016,2.66773089670199
Gabon,GAB,2015,2.82435985823512
Gabon,GAB,2014,2.66667008399963
Gabon,GAB,2013,3.02971005439758
Gabon,GAB,2012,3.01340007781982
Gabon,GAB,2011,2.987459897995
Gabon,GAB,2010,3.07808995246887
Gabon,GAB,2000,3.82709002494812
Gabon,GAB,1999,3.08122992515564
Gabon,GAB,1998,3.41966009140015
Gabon,GAB,1992,2.80552005767822
"Gambia, The",GMB,2023,2.80838156544977
"Gambia, The",GMB,2022,2.89168744551701
"Gambia, The",GMB,2021,3.04477694635226
"Gambia, The",GMB,2020,2.88734569797808
"Gambia, The",GMB,2019,2.80809703332656
"Gambia, The",GMB,2018,2.36543989181519
"Gambia, The",GMB,2017,2.45919445096525
"Gambia, The",GMB,2016,2.0244300365448
"Gambia, The",GMB,2015,2.16002988815308
"Gambia, The",GMB,2014,2.23094010353088
"Gambia, The",GMB,2013,1.81839001178741
"Gambia, The",GMB,2012,2.63756990432739
"Gambia, The",GMB,2011,2.50116991996765
"Gambia, The",GMB,2010,2.56322002410889
"Gambia, The",GMB,2009,1.90813994407654
"Gambia, The",GMB,2008,2.18129992485046
"Gambia, The",GMB,2007,0.816860020160675
"Gambia, The",GMB,2006,0.751630008220673
"Gambia, The",GMB,2005,0.691879987716675
"Gambia, The",GMB,2004,0.622470021247864
"Gambia, The",GMB,2003,1.36337995529175
"Gambia, The",GMB,2002,1.44291996955872
"Gambia, The",GMB,2001,1.15810000896454
"Gambia, The",GMB,2000,1.46587002277374
"Gambia, The",GMB,1999,1.56512999534607
"Gambia, The",GMB,1996,2.56627988815308
"Gambia, The",GMB,1995,2.55356001853943
"Gambia, The",GMB,1992,1.16983997821808
"Gambia, The",GMB,1991,3.78061008453369
"Gambia, The",GMB,1990,2.82583999633789
"Gambia, The",GMB,1989,2.97409009933472
"Gambia, The",GMB,1986,3.48473000526428
"Gambia, The",GMB,1985,4.29514980316162
Georgia,GEO,2024,3.98011682083814
Georgia,GEO,2023,3.70918011665344
Georgia,GEO,2022,3.75498008728027
Georgia,GEO,2021,3.59441995620727
Georgia,GEO,2020,3.80951130708125
Georgia,GEO,2019,3.82985997200012
Georgia,GEO,2018,3.46094989776611
Georgia,GEO,2017,3.52442002296448
Georgia,GEO,2016,3.52338004112244
Georgia,GEO,2015,3.10870368877345
Georgia,GEO,2014,2.94113947736272
Georgia,GEO,2013,2.8330966857175
Georgia,GEO,2012,1.86033999919891
Georgia,GEO,2011,2.5149199962616
Georgia,GEO,2010,2.76179333360622
Georgia,GEO,2009,3.22237992286682
Georgia,GEO,2008,2.9195499420166
Georgia,GEO,2007,2.69687008857727
Georgia,GEO,2006,3.00364995002747
Georgia,GEO,2005,2.48431992530823
Georgia,GEO,2004,2.91420006752014
Georgia,GEO,2003,2.06559991836548
Georgia,GEO,2002,2.23501992225647
Georgia,GEO,2001,2.13750004768372
Georgia,GEO,2000,2.18105006217956
Georgia,GEO,1999,2.15512990951538
Georgia,GEO,1998,2.10888004302979
Georgia,GEO,1994,6.91565990447998
Germany,DEU,2022,5.23916006088257
Germany,DEU,2021,5.36734008789062
Germany,DEU,2020,5.51600980758667
Germany,DEU,2019,5.02757978439331
Germany,DEU,2018,4.88401985168457
Germany,DEU,2017,4.77830982208252
Germany,DEU,2016,4.76321983337402
Germany,DEU,2015,4.76157999038696
Germany,DEU,2014,4.82582998275757
Germany,DEU,2013,4.83911991119385
Germany,DEU,2012,4.83153009414673
Germany,DEU,2011,4.88583993911743
Germany,DEU,2010,4.99525022506714
Germany,DEU,2008,4.47337007522583
Germany,DEU,1998,4.44445991516113
Germany,DEU,1996,4.47798013687134
Germany,DEU,1995,4.41835021972656
Germany,DEU,1994,4.31664991378784
Germany,DEU,1993,4.39173984527588
Ghana,GHA,2022,2.90963831638452
Ghana,GHA,2021,3.4005042684722
Ghana,GHA,2020,3.40915991351725
Ghana,GHA,2019,3.15307114842573
Ghana,GHA,2018,3.8861300945282
Ghana,GHA,2017,3.53362989425659
Ghana,GHA,2016,4.3945198059082
Ghana,GHA,2015,4.43404006958008
Ghana,GHA,2014,4.39978981018066
Ghana,GHA,2013,4.57644987106323
Ghana,GHA,2012,7.91913986206055
Ghana,GHA,2011,8.14097023010254
Ghana,GHA,2010,5.54059982299805
Ghana,GHA,2009,5.31744003295898
Ghana,GHA,2008,5.75795984268188
Ghana,GHA,2007,5.51986980438232
Ghana,GHA,2006,5.14794015884399
Ghana,GHA,2005,7.42208003997803
Ghana,GHA,2004,7.53558015823364
Ghana,GHA,2001,5.35444021224976
Ghana,GHA,1999,4.11037015914917
Ghana,GHA,1988,3.18741989135742
Ghana,GHA,1987,3.3066999912262
Ghana,GHA,1986,3.35448002815247
Ghana,GHA,1982,1.90453994274139
Ghana,GHA,1981,1.80812001228332
Ghana,GHA,1980,2.70777010917664
Ghana,GHA,1979,2.31135010719299
Ghana,GHA,1977,6.09528017044067
Ghana,GHA,1976,5.82882976531982
Ghana,GHA,1975,4.876540184021
Ghana,GHA,1974,3.80271005630493
Ghana,GHA,1972,4.62139987945557
Ghana,GHA,1971,4.22444009780884
Greece,GRC,2022,3.37547993659973
Greece,GRC,2019,3.55062007904053
Greece,GRC,2018,3.57626008987427
Greece,GRC,2017,3.46778011322021
Greece,GRC,2015,3.68238997459412
Greece,GRC,2005,4.0549201965332
Greece,GRC,2004,3.76059007644653
Greece,GRC,2003,3.52407002449036
Greece,GRC,2002,3.52255010604858
Greece,GRC,2001,3.47308993339539
Greece,GRC,2000,3.35086011886597
Greece,GRC,1999,3.14823007583618
Greece,GRC,1998,2.9923300743103
Greece,GRC,1991,1.96161997318268
Greece,GRC,1990,2.07493996620178
Greece,GRC,1989,2.04388999938965
Greece,GRC,1988,1.89530003070831
Greece,GRC,1987,1.8600800037384
Greece,GRC,1986,1.85922002792358
Greece,GRC,1984,1.83555996417999
Greece,GRC,1983,1.71249997615814
Greece,GRC,1982,1.71063005924225
Greece,GRC,1981,1.71667003631592
Greece,GRC,1978,1.70948004722595
Greece,GRC,1977,1.51479995250702
Greece,GRC,1976,1.46867001056671
Greece,GRC,1975,1.48145997524261
Greece,GRC,1974,1.35493004322052
Greece,GRC,1973,1.12830996513367
Greece,GRC,1971,1.32082998752594
Greece,GRC,1970,1.56831002235413
Grenada,GRD,2023,5.12544845968893
Grenada,GRD,2022,4.03767284869161
Grenada,GRD,2021,4.09030334217367
Grenada,GRD,2018,3.55919341882594
Grenada,GRD,2017,3.17379999160767
Grenada,GRD,2015,4.23861035989182
Grenada,GRD,2014,4.47756594772942
Grenada,GRD,2012,5.07225880686028
Grenada,GRD,2011,5.48532342071091
Grenada,GRD,2010,5.07508233496978
Grenada,GRD,2003,3.92673993110657
Guatemala,GTM,2024,3.07588005065918
Guatemala,GTM,2023,3.10877990722656
Guatemala,GTM,2022,3.20787000656128
Guatemala,GTM,2021,3.09189009666443
Guatemala,GTM,2020,3.29485011100769
Guatemala,GTM,2019,3.19297003746033
Guatemala,GTM,2018,3.13193988800049
Guatemala,GTM,2017,2.95009994506836
Guatemala,GTM,2016,2.94474005699158
Guatemala,GTM,2015,3.03032994270325
Guatemala,GTM,2014,2.98563003540039
Guatemala,GTM,2013,2.88808989524841
Guatemala,GTM,2012,3.00524997711182
Guatemala,GTM,2011,2.96865010261536
Guatemala,GTM,2010,2.84864997863769
Guatemala,GTM,2008,3.23686003684998
Guatemala,GTM,2007,3.08809995651245
Guatemala,GTM,2006,3.03285002708435
Guatemala,GTM,1996,1.56369996070862
Guatemala,GTM,1995,1.60479998588562
Guatemala,GTM,1994,1.43998003005981
Guatemala,GTM,1993,1.66575002670288
Guatemala,GTM,1976,1.62729001045227
Guatemala,GTM,1971,2.0255401134491
Guatemala,GTM,1970,1.85871994495392
Guinea,GIN,2023,1.72470879088585
Guinea,GIN,2022,2.00722302981184
Guinea,GIN,2021,2.04074820610586
Guinea,GIN,2020,2.44806003570557
Guinea,GIN,2019,1.85811996459961
Guinea,GIN,2018,2.38432002067566
Guinea,GIN,2017,2.3203399181366
Guinea,GIN,2016,2.54450011253357
Guinea,GIN,2015,2.51713991165161
Guinea,GIN,2014,2.42281007766724
Guinea,GIN,2013,2.63421988487244
Guinea,GIN,2012,1.83369994163513
Guinea,GIN,2011,2.28742003440857
Guinea,GIN,2010,2.55118989944458
Guinea,GIN,2009,2.20725011825561
Guinea,GIN,2008,1.58112001419067
Guinea,GIN,2005,1.26814997196198
Guinea,GIN,2004,1.5156899690628
Guinea,GIN,2003,1.62612998485565
Guinea,GIN,2002,1.77897000312805
Guinea,GIN,2001,1.42785000801086
Guinea,GIN,2000,1.7786500453949
Guinea,GIN,1999,1.61954998970032
Guinea,GIN,1993,1.43233001232147
Guinea,GIN,1992,1.37600994110107
Guinea,GIN,1991,1.38291001319885
Guinea,GIN,1984,0.334939986467362
Guinea-Bissau,GNB,2013,2.01027011871338
Guinea-Bissau,GNB,2012,1.8863799571991
Guinea-Bissau,GNB,2011,1.76593005657196
Guinea-Bissau,GNB,2010,1.68221998214722
Guinea-Bissau,GNB,1999,2.03237009048462
Guyana,GUY,2018,4.45058012008667
Guyana,GUY,2017,4.6647801399231
Guyana,GUY,2016,4.73775005340576
Guyana,GUY,2015,3.89569997787476
Guyana,GUY,2014,4.36033010482788
Guyana,GUY,2012,2.24131989479065
Guyana,GUY,2011,2.50669002532959
Guyana,GUY,2010,2.40938997268677
Guyana,GUY,2009,2.15057992935181
Guyana,GUY,2007,2.39117002487183
Guyana,GUY,2006,3.11891007423401
Guyana,GUY,2005,8.13973045349121
Guyana,GUY,2004,5.51291990280151
Guyana,GUY,2003,6.95590019226074
Guyana,GUY,2002,8.36553955078125
Guyana,GUY,2001,8.39729022979736
Guyana,GUY,2000,8.48414993286133
Guyana,GUY,1999,8.56105995178223
Guyana,GUY,1995,3.60933995246887
Guyana,GUY,1994,3.72445011138916
Guyana,GUY,1984,7.22747993469238
Guyana,GUY,1983,8.2534704208374
Guyana,GUY,1979,9.37786960601807
Guyana,GUY,1977,7.08872985839844
Guyana,GUY,1970,4.32897996902466
Haiti,HTI,2023,0.964648012977964
Haiti,HTI,2022,1.02689812206798
Haiti,HTI,2021,1.24275181117048
Haiti,HTI,2020,1.11353641558643
Haiti,HTI,2019,1.08414978067408
Haiti,HTI,2018,1.63715994358063
Haiti,HTI,2017,1.49846994876862
Haiti,HTI,2016,1.38776004314423
Haiti,HTI,2015,1.85497999191284
Haiti,HTI,2014,1.75226998329163
Haiti,HTI,1991,1.07398998737335
Haiti,HTI,1985,0.969290018081665
Haiti,HTI,1984,0.986190021038055
Haiti,HTI,1983,1.0222100019455
Haiti,HTI,1982,1.07954001426697
Haiti,HTI,1981,1.39374005794525
Honduras,HND,2023,4.54962037172702
Honduras,HND,2022,4.48280030802056
Honduras,HND,2021,5.88160201792279
Honduras,HND,2020,6.09801328648889
Honduras,HND,2019,5.98198266311593
Honduras,HND,2018,6.05646991729736
Honduras,HND,2017,5.74434396129576
Honduras,HND,2016,6.09509492079297
Honduras,HND,2015,6.41298007965088
Honduras,HND,2014,7.09010982513428
Honduras,HND,2013,5.87493991851807
Honduras,HND,2012,6.29972793577391
Honduras,HND,1995,2.61744999885559
Honduras,HND,1994,2.51263999938965
Honduras,HND,1980,1.93636000156403
Honduras,HND,1979,2.01298999786377
Honduras,HND,1978,2.01904988288879
"Hong Kong SAR, China",HKG,2024,3.80552005767822
"Hong Kong SAR, China",HKG,2023,3.80328011512756
"Hong Kong SAR, China",HKG,2022,3.72866988182068
"Hong Kong SAR, China",HKG,2021,4.00030994415283
"Hong Kong SAR, China",HKG,2020,4.40563011169434
"Hong Kong SAR, China",HKG,2019,3.81017994880676
"Hong Kong SAR, China",HKG,2018,3.32624006271362
"Hong Kong SAR, China",HKG,2017,3.30989003181458
"Hong Kong SAR, China",HKG,2016,3.29269003868103
"Hong Kong SAR, China",HKG,2015,3.26210999488831
"Hong Kong SAR, China",HKG,2014,3.57254004478455
"Hong Kong SAR, China",HKG,2013,3.76031994819641
"Hong Kong SAR, China",HKG,2012,3.50960993766785
"Hong Kong SAR, China",HKG,2011,3.41823005676269
"Hong Kong SAR, China",HKG,2010,3.5100200176239
"Hong Kong SAR, China",HKG,2009,4.39211988449097
"Hong Kong SAR, China",HKG,2008,3.2606201171875
"Hong Kong SAR, China",HKG,2007,3.45455002784729
"Hong Kong SAR, China",HKG,2006,3.84278011322021
"Hong Kong SAR, China",HKG,2005,4.13463020324707
"Hong Kong SAR, China",HKG,2004,4.55894994735718
"Hong Kong SAR, China",HKG,2003,4.28530979156494
"Hong Kong SAR, China",HKG,2002,4.01555013656616
"Hong Kong SAR, China",HKG,2001,3.90370011329651
"Hong Kong SAR, China",HKG,1996,2.72830009460449
"Hong Kong SAR, China",HKG,1992,2.82820010185242
"Hong Kong SAR, China",HKG,1990,2.46608996391296
"Hong Kong SAR, China",HKG,1985,2.55896997451782
"Hong Kong SAR, China",HKG,1984,2.58169007301331
"Hong Kong SAR, China",HKG,1983,2.57859992980957
"Hong Kong SAR, China",HKG,1982,1.66982996463776
"Hong Kong SAR, China",HKG,1981,2.27172994613648
"Hong Kong SAR, China",HKG,1980,2.19214010238648
"Hong Kong SAR, China",HKG,1978,2.32255005836487
"Hong Kong SAR, China",HKG,1977,2.21923995018005
"Hong Kong SAR, China",HKG,1976,2.43336009979248
"Hong Kong SAR, China",HKG,1975,2.44919991493225
"Hong Kong SAR, China",HKG,1974,2.36029005050659
"Hong Kong SAR, China",HKG,1973,2.1833701133728
"Hong Kong SAR, China",HKG,1972,2.29560995101929
"Hong Kong SAR, China",HKG,1971,2.36814999580383
Hungary,HUN,2022,3.8011999130249
Hungary,HUN,2021,4.65407991409302
Hungary,HUN,2020,4.12265014648438
Hungary,HUN,2019,4.20140981674194
Hungary,HUN,2018,4.60567998886108
Hungary,HUN,2017,4.64034986495972
Hungary,HUN,2016,4.60210990905762
Hungary,HUN,2015,4.49287986755371
Hungary,HUN,2014,4.59878015518188
Hungary,HUN,2013,4.19040012359619
Hungary,HUN,2012,4.15359020233154
Hungary,HUN,2011,4.57056999206543
Hungary,HUN,2010,4.73365020751953
Hungary,HUN,2009,4.95626020431519
Hungary,HUN,2008,4.97069978713989
Hungary,HUN,2007,5.13725996017456
Hungary,HUN,2006,5.29485988616943
Hungary,HUN,2005,5.32539987564087
Hungary,HUN,2004,5.33301019668579
Hungary,HUN,2003,5.79872989654541
Hungary,HUN,2002,5.17711019515991
Hungary,HUN,2001,4.92643976211548
Hungary,HUN,2000,4.8624701499939
Hungary,HUN,1999,4.55900001525879
Hungary,HUN,1998,4.40161991119385
Hungary,HUN,1996,4.31855010986328
Hungary,HUN,1995,4.8316798210144
Hungary,HUN,1994,5.81584978103638
Hungary,HUN,1993,5.90029001235962
Hungary,HUN,1992,6.059730052948
Hungary,HUN,1991,5.86020994186401
Hungary,HUN,1990,5.41418981552124
Hungary,HUN,1989,5.04690980911255
Hungary,HUN,1988,4.48266983032227
Hungary,HUN,1987,4.63079977035522
Hungary,HUN,1986,4.73552989959717
Hungary,HUN,1985,4.53284978866577
Hungary,HUN,1984,4.75837993621826
Hungary,HUN,1983,5.18972015380859
Hungary,HUN,1982,4.42117977142334
Hungary,HUN,1981,4.41857004165649
Hungary,HUN,1980,4.28990983963013
Hungary,HUN,1979,3.6953399181366
Hungary,HUN,1978,3.71507000923157
Hungary,HUN,1977,3.59353995323181
Hungary,HUN,1976,3.52535009384155
Hungary,HUN,1975,3.72013998031616
Hungary,HUN,1974,3.59559011459351
Hungary,HUN,1973,3.38988995552063
Hungary,HUN,1972,3.3500599861145
Hungary,HUN,1971,3.42518997192383
Hungary,HUN,1970,3.44015002250671
Iceland,ISL,2022,7.30798006057739
Iceland,ISL,2021,8.2265796661377
Iceland,ISL,2020,8.5838098526001
Iceland,ISL,2019,7.60129976272583
Iceland,ISL,2018,7.56350994110107
Iceland,ISL,2017,7.58384990692139
Iceland,ISL,2016,7.43221998214722
Iceland,ISL,2015,7.45796012878418
Iceland,ISL,2014,7.6414098739624
Iceland,ISL,2013,7.44866991043091
Iceland,ISL,2012,7.58223009109497
Iceland,ISL,2011,6.78996992111206
Iceland,ISL,2010,6.94422006607056
Iceland,ISL,2009,7.18984985351562
Iceland,ISL,2008,7.03599977493286
Iceland,ISL,2007,6.94434022903442
Iceland,ISL,2006,7.19518995285034
Iceland,ISL,2005,7.33842992782593
Iceland,ISL,2004,7.16119003295898
Iceland,ISL,2003,7.24507999420166
Iceland,ISL,2002,7.29892015457153
Iceland,ISL,2001,6.70591020584106
Iceland,ISL,2000,6.4314398765564
Iceland,ISL,1999,6.43401002883911
Iceland,ISL,1998,6.78383016586304
Iceland,ISL,1996,5.21834993362427
Iceland,ISL,1995,4.78062009811401
Iceland,ISL,1994,4.75557994842529
Iceland,ISL,1993,5.14158010482788
Iceland,ISL,1990,4.25862979888916
India,IND,2022,4.09865814174589
India,IND,2021,4.62949991226196
India,IND,2020,4.29335021972656
India,IND,2019,3.89732003211975
India,IND,2018,4.36374998092651
India,IND,2017,4.30543994903565
India,IND,2016,4.25406980514526
India,IND,2015,4.1145601272583
India,IND,2014,3.89878023242693
India,IND,2013,3.84467005729675
India,IND,2012,3.8675000667572
India,IND,2011,3.79618000984192
India,IND,2010,3.377690076828
India,IND,2009,3.27824997901917
India,IND,2006,3.14284992218018
India,IND,2005,3.18876004219055
India,IND,2004,3.35254001617432
India,IND,2003,3.61342000961304
India,IND,2000,4.32480001449585
India,IND,1999,4.41538000106812
India,IND,1998,3.57257008552551
India,IND,1997,3.36137008666992
Indonesia,IDN,2023,1.27517088245674
Indonesia,IDN,2022,0.863943349575907
Indonesia,IDN,2021,1.03221750658374
Indonesia,IDN,2020,1.01593221347809
Indonesia,IDN,2019,0.964399077622927
Indonesia,IDN,2018,0.994436460846179
Indonesia,IDN,2017,1.05324382490056
Indonesia,IDN,2016,1.21023452496964
Indonesia,IDN,2015,3.58361005783081
Indonesia,IDN,2014,3.28800988197327
Indonesia,IDN,2013,3.35904002189636
Indonesia,IDN,2012,3.40748000144958
Indonesia,IDN,2011,3.18944001197815
Indonesia,IDN,2010,2.81227993965149
Indonesia,IDN,2009,3.52513003349304
Indonesia,IDN,2008,2.90190005302429
Indonesia,IDN,2007,3.04426002502441
Indonesia,IDN,2005,2.87281990051269
Indonesia,IDN,2004,2.74846005439758
Indonesia,IDN,2003,3.21799993515015
Indonesia,IDN,2002,2.64568996429443
Indonesia,IDN,2001,2.46003007888794
Indonesia,IDN,1997,1.07208001613617
Indonesia,IDN,1996,1.07854998111725
Indonesia,IDN,1995,1.00434994697571
Indonesia,IDN,1994,0.998549997806549
Indonesia,IDN,1989,0.871410012245178
Indonesia,IDN,1972,2.78820991516113
"Iran, Islamic Rep.",IRN,2023,2.82443290958712
"Iran, Islamic Rep.",IRN,2022,2.6699800491333
"Iran, Islamic Rep.",IRN,2020,3.20495009422302
"Iran, Islamic Rep.",IRN,2019,3.24005007743835
"Iran, Islamic Rep.",IRN,2018,3.61980009078979
"Iran, Islamic Rep.",IRN,2017,3.45956993103027
"Iran, Islamic Rep.",IRN,2016,3.17396998405456
"Iran, Islamic Rep.",IRN,2015,2.62911009788513
"Iran, Islamic Rep.",IRN,2014,2.61668992042542
"Iran, Islamic Rep.",IRN,2013,2.85279011726379
"Iran, Islamic Rep.",IRN,2012,2.93899989128113
"Iran, Islamic Rep.",IRN,2011,3.48497009277344
"Iran, Islamic Rep.",IRN,2010,3.70917010307312
"Iran, Islamic Rep.",IRN,2009,3.84244990348816
"Iran, Islamic Rep.",IRN,2008,3.91376996040344
"Iran, Islamic Rep.",IRN,2007,4.59681987762451
"Iran, Islamic Rep.",IRN,2006,4.28998994827271
"Iran, Islamic Rep.",IRN,2005,4.05651998519897
"Iran, Islamic Rep.",IRN,2004,4.29662990570068
"Iran, Islamic Rep.",IRN,2003,4.36323022842407
"Iran, Islamic Rep.",IRN,2002,4.48487997055054
"Iran, Islamic Rep.",IRN,2001,4.07168006896973
"Iran, Islamic Rep.",IRN,2000,4.03064012527466
"Iran, Islamic Rep.",IRN,1999,4.22040987014771
"Iran, Islamic Rep.",IRN,1996,3.53777003288269
"Iran, Islamic Rep.",IRN,1995,4.08178997039795
"Iran, Islamic Rep.",IRN,1993,4.31462001800537
"Iran, Islamic Rep.",IRN,1992,3.64046001434326
"Iran, Islamic Rep.",IRN,1991,3.74353003501892
"Iran, Islamic Rep.",IRN,1990,3.77390003204346
"Iran, Islamic Rep.",IRN,1989,3.99721002578735
"Iran, Islamic Rep.",IRN,1988,3.68129992485046
"Iran, Islamic Rep.",IRN,1987,4.14092016220093
"Iran, Islamic Rep.",IRN,1986,3.56990003585815
"Iran, Islamic Rep.",IRN,1985,3.46018004417419
"Iran, Islamic Rep.",IRN,1984,3.80162000656128
"Iran, Islamic Rep.",IRN,1983,4.18054008483887
"Iran, Islamic Rep.",IRN,1982,5.80205011367798
"Iran, Islamic Rep.",IRN,1981,7.1314001083374
"Iran, Islamic Rep.",IRN,1977,5.416259765625
"Iran, Islamic Rep.",IRN,1975,2.96556997299194
"Iran, Islamic Rep.",IRN,1974,2.69034004211426
"Iran, Islamic Rep.",IRN,1973,2.87668991088867
"Iran, Islamic Rep.",IRN,1972,2.76673007011414
"Iran, Islamic Rep.",IRN,1971,2.77033996582031
Iraq,IRQ,1989,3.55150008201599
Iraq,IRQ,1980,2.42378997802734
Iraq,IRQ,1977,3.8570499420166
Ireland,IRL,2021,2.90461993217468
Ireland,IRL,2020,3.19163990020752
Ireland,IRL,2019,3.22984004020691
Ireland,IRL,2018,3.30347990989685
Ireland,IRL,2017,3.37737011909485
Ireland,IRL,2016,3.65881991386414
Ireland,IRL,2015,3.62438988685608
Ireland,IRL,2014,4.73554992675781
Ireland,IRL,2013,5.23177003860474
Ireland,IRL,2012,5.70776987075806
Ireland,IRL,2011,5.77199983596802
Ireland,IRL,2010,6.04835987091065
Ireland,IRL,2009,6.15609979629517
Ireland,IRL,2008,5.45828008651733
Ireland,IRL,2007,4.71541976928711
Ireland,IRL,2006,4.54742002487183
Ireland,IRL,2005,4.51897001266479
Ireland,IRL,2004,4.48295021057129
Ireland,IRL,2003,4.20493984222412
Ireland,IRL,2002,4.10487985610962
Ireland,IRL,2001,4.08750009536743
Ireland,IRL,2000,4.13226985931396
Ireland,IRL,1999,4.13379001617432
Ireland,IRL,1998,4.28753995895386
Ireland,IRL,1996,4.75392007827759
Ireland,IRL,1995,4.87162017822266
Ireland,IRL,1994,5.18871021270752
Ireland,IRL,1993,5.11556005477905
Ireland,IRL,1992,5.0056300163269
Ireland,IRL,1991,4.78267002105713
Ireland,IRL,1990,4.60056018829346
Ireland,IRL,1989,4.71301984786987
Ireland,IRL,1988,5.0161600112915
Ireland,IRL,1987,5.5288200378418
Ireland,IRL,1986,5.30120992660522
Ireland,IRL,1985,5.24837017059326
Ireland,IRL,1984,5.28170013427734
Ireland,IRL,1983,5.44653987884521
Ireland,IRL,1982,5.38953018188477
Ireland,IRL,1981,5.73201990127563
Ireland,IRL,1980,5.32220983505249
Ireland,IRL,1979,5.28812980651855
Ireland,IRL,1978,5.0676097869873
Ireland,IRL,1977,5.08531999588013
Ireland,IRL,1976,4.29649019241333
Ireland,IRL,1974,4.68602991104126
Ireland,IRL,1973,4.60856008529663
Ireland,IRL,1972,4.6168999671936
Ireland,IRL,1971,4.48641014099121
Israel,ISR,2022,5.93291997909546
Israel,ISR,2021,6.16727018356323
Israel,ISR,2020,6.51824998855591
Israel,ISR,2019,6.06899976730347
Israel,ISR,2018,6.06919002532959
Israel,ISR,2017,6.00425004959106
Israel,ISR,2016,5.80271005630493
Israel,ISR,2015,5.79657983779907
Israel,ISR,2014,5.69225978851318
Israel,ISR,2013,5.76972007751465
Israel,ISR,2012,5.56122016906738
Israel,ISR,2011,5.42928981781006
Israel,ISR,2010,5.40408992767334
Israel,ISR,2009,5.34174013137817
Israel,ISR,2008,5.40716981887817
Israel,ISR,2007,5.33169984817505
Israel,ISR,2006,5.58409023284912
Israel,ISR,2005,5.56489992141724
Israel,ISR,2004,5.75040006637573
Israel,ISR,2003,6.13486003875732
Israel,ISR,2002,6.24923992156982
Israel,ISR,2001,6.17636013031006
Israel,ISR,2000,5.93116998672485
Israel,ISR,1999,6.1956000328064
Israel,ISR,1998,6.40023994445801
Israel,ISR,1994,6.1260199546814
Israel,ISR,1993,5.66681003570557
Israel,ISR,1992,5.30926990509033
Israel,ISR,1991,5.17201995849609
Israel,ISR,1990,5.16002988815308
Israel,ISR,1989,5.43067979812622
Israel,ISR,1988,4.29061985015869
Israel,ISR,1987,5.25565004348755
Israel,ISR,1986,5.83092021942139
Israel,ISR,1985,7.62977981567383
Israel,ISR,1984,6.660719871521
Israel,ISR,1983,6.67179012298584
Israel,ISR,1982,6.34056997299194
Israel,ISR,1981,6.7482099533081
Israel,ISR,1980,6.80061006546021
Israel,ISR,1979,6.37706995010376
Israel,ISR,1978,6.29782009124756
Israel,ISR,1977,5.55499982833862
Israel,ISR,1976,5.6540699005127
Israel,ISR,1975,5.74315977096558
Israel,ISR,1974,5.65004014968872
Israel,ISR,1973,5.10433006286621
Italy,ITA,2022,4.06775999069214
Italy,ITA,2021,4.17118978500366
Italy,ITA,2020,4.41803979873657
Italy,ITA,2019,4.07843017578125
Italy,ITA,2018,4.24094009399414
Italy,ITA,2017,4.02662992477417
Italy,ITA,2016,3.795490026474
Italy,ITA,2015,4.05422019958496
Italy,ITA,2014,4.04026985168457
Italy,ITA,2013,4.12192010879517
Italy,ITA,2012,4.03481006622315
Italy,ITA,2011,4.09431982040405
Italy,ITA,2010,4.31626987457275
Italy,ITA,2009,4.50414991378784
Italy,ITA,2008,4.37188005447388
Italy,ITA,2007,4.08763980865479
Italy,ITA,2006,4.50464010238647
Italy,ITA,2005,4.22292995452881
Italy,ITA,2004,4.37002992630005
Italy,ITA,2003,4.52654981613159
Italy,ITA,2002,4.41520977020264
Italy,ITA,2001,4.63416004180908
Italy,ITA,2000,4.27996015548706
Italy,ITA,1999,4.50165987014771
Italy,ITA,1998,4.44093990325928
Italy,ITA,1996,4.43967008590698
Italy,ITA,1995,4.3087100982666
Italy,ITA,1994,4.42311000823975
Italy,ITA,1993,4.72301006317139
Italy,ITA,1988,4.58221006393433
Italy,ITA,1986,4.64418983459473
Italy,ITA,1985,4.67902994155884
Italy,ITA,1984,4.76359987258911
Italy,ITA,1983,4.47774982452393
Italy,ITA,1979,4.1541600227356
Italy,ITA,1978,3.77168011665344
Italy,ITA,1976,3.91051006317139
Italy,ITA,1975,3.70307993888855
Italy,ITA,1974,3.82631993293762
Italy,ITA,1971,2.8921000957489
Italy,ITA,1970,3.35906004905701
Jamaica,JAM,2024,5.51383018493652
Jamaica,JAM,2023,5.65453693979426
Jamaica,JAM,2022,5.35435009002685
Jamaica,JAM,2021,5.63122987747192
Jamaica,JAM,2020,5.38065828197341
Jamaica,JAM,2019,5.16364002227783
Jamaica,JAM,2018,5.41379022598267
Jamaica,JAM,2017,5.26015996932983
Jamaica,JAM,2016,5.31459999084473
Jamaica,JAM,2015,5.45523023605347
Jamaica,JAM,2014,6.01584005355835
Jamaica,JAM,2013,6.25106000900269
Jamaica,JAM,2012,6.1124701499939
Jamaica,JAM,2011,6.26664018630981
Jamaica,JAM,2010,6.37058019638062
Jamaica,JAM,2009,6.19848012924194
Jamaica,JAM,2008,6.19131994247437
Jamaica,JAM,2007,5.49022006988525
Jamaica,JAM,2005,4.61641979217529
Jamaica,JAM,2004,3.91254997253418
Jamaica,JAM,2003,4.25684976577759
Jamaica,JAM,2002,5.37522983551025
Jamaica,JAM,2001,5.38103008270264
Jamaica,JAM,2000,4.98346996307373
Jamaica,JAM,1997,4.37953996658325
Jamaica,JAM,1996,3.67773008346558
Jamaica,JAM,1995,3.38908004760742
Jamaica,JAM,1994,4.06418991088867
Jamaica,JAM,1993,3.21403002738953
Jamaica,JAM,1992,3.33665990829468
Jamaica,JAM,1991,4.38306999206543
Jamaica,JAM,1990,4.7791600227356
Jamaica,JAM,1989,5.18397998809815
Jamaica,JAM,1988,3.94086003303528
Jamaica,JAM,1986,4.60398006439209
Jamaica,JAM,1985,5.39190006256104
Jamaica,JAM,1977,6.02651977539062
Jamaica,JAM,1976,5.85832977294922
Jamaica,JAM,1975,5.22878980636597
Jamaica,JAM,1974,4.24897003173828
Jamaica,JAM,1973,3.63143992424011
Japan,JPN,2021,3.33663988113403
Japan,JPN,2020,3.30628991127014
Japan,JPN,2019,3.15533995628357
Japan,JPN,2018,3.07782006263733
Japan,JPN,2017,3.13057994842529
Japan,JPN,2016,3.14643001556396
Japan,JPN,2015,3.31221008300781
Japan,JPN,2014,3.41529989242554
Japan,JPN,2013,3.40874004364014
Japan,JPN,2012,3.41945004463196
Japan,JPN,2011,3.60526990890503
Japan,JPN,2010,3.59951996803284
Japan,JPN,2008,3.27241992950439
Japan,JPN,2007,3.27934002876282
Japan,JPN,2006,3.27667999267578
Japan,JPN,2005,3.31493997573852
Japan,JPN,2004,3.42611002922058
Japan,JPN,2003,3.46662998199463
Japan,JPN,2002,3.40898990631104
Japan,JPN,2001,3.40082001686096
Japan,JPN,2000,3.46011996269226
Japan,JPN,1999,3.37812995910644
Japan,JPN,1998,3.29797005653381
Japan,JPN,1995,3.40211009979248
Japan,JPN,1994,3.5693199634552
Japan,JPN,1993,3.36711001396179
Japan,JPN,1989,5.2743501663208
Japan,JPN,1988,5.4528398513794
Japan,JPN,1987,5.48793983459473
Japan,JPN,1983,4.72346019744873
Japan,JPN,1982,4.93976020812988
Japan,JPN,1981,4.95682001113892
Japan,JPN,1980,4.96105003356934
Japan,JPN,1979,4.95000982284546
Japan,JPN,1978,4.79045009613037
Japan,JPN,1977,4.73743009567261
Japan,JPN,1976,4.74775981903076
Japan,JPN,1975,4.56979990005493
Japan,JPN,1974,3.95420002937317
Japan,JPN,1973,3.95707988739014
Japan,JPN,1972,3.92610001564026
Japan,JPN,1971,3.57862997055054
Jordan,JOR,2024,3.23356008529663
Jordan,JOR,2023,3.51486315596325
Jordan,JOR,2022,3.15300011634827
Jordan,JOR,2021,3.13837003707886
Jordan,JOR,2020,3.55303483980158
Jordan,JOR,2019,2.98846006393433
Jordan,JOR,2018,2.95461988449097
Jordan,JOR,2017,3.21305990219116
Jordan,JOR,2016,3.45282006263733
Jordan,JOR,2015,3.71272133351629
Jordan,JOR,2014,3.76692408663556
Jordan,JOR,2013,3.78372228032099
Jordan,JOR,2012,3.63716008451231
Jordan,JOR,2011,3.59900580598478
Jordan,JOR,2010,3.16850989003323
Jordan,JOR,1999,4.94366979598999
Jordan,JOR,1997,6.36482000350952
Jordan,JOR,1996,7.47691011428833
Jordan,JOR,1989,5.6435399055481
Jordan,JOR,1988,4.0475001335144
Jordan,JOR,1987,3.29666996002197
Jordan,JOR,1986,3.2843599319458
Jordan,JOR,1984,5.93695020675659
Jordan,JOR,1983,4.92795991897583
Jordan,JOR,1982,5.08854007720947
Jordan,JOR,1981,5.16767978668213
Jordan,JOR,1979,5.08172988891602
Jordan,JOR,1978,3.68162989616394
Jordan,JOR,1977,3.67989993095398
Jordan,JOR,1976,3.53455996513367
Jordan,JOR,1975,3.76347994804382
Jordan,JOR,1974,3.55768990516663
Jordan,JOR,1973,2.48693990707398
Jordan,JOR,1972,2.38742995262146
Jordan,JOR,1971,3.29768991470337
Jordan,JOR,1970,3.63003993034363
Kazakhstan,KAZ,2023,4.86469984054565
Kazakhstan,KAZ,2022,4.36185360851405
Kazakhstan,KAZ,2021,4.38569397571466
Kazakhstan,KAZ,2020,4.44620380169618
Kazakhstan,KAZ,2019,2.8569700717926
Kazakhstan,KAZ,2018,2.61595010757446
Kazakhstan,KAZ,2017,2.75081992149353
Kazakhstan,KAZ,2016,2.9780900478363
Kazakhstan,KAZ,2015,2.78858995437622
Kazakhstan,KAZ,2014,3.42903954512824
Kazakhstan,KAZ,2013,3.44564886564109
Kazakhstan,KAZ,2012,3.90163701288194
Kazakhstan,KAZ,2011,3.6143401736456
Kazakhstan,KAZ,2010,3.58735481721566
Kazakhstan,KAZ,2009,3.06072998046875
Kazakhstan,KAZ,2008,2.58946990966797
Kazakhstan,KAZ,2007,2.83138990402222
Kazakhstan,KAZ,2006,2.62679004669189
Kazakhstan,KAZ,2005,2.26353001594544
Kazakhstan,KAZ,2004,2.25590991973877
Kazakhstan,KAZ,2002,3.02970004081726
Kazakhstan,KAZ,2000,3.25662994384766
Kazakhstan,KAZ,1999,3.89256000518799
Kazakhstan,KAZ,1997,4.37343978881836
Kazakhstan,KAZ,1996,3.92371010780335
Kazakhstan,KAZ,1995,4.0344500541687
Kenya,KEN,2024,4.02242346098974
Kenya,KEN,2023,3.96229304413263
Kenya,KEN,2022,4.51101801829815
Kenya,KEN,2021,4.89040202257195
Kenya,KEN,2020,5.04574892454155
Kenya,KEN,2019,5.37359210998097
Kenya,KEN,2018,5.10761976242065
Kenya,KEN,2017,4.96308994293213
Kenya,KEN,2016,4.89518022537231
Kenya,KEN,2015,4.74349021911621
Kenya,KEN,2014,4.7172999382019
Kenya,KEN,2013,4.83721017837524
Kenya,KEN,2012,4.93122005462646
Kenya,KEN,2011,4.70012998580933
Kenya,KEN,2010,4.81548976898193
Kenya,KEN,2006,7.04981994628906
Kenya,KEN,2005,7.3356499671936
Kenya,KEN,2004,6.79693984985352
Kenya,KEN,2003,6.49428987503052
Kenya,KEN,2002,6.17199993133545
Kenya,KEN,2001,5.20621013641357
Kenya,KEN,2000,5.1867299079895
Kenya,KEN,1999,5.32324981689453
Kenya,KEN,1994,5.92402982711792
Kenya,KEN,1993,6.02913999557495
Kenya,KEN,1992,6.07590007781982
Kenya,KEN,1991,6.57065010070801
Kenya,KEN,1989,6.035719871521
Kenya,KEN,1988,6.60054016113281
Kenya,KEN,1986,6.01377010345459
Kenya,KEN,1985,5.19976997375488
Kenya,KEN,1984,4.58095979690552
Kenya,KEN,1983,5.43830013275146
Kenya,KEN,1982,5.67812013626099
Kenya,KEN,1981,5.92372989654541
Kenya,KEN,1980,5.38787984848022
Kenya,KEN,1977,5.13632011413574
Kenya,KEN,1976,5.74410009384155
Kenya,KEN,1975,5.6061201095581
Kenya,KEN,1974,5.06550979614258
Kenya,KEN,1973,4.65051984786987
Kenya,KEN,1972,4.47633981704712
Kenya,KEN,1971,3.92982006072998
Kiribati,KIR,2023,16.39053
Kiribati,KIR,2022,14.7860312820513
Kiribati,KIR,2021,13.9871516883117
Kiribati,KIR,2020,16.2303756141975
Kiribati,KIR,2019,14.5197413461539
Kiribati,KIR,2018,12.9204194888179
Kiribati,KIR,2017,11.4761649484536
Kiribati,KIR,2016,11.646473381295
Kiribati,KIR,2015,10.7683901960784
Kiribati,KIR,2014,11.513136036036
Kiribati,KIR,2013,12.0902942583732
Kiribati,KIR,2012,12.499488
Kiribati,KIR,2001,11.649169921875
Kiribati,KIR,2000,10.0424404144287
Kiribati,KIR,1999,9.70559024810791
Kiribati,KIR,1974,3.87663006782532
Kiribati,KIR,1971,5.2755298614502
Kiribati,KIR,1970,5.92680978775024
"Korea, Rep.",KOR,2022,5.40910005569458
"Korea, Rep.",KOR,2021,4.55590009689331
"Korea, Rep.",KOR,2020,4.52706003189087
"Korea, Rep.",KOR,2019,4.41813993453979
"Korea, Rep.",KOR,2018,4.21645021438599
"Korea, Rep.",KOR,2017,4.10775995254517
"Korea, Rep.",KOR,2016,4.11502981185913
"Korea, Rep.",KOR,2015,4.24247980117798
"Korea, Rep.",KOR,1999,3.25048995018005
"Korea, Rep.",KOR,1998,3.24974989891052
"Korea, Rep.",KOR,1995,2.83677005767822
"Korea, Rep.",KOR,1994,2.92028999328613
"Korea, Rep.",KOR,1993,3.57816004753113
"Korea, Rep.",KOR,1992,3.46676993370056
"Korea, Rep.",KOR,1991,3.38478994369507
"Korea, Rep.",KOR,1990,2.94824004173279
"Korea, Rep.",KOR,1989,2.97461009025574
"Korea, Rep.",KOR,1988,2.66866993904114
"Korea, Rep.",KOR,1987,3.27911996841431
"Korea, Rep.",KOR,1986,3.54106998443604
"Korea, Rep.",KOR,1985,3.89162993431091
"Korea, Rep.",KOR,1984,3.9154200553894
"Korea, Rep.",KOR,1983,4.22579002380371
"Korea, Rep.",KOR,1982,6.20589017868042
"Korea, Rep.",KOR,1981,2.84580993652344
"Korea, Rep.",KOR,1980,3.39898991584778
"Korea, Rep.",KOR,1979,2.96842002868652
"Korea, Rep.",KOR,1977,2.38804006576538
"Korea, Rep.",KOR,1976,2.71206998825073
"Korea, Rep.",KOR,1975,2.05697989463806
"Korea, Rep.",KOR,1973,2.64382004737854
"Korea, Rep.",KOR,1972,3.18316006660461
"Korea, Rep.",KOR,1971,3.70117998123169
"Korea, Rep.",KOR,1970,3.38403010368347
Kuwait,KWT,2024,6.43592667889685
Kuwait,KWT,2023,5.0262608311279
Kuwait,KWT,2022,6.58236499988891
Kuwait,KWT,2021,7.76246706467929
Kuwait,KWT,2020,6.24513034913966
Kuwait,KWT,2019,6.72789551402991
Kuwait,KWT,2018,6.39165256830382
Kuwait,KWT,2017,6.35444222156987
Kuwait,KWT,2016,5.95593958839578
Kuwait,KWT,2006,3.75997996330261
Kuwait,KWT,2005,4.73833990097046
Kuwait,KWT,2004,5.53506994247437
Kuwait,KWT,2002,6.551109790802
Kuwait,KWT,2001,6.5858302116394
Kuwait,KWT,1997,5.5826301574707
Kuwait,KWT,1996,5.85961008071899
Kuwait,KWT,1992,14.1988296508789
Kuwait,KWT,1986,5.40083980560303
Kuwait,KWT,1985,5.00761985778809
Kuwait,KWT,1984,5.14888000488281
Kuwait,KWT,1983,5.09027004241943
Kuwait,KWT,1982,3.0335099697113
Kuwait,KWT,1981,2.71914005279541
Kuwait,KWT,1980,2.79101991653442
Kuwait,KWT,1979,3.42856001853943
Kuwait,KWT,1978,4.08185005187988
Kuwait,KWT,1977,3.36866998672485
Kuwait,KWT,1976,3.11508011817932
Kuwait,KWT,1975,2.13554000854492
Kuwait,KWT,1974,3.52160000801086
Kuwait,KWT,1973,3.30368995666504
Kuwait,KWT,1972,2.81574988365173
Kuwait,KWT,1971,3.28733992576599
Kyrgyz Republic,KGZ,2023,6.82694680798777
Kyrgyz Republic,KGZ,2022,7.16884382244099
Kyrgyz Republic,KGZ,2021,5.16667985916138
Kyrgyz Republic,KGZ,2020,5.7331600189209
Kyrgyz Republic,KGZ,2019,5.0802698135376
Kyrgyz Republic,KGZ,2018,5.55267000198364
Kyrgyz Republic,KGZ,2017,6.02618980407715
Kyrgyz Republic,KGZ,2016,6.58616018295288
Kyrgyz Republic,KGZ,2015,5.98551988601685
Kyrgyz Republic,KGZ,2014,5.53159999847412
Kyrgyz Republic,KGZ,2013,6.78020000457764
Kyrgyz Republic,KGZ,2012,7.38423013687134
Kyrgyz Republic,KGZ,2011,6.79061985015869
Kyrgyz Republic,KGZ,2010,5.81884002685547
Kyrgyz Republic,KGZ,2009,6.23267984390259
Kyrgyz Republic,KGZ,2008,5.91317987442017
Kyrgyz Republic,KGZ,2007,6.46697998046875
Kyrgyz Republic,KGZ,2006,5.54987001419067
Kyrgyz Republic,KGZ,2005,4.87384986877441
Kyrgyz Republic,KGZ,2004,4.62243986129761
Kyrgyz Republic,KGZ,2003,4.47541999816895
Kyrgyz Republic,KGZ,2002,4.44545984268188
Kyrgyz Republic,KGZ,2001,3.85418009757996
Kyrgyz Republic,KGZ,2000,3.50838994979858
Kyrgyz Republic,KGZ,1999,4.0852198600769
Kyrgyz Republic,KGZ,1998,4.91963005065918
Kyrgyz Republic,KGZ,1996,4.90260982513428
Kyrgyz Republic,KGZ,1995,6.15642976760864
Kyrgyz Republic,KGZ,1994,5.58819007873535
Lao PDR,LAO,2023,1.23375160355741
Lao PDR,LAO,2022,1.46083440434069
Lao PDR,LAO,2021,1.85949176876536
Lao PDR,LAO,2020,1.91597273223857
Lao PDR,LAO,2019,2.12201393748998
Lao PDR,LAO,2018,2.33501229018316
Lao PDR,LAO,2017,2.49797261414021
Lao PDR,LAO,2016,2.77442976110388
Lao PDR,LAO,2015,2.73689787884215
Lao PDR,LAO,2014,2.93781995773315
Lao PDR,LAO,2013,3.23380994796753
Lao PDR,LAO,2012,1.82147002220154
Lao PDR,LAO,2011,1.70801997184753
Lao PDR,LAO,2010,1.70978999137878
Lao PDR,LAO,2009,1.65485000610352
Lao PDR,LAO,2008,2.27854990959167
Lao PDR,LAO,2007,3.07841992378235
Lao PDR,LAO,2006,2.95879006385803
Lao PDR,LAO,2005,2.4140899181366
Lao PDR,LAO,2004,2.41300010681152
Lao PDR,LAO,2002,2.82522010803223
Lao PDR,LAO,2001,1.9902800321579
Lao PDR,LAO,2000,1.50369000434876
Lao PDR,LAO,1997,2.13019990921021
Lao PDR,LAO,1996,2.42974996566773
Lao PDR,LAO,1992,2.33456993103027
Latvia,LVA,2022,4.3196702003479
Latvia,LVA,2021,4.76774978637695
Latvia,LVA,2020,4.99749994277954
Latvia,LVA,2019,4.58675003051758
Latvia,LVA,2018,4.39430999755859
Latvia,LVA,2017,4.52905988693237
Latvia,LVA,2016,4.82350015640259
Latvia,LVA,2015,5.46670007705688
Latvia,LVA,2014,5.47479009628296
Latvia,LVA,2013,7.24962997436523
Latvia,LVA,2012,6.83852005004883
Latvia,LVA,2011,5.24315977096558
Latvia,LVA,2010,5.14355993270874
Latvia,LVA,2009,5.67728996276855
Latvia,LVA,2008,5.63671016693115
Latvia,LVA,2007,4.89059019088745
Latvia,LVA,2006,4.94490003585815
Latvia,LVA,2004,5.04684019088745
Latvia,LVA,2003,5.2944598197937
Latvia,LVA,2002,5.78911018371582
Latvia,LVA,2001,5.56101989746094
Latvia,LVA,2000,5.40854978561401
Latvia,LVA,1999,5.69789981842041
Latvia,LVA,1998,5.96775007247925
Latvia,LVA,1997,5.66772985458374
Latvia,LVA,1996,5.41694021224976
Latvia,LVA,1992,4.30135011672974
Latvia,LVA,1991,3.86415004730225
Latvia,LVA,1990,3.57779002189636
Lebanon,LBN,2024,1.22490869993085
Lebanon,LBN,2023,1.50416361108086
Lebanon,LBN,2022,1.33151427628711
Lebanon,LBN,2020,2.4354185601396
Lebanon,LBN,2019,2.51957250612723
Lebanon,LBN,2018,2.6165251225734
Lebanon,LBN,2017,2.21606844423238
Lebanon,LBN,2016,2.17820270841405
Lebanon,LBN,2013,2.4339599609375
Lebanon,LBN,2012,2.14902997016907
Lebanon,LBN,2011,1.65251994132996
Lebanon,LBN,2010,1.61330997943878
Lebanon,LBN,2009,1.76570999622345
Lebanon,LBN,2008,2.01479005813599
Lebanon,LBN,2007,2.58357000350952
Lebanon,LBN,2006,2.77976989746094
Lebanon,LBN,2005,2.64619994163513
Lebanon,LBN,2004,2.64094996452331
Lebanon,LBN,2002,2.55271005630493
Lebanon,LBN,2001,2.84148001670837
Lebanon,LBN,1996,2.0846700668335
Lebanon,LBN,1995,2.22462010383606
Lebanon,LBN,1994,1.93125998973846
Lebanon,LBN,1993,1.66653001308441
Lesotho,LSO,2024,6.62253066096596
Lesotho,LSO,2023,7.29011355590957
Lesotho,LSO,2018,7.28360986709595
Lesotho,LSO,2017,8.1553201675415
Lesotho,LSO,2016,7.55247411216023
Lesotho,LSO,2015,7.64272055728181
Lesotho,LSO,2008,12.3287401199341
Lesotho,LSO,2006,11.2712802886963
Lesotho,LSO,2005,12.0796604156494
Lesotho,LSO,2004,11.1090097427368
Lesotho,LSO,2003,13.2195701599121
Lesotho,LSO,2002,10.1004495620728
Lesotho,LSO,2001,9.36505031585693
Lesotho,LSO,2000,10.0915498733521
Lesotho,LSO,1999,12.4993495941162
Lesotho,LSO,1997,11.3640098571777
Lesotho,LSO,1995,8.64097023010254
Lesotho,LSO,1994,7.02543020248413
Lesotho,LSO,1993,8.57703018188477
Lesotho,LSO,1989,6.20228004455566
Lesotho,LSO,1988,7.21663999557495
Lesotho,LSO,1985,7.08858013153076
Lesotho,LSO,1984,6.42841005325317
Lesotho,LSO,1983,10.0969400405884
Lesotho,LSO,1974,4.23424005508423
Lesotho,LSO,1973,4.8665599822998
Lesotho,LSO,1972,4.5265097618103
Lesotho,LSO,1971,4.64155006408691
Liberia,LBR,2023,2.2665256232687
Liberia,LBR,2022,2.2760960068702
Liberia,LBR,2021,2.4235999584198
Liberia,LBR,2020,2.13601415111746
Liberia,LBR,2019,2.16508193926132
Liberia,LBR,2018,2.50391006469727
Liberia,LBR,2017,2.66330003738403
Liberia,LBR,2016,2.11479684223088
Liberia,LBR,2015,2.11587468207978
Liberia,LBR,2014,2.20005011558533
Liberia,LBR,2013,1.69078004360199
Liberia,LBR,2012,1.77711999416351
Liberia,LBR,2008,1.70166003704071
Liberia,LBR,1980,6.25905990600586
Liberia,LBR,1978,6.99484014511108
Libya,LBY,1999,2.26416993141174
Libya,LBY,1977,4.12382984161377
Libya,LBY,1976,4.63650989532471
Liechtenstein,LIE,2011,2.55604004859924
Liechtenstein,LIE,2008,2.04836988449097
Liechtenstein,LIE,2007,1.92119002342224
Liechtenstein,LIE,2006,2.05380988121033
Liechtenstein,LIE,2004,2.43333005905151
Liechtenstein,LIE,2003,2.4601399898529
Lithuania,LTU,2022,4.25285005569458
Lithuania,LTU,2021,4.23977994918823
Lithuania,LTU,2020,4.47348022460938
Lithuania,LTU,2019,3.9415500164032
Lithuania,LTU,2018,3.85628008842468
Lithuania,LTU,2017,3.81236004829407
Lithuania,LTU,2016,4.01143980026245
Lithuania,LTU,2015,4.21646022796631
Lithuania,LTU,2014,4.5076699256897
Lithuania,LTU,2013,4.62416982650757
Lithuania,LTU,2012,4.78232002258301
Lithuania,LTU,2011,5.15469980239868
Lithuania,LTU,2010,5.36880016326904
Lithuania,LTU,2009,5.56941986083984
Lithuania,LTU,2008,4.83649015426636
Lithuania,LTU,2007,4.59159994125366
Lithuania,LTU,2006,4.83653020858765
Lithuania,LTU,2005,4.87698984146118
Lithuania,LTU,2004,5.14797019958496
Lithuania,LTU,2003,5.1067099571228
Lithuania,LTU,2002,5.79093980789185
Lithuania,LTU,2001,5.83644008636475
Lithuania,LTU,1998,6.08957004547119
Lithuania,LTU,1997,5.42383003234863
Lithuania,LTU,1996,4.81781005859375
Lithuania,LTU,1995,4.73458003997803
Lithuania,LTU,1994,4.76287984848022
Lithuania,LTU,1993,3.91314005851746
Luxembourg,LUX,2022,3.74451994895935
Luxembourg,LUX,2021,3.68531990051269
Luxembourg,LUX,2020,3.85499000549316
Luxembourg,LUX,2019,3.73705005645752
Luxembourg,LUX,2018,3.65772008895874
Luxembourg,LUX,2017,3.48645997047424
Luxembourg,LUX,2015,3.76792001724243
Luxembourg,LUX,2014,3.85569000244141
Luxembourg,LUX,2012,3.87815999984741
Luxembourg,LUX,2001,3.53973007202148
Luxembourg,LUX,1996,3.47681999206543
Luxembourg,LUX,1995,3.65909004211426
Luxembourg,LUX,1989,3.87238001823425
Luxembourg,LUX,1988,4.014319896698
Luxembourg,LUX,1987,4.08302021026611
Luxembourg,LUX,1986,3.78981995582581
Luxembourg,LUX,1983,3.31966996192932
Luxembourg,LUX,1982,5.2756199836731
Luxembourg,LUX,1981,4.68798017501831
Luxembourg,LUX,1980,4.55202007293701
Luxembourg,LUX,1979,4.40278005599976
Luxembourg,LUX,1978,4.33933019638062
Luxembourg,LUX,1977,3.69379997253418
Luxembourg,LUX,1976,3.61462998390198
Luxembourg,LUX,1975,3.42302989959717
Luxembourg,LUX,1973,2.81235003471375
Luxembourg,LUX,1972,2.74079990386963
Luxembourg,LUX,1971,2.85506010055542
Luxembourg,LUX,1970,2.30026006698608
"Macao SAR, China",MAC,2023,3.50183010101318
"Macao SAR, China",MAC,2022,6.05706977844238
"Macao SAR, China",MAC,2021,5.10697984695435
"Macao SAR, China",MAC,2020,6.38948011398315
"Macao SAR, China",MAC,2019,3.0654399394989
"Macao SAR, China",MAC,2018,2.7334098815918
"Macao SAR, China",MAC,2017,2.70949006080627
"Macao SAR, China",MAC,2016,3.09952998161316
"Macao SAR, China",MAC,2015,3.00247001647949
"Macao SAR, China",MAC,2014,2.04853010177612
"Macao SAR, China",MAC,2013,2.05048990249634
"Macao SAR, China",MAC,2012,3.32516002655029
"Macao SAR, China",MAC,2011,2.67528009414673
"Macao SAR, China",MAC,2010,2.61848998069763
"Macao SAR, China",MAC,2009,2.53323006629944
"Macao SAR, China",MAC,2008,2.1964099407196
"Macao SAR, China",MAC,2007,2.04345011711121
"Macao SAR, China",MAC,2006,2.19386005401611
"Macao SAR, China",MAC,2005,2.2778799533844
"Macao SAR, China",MAC,2004,2.23348999023438
"Macao SAR, China",MAC,2003,2.78016996383667
"Macao SAR, China",MAC,2002,2.84295988082886
"Macao SAR, China",MAC,2001,2.71446990966797
"Macao SAR, China",MAC,2000,3.31438994407654
"Macao SAR, China",MAC,1999,3.33664989471436
"Macao SAR, China",MAC,1998,3.35004997253418
Madagascar,MDG,2023,3.04770386693564
Madagascar,MDG,2022,3.06772823003204
Madagascar,MDG,2021,3.19807542117225
Madagascar,MDG,2020,3.25443385103636
Madagascar,MDG,2019,3.01338389897728
Madagascar,MDG,2018,2.84409999847412
Madagascar,MDG,2017,2.70137416707567
Madagascar,MDG,2016,2.68719005584717
Madagascar,MDG,2015,2.21011996269226
Madagascar,MDG,2014,2.3812301158905
Madagascar,MDG,2013,1.77695000171661
Madagascar,MDG,2012,2.34067010879517
Madagascar,MDG,2011,2.38168001174927
Madagascar,MDG,2010,2.28856151148168
Madagascar,MDG,2009,2.82512998580933
Madagascar,MDG,2008,2.55433988571167
Madagascar,MDG,2007,2.90274000167847
Madagascar,MDG,2006,2.83097004890442
Madagascar,MDG,2005,3.30962991714477
Madagascar,MDG,2004,2.81261992454529
Madagascar,MDG,2003,2.61094999313354
Madagascar,MDG,2002,2.23179006576538
Madagascar,MDG,2001,2.707200050354
Madagascar,MDG,2000,2.4386899471283
Madagascar,MDG,1999,2.40500998497009
Madagascar,MDG,1998,1.58879005908966
Madagascar,MDG,1997,1.53846001625061
Madagascar,MDG,1993,1.77546000480652
Madagascar,MDG,1985,2.07146000862122
Madagascar,MDG,1984,2.20451998710632
Madagascar,MDG,1983,1.98900997638702
Madagascar,MDG,1982,2.32178997993469
Madagascar,MDG,1981,2.87990999221802
Madagascar,MDG,1980,3.35711002349854
Madagascar,MDG,1979,3.97030997276306
Madagascar,MDG,1977,5.05393981933594
Madagascar,MDG,1976,3.25500988960266
Madagascar,MDG,1975,2.51668000221252
Madagascar,MDG,1974,2.67375993728638
Madagascar,MDG,1973,2.71114993095398
Madagascar,MDG,1972,3.21737003326416
Malawi,MWI,2022,2.74888371105811
Malawi,MWI,2018,3.32295989990234
Malawi,MWI,2017,2.76899003982544
Malawi,MWI,2016,3.28257989883423
Malawi,MWI,2015,3.85398006439209
Malawi,MWI,2014,3.32569003105164
Malawi,MWI,2013,3.72169995307922
Malawi,MWI,2012,2.52861185625253
Malawi,MWI,2011,2.85346007347107
Malawi,MWI,2010,2.43236994743347
Malawi,MWI,2003,2.20964002609253
Malawi,MWI,2001,3.09834003448486
Malawi,MWI,2000,3.60612988471985
Malawi,MWI,1999,3.43224000930786
Malawi,MWI,1996,3.69773006439209
Malawi,MWI,1995,2.75467991828919
Malawi,MWI,1990,2.24734997749329
Malawi,MWI,1989,2.18262004852295
Malawi,MWI,1988,2.17925000190735
Malawi,MWI,1987,2.42225003242493
Malawi,MWI,1986,2.19795989990234
Malaysia,MYS,2023,3.51481008529663
Malaysia,MYS,2022,3.49933781956284
Malaysia,MYS,2021,4.26109393398867
Malaysia,MYS,2020,3.91176009178162
Malaysia,MYS,2019,4.15775012969971
Malaysia,MYS,2018,4.47865009307861
Malaysia,MYS,2017,4.6753101348877
Malaysia,MYS,2016,4.75191020965576
Malaysia,MYS,2015,4.89487981796265
Malaysia,MYS,2014,5.21264982223511
Malaysia,MYS,2013,5.48122978210449
Malaysia,MYS,2012,5.73902988433838
Malaysia,MYS,2011,5.76293992996216
Malaysia,MYS,2010,4.96645021438599
Malaysia,MYS,2009,5.97418022155762
Malaysia,MYS,2008,3.95851993560791
Malaysia,MYS,2007,4.37253999710083
Malaysia,MYS,2006,4.48576021194458
Malaysia,MYS,2004,5.92389011383057
Malaysia,MYS,2003,7.50288009643555
Malaysia,MYS,2002,7.65792989730835
Malaysia,MYS,2001,7.48446989059448
Malaysia,MYS,2000,5.9716100692749
Malaysia,MYS,1999,5.68678998947144
Malaysia,MYS,1997,4.62037992477417
Malaysia,MYS,1996,4.91384983062744
Malaysia,MYS,1995,4.3425498008728
Malaysia,MYS,1994,4.70528984069824
Malaysia,MYS,1993,4.65463018417358
Malaysia,MYS,1992,5.11143016815185
Malaysia,MYS,1987,6.32600021362305
Malaysia,MYS,1986,7.24336004257202
Malaysia,MYS,1985,6.1111102104187
Malaysia,MYS,1984,5.66629981994629
Malaysia,MYS,1982,7.03278017044067
Malaysia,MYS,1981,6.69696998596191
Malaysia,MYS,1980,5.72619009017944
Malaysia,MYS,1979,5.08760976791382
Malaysia,MYS,1971,4.55094003677368
Maldives,MDV,2023,5.16706374664829
Maldives,MDV,2022,4.67344315449896
Maldives,MDV,2021,4.61379747500137
Maldives,MDV,2020,5.84760793108804
Maldives,MDV,2019,4.12356944795488
Maldives,MDV,2018,3.85681779847259
Maldives,MDV,2017,3.82268559882407
Maldives,MDV,2016,3.66123008728027
Maldives,MDV,2015,3.8685998916626
Maldives,MDV,2014,3.0885899066925
Maldives,MDV,2013,3.3882999420166
Maldives,MDV,2012,3.34085988998413
Maldives,MDV,2011,3.08072996139526
Maldives,MDV,2010,3.63328003883362
Maldives,MDV,2009,5.08168983459473
Maldives,MDV,2008,4.470290184021
Maldives,MDV,2007,4.41788005828857
Maldives,MDV,2006,4.64523983001709
Maldives,MDV,2005,5.0168399810791
Maldives,MDV,2004,4.66160011291504
Maldives,MDV,2003,5.32406997680664
Maldives,MDV,2002,5.79186010360718
Mali,MLI,2023,4.18465094218116
Mali,MLI,2022,4.04512227529275
Mali,MLI,2021,3.66363000869751
Mali,MLI,2020,3.3367600440979
Mali,MLI,2019,3.00001001358032
Mali,MLI,2018,2.98218989372253
Mali,MLI,2017,3.18063998222351
Mali,MLI,2016,2.59244990348816
Mali,MLI,2015,3.19690990447998
Mali,MLI,2014,3.09299993515015
Mali,MLI,2013,2.75836992263794
Mali,MLI,2012,2.90706992149353
Mali,MLI,2011,3.14614009857178
Mali,MLI,2010,2.70853996276856
Mali,MLI,2009,3.14385008811951
Mali,MLI,2008,2.73080992698669
Mali,MLI,2005,2.74722003936768
Mali,MLI,2004,2.95918989181519
Mali,MLI,2003,3.8055899143219
Mali,MLI,2002,2.8962299823761
Mali,MLI,2001,2.65844988822937
Mali,MLI,2000,2.97156000137329
Mali,MLI,1999,2.23183989524841
Mali,MLI,1998,2.64959001541138
Mali,MLI,1986,2.43536996841431
Mali,MLI,1982,3.27885007858276
Mali,MLI,1981,3.44794011116028
Mali,MLI,1980,3.47065997123718
Mali,MLI,1978,3.55959010124206
Malta,MLT,2022,4.71258020401001
Malta,MLT,2021,4.92963981628418
Malta,MLT,2019,4.79941987991333
Malta,MLT,2017,4.34281015396118
Malta,MLT,2016,4.95570993423462
Malta,MLT,2015,4.91352987289429
Malta,MLT,2014,6.84973001480103
Malta,MLT,2013,7.40672016143799
Malta,MLT,2012,6.24788999557495
Malta,MLT,2011,7.57771015167236
Malta,MLT,2010,6.20798015594482
Malta,MLT,2009,5.04781007766724
Malta,MLT,2008,5.47429990768433
Malta,MLT,2007,5.95993995666504
Malta,MLT,2004,4.430260181427
Malta,MLT,2002,4.15744018554688
Malta,MLT,1998,4.18536996841431
Malta,MLT,1992,4.31409978866577
Malta,MLT,1991,3.92030000686646
Malta,MLT,1990,3.83141994476318
Malta,MLT,1989,3.58874011039734
Malta,MLT,1988,3.33823990821838
Malta,MLT,1987,3.16531991958618
Malta,MLT,1986,3.10572004318237
Malta,MLT,1985,3.24833989143372
Malta,MLT,1984,3.07872009277344
Malta,MLT,1983,3.31469011306763
Malta,MLT,1982,2.85407996177673
Malta,MLT,1981,2.86532998085022
Malta,MLT,1979,3.15364003181458
Malta,MLT,1978,3.34882998466492
Malta,MLT,1977,3.89760994911194
Malta,MLT,1976,3.83189010620117
Malta,MLT,1975,4.42221021652222
Malta,MLT,1974,4.4931001663208
Malta,MLT,1973,5.269700050354
Malta,MLT,1972,5.54999017715454
Malta,MLT,1971,6.15196990966797
Marshall Islands,MHL,2022,7.70088005065918
Marshall Islands,MHL,2021,15.1824411727819
Marshall Islands,MHL,2020,13.8350374540234
Marshall Islands,MHL,2019,9.88208961486816
Marshall Islands,MHL,2003,11.8441295623779
Marshall Islands,MHL,2002,8.1951904296875
Marshall Islands,MHL,1999,13.8498497009277
Mauritania,MRT,2024,7.61007976531982
Mauritania,MRT,2023,4.71521997451782
Mauritania,MRT,2022,1.38966000080109
Mauritania,MRT,2021,1.891970038414
Mauritania,MRT,2020,1.80263996124268
Mauritania,MRT,2019,1.82317996025085
Mauritania,MRT,2016,1.94405996799469
Mauritania,MRT,2015,2.82956598871445
Mauritania,MRT,2014,2.55796423507035
Mauritania,MRT,2013,2.29352998733521
Mauritania,MRT,2012,2.15821003913879
Mauritania,MRT,2011,2.33102011680603
Mauritania,MRT,2006,1.95850002765655
Mauritania,MRT,2004,1.9507999420166
Mauritania,MRT,2003,2.36501002311706
Mauritania,MRT,2002,2.27714991569519
Mauritania,MRT,2001,2.10683989524841
Mauritania,MRT,1999,1.72203004360199
Mauritania,MRT,1997,1.58580005168915
Mauritius,MUS,2024,4.247389793396
Mauritius,MUS,2023,4.57479000091553
Mauritius,MUS,2022,4.84085988998413
Mauritius,MUS,2021,4.67151021957397
Mauritius,MUS,2020,4.35243988037109
Mauritius,MUS,2019,4.54195022583008
Mauritius,MUS,2018,4.67447996139526
Mauritius,MUS,2017,4.87887001037598
Mauritius,MUS,2016,4.88207006454468
Mauritius,MUS,2015,4.75847005844116
Mauritius,MUS,2014,4.81514978408813
Mauritius,MUS,2013,3.56775999069214
Mauritius,MUS,2012,3.41820001602173
Mauritius,MUS,2011,3.33207011222839
Mauritius,MUS,2010,3.55147004127502
Mauritius,MUS,2009,3.04731011390686
Mauritius,MUS,2008,3.06307005882263
Mauritius,MUS,2007,3.18540000915527
Mauritius,MUS,2006,3.64840006828308
Mauritius,MUS,2005,4.02402019500732
Mauritius,MUS,2004,4.25576019287109
Mauritius,MUS,2003,4.35718011856079
Mauritius,MUS,2002,3.02024006843567
Mauritius,MUS,2001,3.07347989082336
Mauritius,MUS,2000,3.71902990341186
Mauritius,MUS,1999,3.88743996620178
Mauritius,MUS,1991,3.46325993537903
Mauritius,MUS,1990,3.12822008132935
Mauritius,MUS,1989,3.46896004676819
Mauritius,MUS,1988,3.08984994888306
Mauritius,MUS,1987,3.01674008369446
Mauritius,MUS,1986,3.43728995323181
Mauritius,MUS,1985,3.91043996810913
Mauritius,MUS,1984,4.03251981735229
Mauritius,MUS,1983,4.39455986022949
Mauritius,MUS,1982,4.54262018203735
Mauritius,MUS,1981,4.98683977127075
Mauritius,MUS,1978,5.49202013015747
Mauritius,MUS,1977,4.3818998336792
Mauritius,MUS,1975,2.51991009712219
Mauritius,MUS,1973,2.78133010864258
Mauritius,MUS,1972,3.07091999053955
Mauritius,MUS,1971,3.11274003982544
Mexico,MEX,2022,4.05987977981567
Mexico,MEX,2021,4.23823976516724
Mexico,MEX,2020,4.4996600151062
Mexico,MEX,2018,4.13944005966187
Mexico,MEX,2017,4.39752006530762
Mexico,MEX,2016,4.75795984268188
Mexico,MEX,2015,5.05087995529175
Mexico,MEX,2014,5.06807994842529
Mexico,MEX,2013,4.50858020782471
Mexico,MEX,2012,4.88349008560181
Mexico,MEX,2011,4.9040699005127
Mexico,MEX,2010,4.93697023391724
Mexico,MEX,2009,4.94934988021851
Mexico,MEX,2008,4.60607004165649
Mexico,MEX,2007,4.47919988632202
Mexico,MEX,2006,4.49317979812622
Mexico,MEX,2005,4.63395023345947
Mexico,MEX,2004,4.51204013824463
Mexico,MEX,2003,4.83262014389038
Mexico,MEX,2002,4.24307012557983
Mexico,MEX,2001,4.0313401222229
Mexico,MEX,2000,3.80870008468628
Mexico,MEX,1999,3.36164999008179
Mexico,MEX,1998,3.17838001251221
Mexico,MEX,1995,3.49746990203857
Mexico,MEX,1994,3.47706007957458
Mexico,MEX,1992,3.00500988960266
Mexico,MEX,1991,2.54800009727478
Mexico,MEX,1990,2.32498002052307
Mexico,MEX,1989,2.28201007843018
"Micronesia, Fed. Sts.",FSM,2020,11.5591397849462
"Micronesia, Fed. Sts.",FSM,2019,10.6931682741117
"Micronesia, Fed. Sts.",FSM,2018,9.94274464285714
"Micronesia, Fed. Sts.",FSM,2017,12.6815821727019
"Micronesia, Fed. Sts.",FSM,2016,13.814728
"Micronesia, Fed. Sts.",FSM,2015,12.407919883728
"Micronesia, Fed. Sts.",FSM,2014,12.2281680903257
"Micronesia, Fed. Sts.",FSM,2013,12.3438831906748
"Micronesia, Fed. Sts.",FSM,2012,11.7192291367391
"Micronesia, Fed. Sts.",FSM,2000,6.70687007904053
"Micronesia, Fed. Sts.",FSM,1999,6.42491006851196
"Micronesia, Fed. Sts.",FSM,1972,66.9003067016602
Moldova,MDA,2023,6.55709981918335
Moldova,MDA,2022,6.10430002212524
Moldova,MDA,2021,5.82405996322632
Moldova,MDA,2020,6.60125017166138
Moldova,MDA,2019,6.22578001022339
Moldova,MDA,2018,5.53886985778809
Moldova,MDA,2017,5.71017980575562
Moldova,MDA,2016,5.67210006713867
Moldova,MDA,2015,5.76665405944246
Moldova,MDA,2014,6.33807992935181
Moldova,MDA,2013,5.90975516494477
Moldova,MDA,2012,6.9834098815918
Moldova,MDA,2011,7.13638019561768
Moldova,MDA,2010,7.5922999382019
Moldova,MDA,2009,9.5097599029541
Moldova,MDA,2008,8.23727035522461
Moldova,MDA,2007,8.29337024688721
Moldova,MDA,2006,7.49899005889893
Moldova,MDA,2005,7.16270017623901
Moldova,MDA,2004,6.77103996276855
Moldova,MDA,2003,5.42489004135132
Moldova,MDA,2002,5.4979100227356
Moldova,MDA,2001,4.84684991836548
Moldova,MDA,2000,4.48639011383057
Moldova,MDA,1999,4.6625599861145
Moldova,MDA,1996,9.89663982391357
Monaco,MCO,2023,1.73223996162415
Monaco,MCO,2022,1.17105996608734
Monaco,MCO,2021,1.41926002502441
Monaco,MCO,2019,1.15896999835968
Monaco,MCO,2017,1.45816004276276
Monaco,MCO,2016,1.37126004695892
Monaco,MCO,2014,1.02186000347137
Monaco,MCO,2013,1.33440005779266
Monaco,MCO,2012,1.78004002571106
Monaco,MCO,2011,1.58989000320435
Monaco,MCO,2010,1.31735002994537
Monaco,MCO,2009,1.35431003570557
Monaco,MCO,2004,1.26668000221252
Monaco,MCO,2000,1.25537002086639
Monaco,MCO,1999,1.19526994228363
Monaco,MCO,1998,1.20881998538971
Monaco,MCO,1997,1.21240997314453
Monaco,MCO,1996,1.08222997188568
Monaco,MCO,1995,1.06456005573273
Monaco,MCO,1992,0.913609981536865
Monaco,MCO,1989,0.957539975643158
Monaco,MCO,1988,0.88102000951767
Mongolia,MNG,2024,5.21229982376099
Mongolia,MNG,2023,3.65764999389648
Mongolia,MNG,2017,4.06898021697998
Mongolia,MNG,2016,5.18311023712158
Mongolia,MNG,2015,4.22361993789673
Mongolia,MNG,2014,4.71483993530273
Mongolia,MNG,2013,4.94078016281128
Mongolia,MNG,2012,5.19521999359131
Mongolia,MNG,2011,4.6090202331543
Mongolia,MNG,2010,4.64510011672974
Mongolia,MNG,2009,5.14483976364136
Mongolia,MNG,2007,4.69013023376465
Mongolia,MNG,2004,4.32572984695435
Mongolia,MNG,2002,7.21078014373779
Mongolia,MNG,2000,5.55038022994995
Mongolia,MNG,1999,5.14566993713379
Mongolia,MNG,1998,5.49302005767822
Mongolia,MNG,1997,3.948970079422
Morocco,MAR,2023,6.02096928801329
Morocco,MAR,2022,5.91224674061277
Morocco,MAR,2021,5.64273401285138
Morocco,MAR,2020,6.28428263644307
Morocco,MAR,2019,5.0032567210502
Morocco,MAR,2018,4.96022713486949
Morocco,MAR,2017,4.73564982004448
Morocco,MAR,2016,5.08530197423073
Morocco,MAR,2015,5.133369043677
Morocco,MAR,2014,5.48276036642721
Morocco,MAR,2012,5.55294838577208
Morocco,MAR,2009,4.83119010925293
Morocco,MAR,2008,4.85339021682739
Morocco,MAR,1999,4.62527990341187
Morocco,MAR,1998,4.59940004348755
Morocco,MAR,1995,4.73479986190796
Morocco,MAR,1993,4.82497978210449
Morocco,MAR,1991,4.30316019058228
Morocco,MAR,1990,4.51047992706299
Morocco,MAR,1989,4.75733995437622
Morocco,MAR,1988,4.57782983779907
Morocco,MAR,1987,5.16213989257812
Morocco,MAR,1986,5.25930023193359
Morocco,MAR,1985,5.10218000411987
Morocco,MAR,1984,5.19013977050781
Morocco,MAR,1983,6.17467021942139
Morocco,MAR,1982,6.12268018722534
Morocco,MAR,1981,5.68926000595093
Morocco,MAR,1980,5.10485982894897
Morocco,MAR,1979,6.31548023223877
Morocco,MAR,1978,6.20182991027832
Morocco,MAR,1977,6.08424997329712
Morocco,MAR,1976,6.0271201133728
Morocco,MAR,1975,5.21270990371704
Morocco,MAR,1974,4.27548980712891
Morocco,MAR,1973,4.67168998718262
Mozambique,MOZ,2022,5.97607342054314
Mozambique,MOZ,2021,6.34063583505687
Mozambique,MOZ,2020,6.17059556957808
Mozambique,MOZ,2019,5.99969523584354
Mozambique,MOZ,2018,5.38976001739502
Mozambique,MOZ,2017,5.48664999008179
Mozambique,MOZ,2016,5.80086994171143
Mozambique,MOZ,2015,5.91515660575298
Mozambique,MOZ,2014,6.39920843528224
Mozambique,MOZ,2013,6.03575992584229
Mozambique,MOZ,2012,5.5575098991394
Mozambique,MOZ,2011,5.53052494030773
Mozambique,MOZ,2010,5.24539789470058
Mozambique,MOZ,2006,3.7359299659729
Mozambique,MOZ,2005,3.85834002494812
Mozambique,MOZ,2004,3.19837999343872
Mozambique,MOZ,1999,2.64153003692627
Mozambique,MOZ,1998,1.80137002468109
Myanmar,MMR,2019,1.99976003170013
Myanmar,MMR,2018,1.99249005317688
Myanmar,MMR,2017,2.16652989387512
Myanmar,MMR,2011,0.787440001964569
Myanmar,MMR,1995,1.20247995853424
Myanmar,MMR,1978,1.64365994930267
Myanmar,MMR,1977,1.63782000541687
Myanmar,MMR,1976,1.72618997097015
Myanmar,MMR,1975,1.98739004135132
Myanmar,MMR,1973,3.27380990982056
Myanmar,MMR,1972,2.86509990692139
Namibia,NAM,2024,9.08440819434816
Namibia,NAM,2022,9.3919470845238
Namibia,NAM,2021,10.3914477380895
Namibia,NAM,2020,9.27799879073429
Namibia,NAM,2019,9.32253195522987
Namibia,NAM,2018,8.88112249415185
Namibia,NAM,2017,1.39524534605831
Namibia,NAM,2016,10.5927948535144
Namibia,NAM,2015,9.8507685020388
Namibia,NAM,2014,3.66711166353218
Namibia,NAM,2013,8.59541659523254
Namibia,NAM,2012,9.24281237985165
Namibia,NAM,2011,8.02137930818109
Namibia,NAM,2010,8.24330043792725
Namibia,NAM,2008,6.40342998504639
Namibia,NAM,2006,6.03171014785767
Namibia,NAM,2003,6.13713979721069
Namibia,NAM,2002,6.7423300743103
Namibia,NAM,2001,6.88886976242065
Namibia,NAM,2000,6.901780128479
Namibia,NAM,1999,7.13076019287109
Naoero,NRU,2023,5.77715015411377
Naoero,NRU,2022,5.91827971698113
Naoero,NRU,2021,5.16034
Naoero,NRU,2020,5.90502903225807
Naoero,NRU,2019,5.71828171428571
Naoero,NRU,2018,5.05296627218935
Naoero,NRU,2017,6.27397517241379
Naoero,NRU,2016,4.82214626865672
Naoero,NRU,2015,6.25260294117647
Naoero,NRU,2014,4.47278425925926
Naoero,NRU,2007,4.24858999252319
Naoero,NRU,2002,15.8634700775147
Nepal,NPL,2024,3.68849173764595
Nepal,NPL,2023,3.95641148036706
Nepal,NPL,2022,4.13645081690396
Nepal,NPL,2021,4.42801034633091
Nepal,NPL,2020,4.24355670934502
Nepal,NPL,2019,3.89212886881753
Nepal,NPL,2018,4.43446016311646
Nepal,NPL,2017,4.76723003387451
Nepal,NPL,2016,3.90320992469788
Nepal,NPL,2015,3.25901007652283
Nepal,NPL,2014,3.47214007377625
Nepal,NPL,2013,3.01811003684998
Nepal,NPL,2012,3.29737997055054
Nepal,NPL,2011,3.8426399230957
Nepal,NPL,2010,3.63172006607056
Nepal,NPL,2009,4.6637601852417
Nepal,NPL,2008,3.8051700592041
Nepal,NPL,2007,3.51721000671387
Nepal,NPL,2006,3.60536003112793
Nepal,NPL,2005,3.3646399974823
Nepal,NPL,2004,3.1719400882721
Nepal,NPL,2003,3.11435008049011
Nepal,NPL,2002,3.15282988548279
Nepal,NPL,2001,3.70837998390198
Nepal,NPL,2000,2.9751501083374
Nepal,NPL,1999,2.89331007003784
Nepal,NPL,1998,2.89287996292114
Netherlands,NLD,2022,5.17918014526367
Netherlands,NLD,2021,5.37661981582642
Netherlands,NLD,2020,5.29139995574951
Netherlands,NLD,2019,5.0559401512146
Netherlands,NLD,2018,5.26723003387451
Netherlands,NLD,2017,5.08747005462646
Netherlands,NLD,2016,5.38952016830444
Netherlands,NLD,2015,5.27802991867065
Netherlands,NLD,2014,5.40205001831055
Netherlands,NLD,2013,5.48417997360229
Netherlands,NLD,2012,5.36694002151489
Netherlands,NLD,2011,5.41595983505249
Netherlands,NLD,2010,5.45634984970093
Netherlands,NLD,2009,5.38561010360718
Netherlands,NLD,2008,4.99737977981567
Netherlands,NLD,2007,4.85854005813599
Netherlands,NLD,2006,5.01913976669312
Netherlands,NLD,2005,5.08871984481812
Netherlands,NLD,2004,5.0411901473999
Netherlands,NLD,2003,5.0199499130249
Netherlands,NLD,2002,4.78904008865356
Netherlands,NLD,2001,4.68933010101318
Netherlands,NLD,2000,4.58325004577637
Netherlands,NLD,1999,4.4996600151062
Netherlands,NLD,1998,4.53430986404419
Netherlands,NLD,1996,4.48540019989014
Netherlands,NLD,1995,4.57215023040771
Netherlands,NLD,1994,4.65639019012451
Netherlands,NLD,1993,4.74960994720459
Netherlands,NLD,1991,5.1540699005127
Netherlands,NLD,1990,5.22109985351562
Netherlands,NLD,1988,5.4634199142456
Netherlands,NLD,1987,5.88925981521606
Netherlands,NLD,1986,5.55338001251221
Netherlands,NLD,1985,5.46484994888306
Netherlands,NLD,1984,5.0826301574707
Netherlands,NLD,1983,5.49269008636475
Netherlands,NLD,1982,5.6866397857666
Netherlands,NLD,1981,5.74091005325317
Netherlands,NLD,1980,5.88415002822876
Netherlands,NLD,1979,6.08136987686157
Netherlands,NLD,1978,6.17534017562866
Netherlands,NLD,1977,6.17341995239258
Netherlands,NLD,1976,6.30303001403809
Netherlands,NLD,1975,6.36227989196777
Netherlands,NLD,1974,6.3265700340271
Netherlands,NLD,1973,5.83436012268066
Netherlands,NLD,1972,6.3092098236084
Netherlands,NLD,1971,6.3189001083374
Netherlands,NLD,1970,6.2120099067688
New Zealand,NZL,2023,5.21326017379761
New Zealand,NZL,2022,5.16741991043091
New Zealand,NZL,2021,5.5409197807312
New Zealand,NZL,2020,5.64268016815185
New Zealand,NZL,2019,5.1741099357605
New Zealand,NZL,2018,5.1896800994873
New Zealand,NZL,2017,5.27543020248413
New Zealand,NZL,2016,5.49972009658813
New Zealand,NZL,2015,5.70350980758667
New Zealand,NZL,2014,5.8033299446106
New Zealand,NZL,2013,5.88539981842041
New Zealand,NZL,2000,5.60442018508911
New Zealand,NZL,1999,6.6362099647522
New Zealand,NZL,1997,6.15721988677979
New Zealand,NZL,1996,6.38371992111206
New Zealand,NZL,1995,5.74212980270386
New Zealand,NZL,1994,5.92605018615723
New Zealand,NZL,1989,4.81824016571045
New Zealand,NZL,1988,4.4258599281311
New Zealand,NZL,1987,3.91739010810852
New Zealand,NZL,1986,3.43031001091003
New Zealand,NZL,1985,3.54629993438721
New Zealand,NZL,1984,4.04568004608154
New Zealand,NZL,1982,4.5327000617981
New Zealand,NZL,1981,4.44054985046387
New Zealand,NZL,1980,4.23264980316162
New Zealand,NZL,1979,4.46765995025635
New Zealand,NZL,1978,4.53252983093262
New Zealand,NZL,1977,4.45267009735107
New Zealand,NZL,1976,5.45474004745483
New Zealand,NZL,1975,5.16753005981445
New Zealand,NZL,1974,4.7467999458313
New Zealand,NZL,1973,4.75323009490967
Nicaragua,NIC,2023,2.86954998970032
Nicaragua,NIC,2022,3.80001496174069
Nicaragua,NIC,2021,4.08717467298944
Nicaragua,NIC,2020,4.58034059162685
Nicaragua,NIC,2019,4.59991969121332
Nicaragua,NIC,2018,4.47380693256251
Nicaragua,NIC,2017,4.35768985748291
Nicaragua,NIC,2016,4.08114004135132
Nicaragua,NIC,2015,4.07843017578125
Nicaragua,NIC,2014,4.08329010009766
Nicaragua,NIC,2010,4.48422002792358
Nicaragua,NIC,2003,2.42200994491577
Nicaragua,NIC,2002,2.39101004600525
Nicaragua,NIC,2000,3.00160002708435
Nicaragua,NIC,1999,2.92365002632141
Nicaragua,NIC,1998,2.22585010528564
Nicaragua,NIC,1992,2.98497009277344
Nicaragua,NIC,1987,5.35174989700317
Nicaragua,NIC,1971,2.49202990531921
Nicaragua,NIC,1970,2.03858995437622
Niger,NER,2023,4.07412707618114
Niger,NER,2022,3.71231832079626
Niger,NER,2021,3.82175828133515
Niger,NER,2020,3.81906792754322
Niger,NER,2019,3.53358621816013
Niger,NER,2018,3.44956994056702
Niger,NER,2017,2.57818007469177
Niger,NER,2016,2.95843005180359
Niger,NER,2015,4.48669004440308
Niger,NER,2014,5.10368013381958
Niger,NER,2013,3.68953990936279
Niger,NER,2012,3.1868200302124
Niger,NER,2011,3.07762002944946
Niger,NER,2010,2.7219500541687
Niger,NER,2009,3.33588004112244
Niger,NER,2008,2.72311997413635
Niger,NER,2007,3.01462006568909
Niger,NER,2006,2.55851006507873
Niger,NER,2003,1.93705999851227
Niger,NER,2002,2.40135002136231
Niger,NER,2001,2.27981996536255
Niger,NER,2000,2.5650200843811
Niger,NER,1999,2.56854009628296
Niger,NER,1996,2.14417004585266
Niger,NER,1995,2.32975006103516
Niger,NER,1994,2.26538991928101
Niger,NER,1993,2.06511998176575
Niger,NER,1992,2.24298000335693
Niger,NER,1991,2.30833005905151
Niger,NER,1990,2.07436990737915
Niger,NER,1971,1.0522700548172
Nigeria,NGA,2023,0.319069049792343
Nigeria,NGA,2022,0.348516707890877
Nigeria,NGA,2021,0.381919104397325
Nigeria,NGA,2020,0.35963763718498
Nigeria,NGA,2019,0.358479005206684
Nigeria,NGA,2018,0.419998493796127
Nigeria,NGA,2017,0.396354013591345
Nigeria,NGA,2016,0.393045646249364
Nigeria,NGA,2015,0.436954905120644
Nigeria,NGA,2014,0.470742539133469
Nigeria,NGA,2013,0.534206768008091
Nigeria,NGA,2012,0.549233086121929
Nigeria,NGA,1975,3.0636899471283
Nigeria,NGA,1974,3.21017003059387
North Macedonia,MKD,2002,3.30014991760254
North Macedonia,MKD,1996,4.30311012268066
North Macedonia,MKD,1995,4.27123022079468
North Macedonia,MKD,1994,4.52628993988037
North Macedonia,MKD,1993,4.63056993484497
North Macedonia,MKD,1992,4.73344993591309
Norway,NOR,2022,5.43234014511108
Norway,NOR,2021,6.9602198600769
Norway,NOR,2020,8.37281036376953
Norway,NOR,2019,7.86455011367798
Norway,NOR,2018,7.59564018249512
Norway,NOR,2017,7.84599018096924
Norway,NOR,2016,7.98443984985352
Norway,NOR,2015,7.52335977554321
Norway,NOR,2014,7.64402008056641
Norway,NOR,2013,7.43905019760132
Norway,NOR,2012,7.32766008377075
Norway,NOR,2011,6.4148998260498
Norway,NOR,2010,6.71042013168335
Norway,NOR,2009,7.07068014144897
Norway,NOR,2008,6.2491397857666
Norway,NOR,2007,6.50672006607056
Norway,NOR,2006,6.35823011398315
Norway,NOR,2005,6.84081983566284
Norway,NOR,2004,7.27745008468628
Norway,NOR,2003,7.39930009841919
Norway,NOR,2002,7.42243003845215
Norway,NOR,2001,6.82014989852905
Norway,NOR,2000,6.45935010910034
Norway,NOR,1999,6.96224021911621
Norway,NOR,1998,7.35761022567749
Norway,NOR,1997,7.30343008041382
Norway,NOR,1996,7.13806009292603
Norway,NOR,1995,7.69568014144897
Norway,NOR,1994,7.83044004440308
Norway,NOR,1993,7.6766300201416
Norway,NOR,1992,6.63613986968994
Norway,NOR,1991,6.37321996688843
Norway,NOR,1990,6.31036996841431
Norway,NOR,1989,6.29984998703003
Norway,NOR,1988,5.86597013473511
Norway,NOR,1987,5.7880802154541
Norway,NOR,1986,5.53984022140503
Norway,NOR,1985,5.25567007064819
Norway,NOR,1984,5.42936992645264
Norway,NOR,1983,5.64629983901978
Norway,NOR,1982,5.6788501739502
Norway,NOR,1981,5.54364013671875
Norway,NOR,1980,5.78014993667603
Norway,NOR,1978,6.44437980651855
Norway,NOR,1977,5.97280979156494
Norway,NOR,1976,6.16359996795654
Norway,NOR,1975,5.55022001266479
Norway,NOR,1974,5.67365980148315
Norway,NOR,1973,5.89171981811523
Norway,NOR,1972,5.90405988693237
Oman,OMN,2022,4.38311004638672
Oman,OMN,2020,6.87768983840942
Oman,OMN,2019,5.06363010406494
Oman,OMN,2018,4.58565998077393
Oman,OMN,2017,5.99594020843506
Oman,OMN,2013,4.35383987426758
Oman,OMN,2009,3.6541600227356
Oman,OMN,2006,3.37333011627197
Oman,OMN,2005,3.07889008522034
Oman,OMN,2004,3.5151801109314
Oman,OMN,2003,3.40857005119324
Oman,OMN,2002,3.77700996398926
Oman,OMN,2001,3.52175998687744
Oman,OMN,2000,2.8045699596405
Oman,OMN,1999,3.52912998199463
Oman,OMN,1998,3.61026000976562
Oman,OMN,1997,2.94700002670288
Oman,OMN,1996,2.79576992988586
Oman,OMN,1995,2.99651002883911
Oman,OMN,1994,3.0239999294281
Oman,OMN,1993,3.07992005348206
Oman,OMN,1992,2.74142003059387
Oman,OMN,1991,2.62321996688843
Oman,OMN,1990,2.49228000640869
Oman,OMN,1989,2.97824001312256
Oman,OMN,1988,3.38988995552063
Oman,OMN,1987,3.65626001358032
Oman,OMN,1986,3.79282999038696
Pakistan,PAK,2023,1.94658005237579
Pakistan,PAK,2022,1.97300945756988
Pakistan,PAK,2021,1.68746129213991
Pakistan,PAK,2020,2.05718240718423
Pakistan,PAK,2019,2.21492004394531
Pakistan,PAK,2018,2.33216949688293
Pakistan,PAK,2017,2.57617998123169
Pakistan,PAK,2016,2.66805005073547
Pakistan,PAK,2015,2.38609004020691
Pakistan,PAK,2014,2.2043399810791
Pakistan,PAK,2013,2.23698997497559
Pakistan,PAK,2012,1.97880005836487
Pakistan,PAK,2011,2.00100994110107
Pakistan,PAK,2010,2.05268001556396
Pakistan,PAK,2009,2.17916989326477
Pakistan,PAK,2008,2.27265000343323
Pakistan,PAK,2007,2.23465991020203
Pakistan,PAK,2006,1.98055994510651
Pakistan,PAK,2005,1.67058002948761
Pakistan,PAK,2004,1.44337999820709
Pakistan,PAK,2000,1.83782005310059
Pakistan,PAK,1999,2.61147999763489
Pakistan,PAK,1997,3.02230000495911
Pakistan,PAK,1996,2.81057000160217
Pakistan,PAK,1995,2.79531002044678
Pakistan,PAK,1994,2.58930993080139
Pakistan,PAK,1993,2.38643002510071
Pakistan,PAK,1992,2.54967999458313
Pakistan,PAK,1991,2.56676006317139
Pakistan,PAK,1990,2.51680994033814
Pakistan,PAK,1989,2.36382007598877
Pakistan,PAK,1987,2.97745990753174
Pakistan,PAK,1986,2.67812991142273
Pakistan,PAK,1985,2.43543004989624
Pakistan,PAK,1984,2.06984996795654
Pakistan,PAK,1983,1.99576997756958
Pakistan,PAK,1982,2.01366996765137
Pakistan,PAK,1981,1.97245001792908
Pakistan,PAK,1980,2.13094997406006
Pakistan,PAK,1979,2.19807004928589
Pakistan,PAK,1978,2.20418000221252
Pakistan,PAK,1977,2.14983010292053
Pakistan,PAK,1976,2.23794007301331
Pakistan,PAK,1975,1.98008000850677
Pakistan,PAK,1974,1.88065004348755
Pakistan,PAK,1973,1.83042001724243
Pakistan,PAK,1972,1.56881999969482
Pakistan,PAK,1971,1.65421998500824
Palau,PLW,2023,3.43726476321334
Palau,PLW,2022,3.57620133415525
Palau,PLW,2021,3.94417105804533
Palau,PLW,2020,3.47118076238812
Palau,PLW,2002,7.54601001739502
Palau,PLW,2001,7.58415985107422
Palau,PLW,2000,7.84434986114502
Panama,PAN,2023,2.47225999832153
Panama,PAN,2022,3.37781000137329
Panama,PAN,2021,3.71198010444641
Panama,PAN,2020,4.30487012863159
Panama,PAN,2019,3.28122011579173
Panama,PAN,2018,3.4524199962616
Panama,PAN,2017,3.37834000587463
Panama,PAN,2016,3.32278990745544
Panama,PAN,2015,3.26552009582519
Panama,PAN,2014,3.08107995986939
Panama,PAN,2011,3.07034993171692
Panama,PAN,2008,3.42529010772705
Panama,PAN,2004,3.55807995796204
Panama,PAN,2003,4.19644021987915
Panama,PAN,2002,4.2549901008606
Panama,PAN,2001,4.18935012817383
Panama,PAN,2000,4.89397001266479
Panama,PAN,1999,4.75114011764526
Panama,PAN,1997,4.08364009857178
Panama,PAN,1996,4.39390993118286
Panama,PAN,1995,3.94780993461609
Panama,PAN,1994,3.47054004669189
Panama,PAN,1987,3.87012004852295
Panama,PAN,1986,3.34574007987976
Panama,PAN,1985,3.52146005630493
Panama,PAN,1984,3.46870994567871
Panama,PAN,1983,3.55090999603271
Panama,PAN,1982,3.41850996017456
Panama,PAN,1981,3.43179988861084
Panama,PAN,1980,3.53567004203796
Panama,PAN,1979,3.64254999160767
Panama,PAN,1978,3.60597991943359
Panama,PAN,1977,4.28096008300781
Panama,PAN,1976,4.31272983551025
Panama,PAN,1975,4.15451002120972
Panama,PAN,1974,3.81979990005493
Panama,PAN,1973,3.48574995994568
Panama,PAN,1972,3.9828200340271
Panama,PAN,1971,3.35391998291016
Panama,PAN,1970,4.04328012466431
Papua New Guinea,PNG,2023,0.782122804685732
Papua New Guinea,PNG,2022,0.643376920751815
Papua New Guinea,PNG,2021,0.713984905932403
Papua New Guinea,PNG,2020,0.898018542083257
Papua New Guinea,PNG,2019,0.761761143914634
Papua New Guinea,PNG,2018,1.8748300075531
Papua New Guinea,PNG,2017,1.96493005752563
Papua New Guinea,PNG,2016,0.853806396301458
Papua New Guinea,PNG,2015,1.62515691017505
Papua New Guinea,PNG,1977,7.38970994949341
Papua New Guinea,PNG,1972,5.24715995788574
Paraguay,PRY,2024,3.53410005569458
Paraguay,PRY,2023,3.393709897995
Paraguay,PRY,2022,3.39619994163513
Paraguay,PRY,2021,3.41070008277893
Paraguay,PRY,2020,3.93615007400513
Paraguay,PRY,2019,3.48983027194334
Paraguay,PRY,2018,3.2961960606943
Paraguay,PRY,2017,3.09062070242279
Paraguay,PRY,2016,3.43498992919922
Paraguay,PRY,2015,3.33377822870463
Paraguay,PRY,2014,2.59655894629063
Paraguay,PRY,2013,2.67871193892232
Paraguay,PRY,2012,3.66877007484436
Paraguay,PRY,2011,3.69283008575439
Paraguay,PRY,2010,2.7707200050354
Paraguay,PRY,2007,2.73951005935669
Paraguay,PRY,2004,2.86989998817444
Paraguay,PRY,2003,3.3827600479126
Paraguay,PRY,2002,3.40773010253906
Paraguay,PRY,2001,3.8335599899292
Paraguay,PRY,2000,4.2302098274231
Paraguay,PRY,1999,4.23087978363037
Paraguay,PRY,1998,4.19833993911743
Paraguay,PRY,1990,1.04070997238159
Paraguay,PRY,1985,1.39584004878998
Paraguay,PRY,1971,2.26543998718262
Paraguay,PRY,1970,2.10519003868103
Peru,PER,2024,4.35778999328613
Peru,PER,2023,4.24538993835449
Peru,PER,2022,3.83975005149841
Peru,PER,2021,3.92765998840332
Peru,PER,2020,4.25937986373901
Peru,PER,2019,3.822429895401
Peru,PER,2018,3.71392011642456
Peru,PER,2017,3.93130993843079
Peru,PER,2016,3.81316995620727
Peru,PER,2015,3.96933007240295
Peru,PER,2014,3.69599008560181
Peru,PER,2013,3.29729008674622
Peru,PER,2012,2.92276000976562
Peru,PER,2011,2.6635000705719
Peru,PER,2010,2.86730003356934
Peru,PER,2009,3.13994002342224
Peru,PER,2008,2.8677499294281
Peru,PER,2007,2.62940001487732
Peru,PER,2006,2.65281009674072
Peru,PER,2005,2.83903002738953
Peru,PER,2004,2.95787000656128
Peru,PER,2003,2.93779993057251
Peru,PER,2002,2.82056999206543
Peru,PER,2001,3.03712010383606
Peru,PER,2000,3.22802996635437
Peru,PER,1999,3.44133996963501
Peru,PER,1998,3.27817988395691
Peru,PER,1996,3.11879992485046
Peru,PER,1973,3.39172005653381
Philippines,PHL,2025,3.96922646675346
Philippines,PHL,2024,3.92501087473821
Philippines,PHL,2023,3.6236863467978
Philippines,PHL,2022,3.57960089528426
Philippines,PHL,2021,3.87249754784633
Philippines,PHL,2020,3.85829051308063
Philippines,PHL,2019,3.40748649142134
Philippines,PHL,2018,3.85502760745456
Philippines,PHL,2017,3.96384087403915
Philippines,PHL,2016,3.30128109042443
Philippines,PHL,2015,2.83052303785203
Philippines,PHL,2014,2.66454238129968
Philippines,PHL,2009,2.53777003288269
Philippines,PHL,2008,2.58282995223999
Philippines,PHL,2007,2.48518991470337
Philippines,PHL,2006,2.42579007148743
Philippines,PHL,2005,2.32806992530823
Philippines,PHL,2004,2.46983003616333
Philippines,PHL,2003,2.93517994880676
Philippines,PHL,2002,2.89222002029419
Philippines,PHL,2001,2.92463994026184
Philippines,PHL,2000,3.16440010070801
Philippines,PHL,1998,3.69745993614197
Philippines,PHL,1997,3.07755994796753
Philippines,PHL,1996,2.94357991218567
Philippines,PHL,1995,2.66400003433227
Philippines,PHL,1986,1.51701998710632
Philippines,PHL,1983,1.483029961586
Philippines,PHL,1982,1.82588994503021
Philippines,PHL,1980,1.51271998882294
Poland,POL,2022,4.31372976303101
Poland,POL,2021,4.61998987197876
Poland,POL,2020,4.80081987380981
Poland,POL,2019,4.62736988067627
Poland,POL,2018,4.55985021591187
Poland,POL,2017,4.54246997833252
Poland,POL,2016,4.62726020812988
Poland,POL,2015,4.78748989105225
Poland,POL,2014,4.93858003616333
Poland,POL,2013,4.99779987335205
Poland,POL,2012,4.83311986923218
Poland,POL,2011,4.82901000976562
Poland,POL,2010,5.08126020431519
Poland,POL,2009,4.97665977478027
Poland,POL,2008,5.02344989776611
Poland,POL,2007,4.86086988449097
Poland,POL,2006,5.18848991394043
Poland,POL,2005,5.41065979003906
Poland,POL,2004,5.33129978179932
Poland,POL,2003,5.30664014816284
Poland,POL,2002,5.37052011489868
Poland,POL,2001,5.29358005523682
Poland,POL,2000,4.96281003952026
Poland,POL,1999,4.57368993759155
Poland,POL,1998,4.92518997192383
Poland,POL,1996,6.23327016830444
Poland,POL,1995,4.31374979019165
Poland,POL,1993,4.1827597618103
Poland,POL,1992,4.1879301071167
Poland,POL,1991,3.89144992828369
Portugal,PRT,2022,4.55160999298096
Portugal,PRT,2021,4.77341985702515
Portugal,PRT,2020,4.86407995223999
Portugal,PRT,2019,4.6275200843811
Portugal,PRT,2018,4.6793999671936
Portugal,PRT,2017,5.02685022354126
Portugal,PRT,2015,4.89425992965698
Portugal,PRT,2014,5.12005996704102
Portugal,PRT,2013,5.26528978347778
Portugal,PRT,2012,4.94226980209351
Portugal,PRT,2011,5.11688995361328
Portugal,PRT,2010,5.40499019622803
Portugal,PRT,2009,5.56315994262695
Portugal,PRT,2008,4.69608020782471
Portugal,PRT,2007,4.92149019241333
Portugal,PRT,2006,4.90769004821777
Portugal,PRT,2005,5.07393980026245
Portugal,PRT,2004,5.04640007019043
Portugal,PRT,2003,5.28152990341187
Portugal,PRT,2002,5.25872993469238
Portugal,PRT,2001,5.33713006973267
Portugal,PRT,2000,5.16386985778809
Portugal,PRT,1999,5.04687023162842
Portugal,PRT,1996,5.065110206604
Portugal,PRT,1995,4.61330986022949
Portugal,PRT,1994,4.67129993438721
Portugal,PRT,1993,4.84095001220703
Portugal,PRT,1992,4.33747005462646
Portugal,PRT,1991,4.0713300704956
Portugal,PRT,1990,3.56972002983093
Portugal,PRT,1989,3.47523999214172
Portugal,PRT,1988,3.38753008842468
Portugal,PRT,1987,3.15797996520996
Portugal,PRT,1986,3.04924988746643
Portugal,PRT,1985,3.26249003410339
Portugal,PRT,1984,3.14253997802734
Portugal,PRT,1983,3.23281002044678
Portugal,PRT,1982,3.32909989356995
Portugal,PRT,1981,3.18575000762939
Portugal,PRT,1980,3.06743001937866
Portugal,PRT,1979,2.69930005073547
Portugal,PRT,1978,2.90048003196716
Portugal,PRT,1976,3.07873010635376
Portugal,PRT,1975,3.06245994567871
Portugal,PRT,1974,1.93535995483398
Portugal,PRT,1973,1.63391995429993
Puerto Rico (US),PRI,2024,4.27101949674789
Puerto Rico (US),PRI,2023,4.26898753959873
Puerto Rico (US),PRI,2022,3.86129930773508
Puerto Rico (US),PRI,2021,3.7296700261025
Puerto Rico (US),PRI,2020,4.28663184360846
Puerto Rico (US),PRI,2019,3.32791002069889
Puerto Rico (US),PRI,2018,2.60388715714737
Puerto Rico (US),PRI,2017,2.72538873126429
Puerto Rico (US),PRI,2016,2.78358429967595
Puerto Rico (US),PRI,2015,3.34032241682023
Puerto Rico (US),PRI,2014,6.07265996932983
Puerto Rico (US),PRI,2013,6.48106002807617
Puerto Rico (US),PRI,1978,6.68102979660034
Puerto Rico (US),PRI,1977,6.38756990432739
Puerto Rico (US),PRI,1976,7.14049005508423
Puerto Rico (US),PRI,1975,6.22974014282227
Puerto Rico (US),PRI,1974,7.28690004348755
Puerto Rico (US),PRI,1973,6.47992992401123
Puerto Rico (US),PRI,1972,7.21458005905151
Puerto Rico (US),PRI,1971,7.2505202293396
Qatar,QAT,2020,3.23368000984192
Qatar,QAT,2019,2.80378007888794
Qatar,QAT,2017,2.96745991706848
Qatar,QAT,2014,3.60535001754761
Qatar,QAT,2013,4.07384014129639
Qatar,QAT,2012,3.50744009017944
Qatar,QAT,2011,4.01223993301392
Qatar,QAT,2010,4.53965997695923
Qatar,QAT,2009,3.41315007209778
Qatar,QAT,2008,4.22755002975464
Qatar,QAT,2005,3.97187995910644
Qatar,QAT,2004,3.46258997917175
Qatar,QAT,2003,3.37393999099731
Qatar,QAT,2002,3.84656000137329
Qatar,QAT,2001,3.20019006729126
Qatar,QAT,2000,3.72598004341125
Qatar,QAT,1999,4.34530019760132
Qatar,QAT,1998,3.57767009735107
Qatar,QAT,1978,2.77696990966797
Qatar,QAT,1977,1.97005999088287
Qatar,QAT,1976,1.74697005748749
Qatar,QAT,1973,2.86783003807068
Qatar,QAT,1972,2.69144010543823
Qatar,QAT,1971,3.00027990341186
Romania,ROU,2022,3.2788200378418
Romania,ROU,2021,3.31562995910644
Romania,ROU,2020,3.57968997955322
Romania,ROU,2019,3.55761003494263
Romania,ROU,2018,3.31710004806519
Romania,ROU,2017,3.11819005012512
Romania,ROU,2016,3.0255401134491
Romania,ROU,2015,3.10693001747131
Romania,ROU,2014,3.12494993209839
Romania,ROU,2013,3.06785011291504
Romania,ROU,2012,2.8234601020813
Romania,ROU,2011,2.91359996795654
Romania,ROU,2010,3.41647005081177
Romania,ROU,2009,4.00193023681641
Romania,ROU,2008,4.09722995758057
Romania,ROU,2007,4.14953994750977
Romania,ROU,2006,4.30650997161865
Romania,ROU,2005,3.50038003921509
Romania,ROU,2004,3.31273007392883
Romania,ROU,2003,3.54397010803223
Romania,ROU,2002,3.50411009788513
Romania,ROU,2001,3.26629996299744
Romania,ROU,2000,2.86862993240356
Romania,ROU,1996,3.24121999740601
Russian Federation,RUS,2023,4.16454853394225
Russian Federation,RUS,2022,4.05402755323777
Russian Federation,RUS,2021,3.99480697864774
Russian Federation,RUS,2020,4.01641864383637
Russian Federation,RUS,2019,3.69561429198336
Russian Federation,RUS,2018,4.67819023132324
Russian Federation,RUS,2017,4.68990993499756
Russian Federation,RUS,2016,3.76044011116028
Russian Federation,RUS,2015,3.83402991294861
Russian Federation,RUS,2014,4.01387977600098
Russian Federation,RUS,2013,3.76382994651794
Russian Federation,RUS,2012,3.79310011863708
Russian Federation,RUS,2011,3.71261270253186
Russian Federation,RUS,2010,4.08974230526824
Russian Federation,RUS,2008,4.10174989700317
Russian Federation,RUS,2006,3.86626005172729
Russian Federation,RUS,2005,3.77192997932434
Russian Federation,RUS,2004,3.54785990715027
Russian Federation,RUS,2003,3.67855000495911
Russian Federation,RUS,2002,3.83502006530762
Russian Federation,RUS,2001,3.10601997375488
Russian Federation,RUS,2000,2.93979001045227
Rwanda,RWA,2024,4.61476993560791
Rwanda,RWA,2023,4.92002010345459
Rwanda,RWA,2022,4.74213981628418
Rwanda,RWA,2021,5.58984994888306
Rwanda,RWA,2020,3.33309745728459
Rwanda,RWA,2019,3.23821222605582
Rwanda,RWA,2018,3.07376003265381
Rwanda,RWA,2017,3.1247398853302
Rwanda,RWA,2016,3.43482995033264
Rwanda,RWA,2015,3.64713001251221
Rwanda,RWA,2014,4.19644021987915
Rwanda,RWA,2013,4.7421498298645
Rwanda,RWA,2012,4.42103004455566
Rwanda,RWA,2011,4.38346004486084
Rwanda,RWA,2010,4.63126993179321
Rwanda,RWA,2008,3.50215005874634
Rwanda,RWA,2007,3.98502993583679
Rwanda,RWA,2001,4.82501983642578
Rwanda,RWA,2000,3.43418002128601
Rwanda,RWA,1999,3.857990026474
Rwanda,RWA,1989,3.7466299533844
Rwanda,RWA,1988,3.33534002304077
Rwanda,RWA,1987,3.50577998161316
Rwanda,RWA,1981,4.39297008514404
Rwanda,RWA,1980,2.66633009910583
Rwanda,RWA,1979,2.44127988815308
Rwanda,RWA,1978,2.23247003555298
Rwanda,RWA,1977,2.15020990371704
Samoa,WSM,2024,5.45616637544294
Samoa,WSM,2023,6.1096302676416
Samoa,WSM,2022,6.15978780645853
Samoa,WSM,2021,5.2162847162306
Samoa,WSM,2020,4.50316850152178
Samoa,WSM,2019,4.58404753905646
Samoa,WSM,2018,4.47214854040471
Samoa,WSM,2017,4.18871569584785
Samoa,WSM,2016,3.98114991188049
Samoa,WSM,2015,4.42452121728174
Samoa,WSM,2014,5.41392159958726
Samoa,WSM,2013,4.61486064947671
Samoa,WSM,2012,4.89170722777607
Samoa,WSM,2011,4.77426341839114
Samoa,WSM,2008,5.11659002304077
Samoa,WSM,2002,3.93932008743286
Samoa,WSM,2001,3.97652006149292
Samoa,WSM,2000,3.63095998764038
Samoa,WSM,1999,4.0162501335144
San Marino,SMR,2022,2.89753007888794
San Marino,SMR,2021,3.10892009735107
San Marino,SMR,2020,3.4246199131012
San Marino,SMR,2019,3.37969994544983
San Marino,SMR,2018,3.55516004562378
San Marino,SMR,2017,3.36997008323669
San Marino,SMR,2016,3.02697977142855
San Marino,SMR,2015,3.11914279579368
San Marino,SMR,2014,3.19357628015873
San Marino,SMR,2013,3.26723534651899
San Marino,SMR,2011,2.70296001434326
San Marino,SMR,2010,2.62883996963501
Sao Tome and Principe,STP,2023,5.0288576428727
Sao Tome and Principe,STP,2022,5.19392101712613
Sao Tome and Principe,STP,2021,5.53985041124283
Sao Tome and Principe,STP,2020,5.02931173372591
Sao Tome and Principe,STP,2019,6.10573891896978
Sao Tome and Principe,STP,2018,5.62454986572266
Sao Tome and Principe,STP,2017,5.87489986419678
Sao Tome and Principe,STP,2016,6.11515998840332
Sao Tome and Principe,STP,2015,4.69794988632202
Sao Tome and Principe,STP,2014,4.4321699142456
Sao Tome and Principe,STP,2013,6.68509006500244
Sao Tome and Principe,STP,2012,6.92846012115479
Sao Tome and Principe,STP,2011,8.79410245042467
Sao Tome and Principe,STP,2010,9.9882698059082
Sao Tome and Principe,STP,2009,9.99429035186768
Sao Tome and Principe,STP,2008,5.5544900894165
Sao Tome and Principe,STP,2007,6.28682994842529
Sao Tome and Principe,STP,2006,4.27118015289307
Sao Tome and Principe,STP,2005,4.85645008087158
Sao Tome and Principe,STP,2004,3.23470997810364
Sao Tome and Principe,STP,2003,3.24692988395691
Sao Tome and Principe,STP,2002,2.72058010101318
Saudi Arabia,SAU,2023,4.48087978363037
Saudi Arabia,SAU,2008,5.13781023025513
Saudi Arabia,SAU,2006,5.89117002487183
Saudi Arabia,SAU,2005,5.43093013763428
Saudi Arabia,SAU,2004,6.27747011184692
Saudi Arabia,SAU,2003,7.10509014129639
Saudi Arabia,SAU,2002,7.63688993453979
Saudi Arabia,SAU,2001,7.71887016296387
Saudi Arabia,SAU,2000,5.90982007980347
Saudi Arabia,SAU,1999,7.07226991653442
Saudi Arabia,SAU,1998,8.28131008148193
Saudi Arabia,SAU,1997,4.37706995010376
Saudi Arabia,SAU,1996,4.94373989105225
Saudi Arabia,SAU,1995,5.69247007369995
Saudi Arabia,SAU,1994,6.34382009506226
Saudi Arabia,SAU,1993,5.99928998947144
Saudi Arabia,SAU,1992,5.14463996887207
Saudi Arabia,SAU,1991,5.77946996688843
Saudi Arabia,SAU,1986,6.25535011291504
Saudi Arabia,SAU,1984,6.10957002639771
Saudi Arabia,SAU,1983,5.97797012329102
Saudi Arabia,SAU,1982,4.14254999160767
Saudi Arabia,SAU,1981,3.89024996757507
Senegal,SEN,2023,6.16277045366329
Senegal,SEN,2022,5.95222997665405
Senegal,SEN,2021,5.61201000213623
Senegal,SEN,2020,5.6869797706604
Senegal,SEN,2019,5.03525018692017
Senegal,SEN,2018,5.11019992828369
Senegal,SEN,2017,4.74007987976074
Senegal,SEN,2016,5.11309003829956
Senegal,SEN,2015,5.45634984970093
Senegal,SEN,2014,5.72907018661499
Senegal,SEN,2013,5.68656015396118
Senegal,SEN,2012,4.77698993682861
Senegal,SEN,2011,4.90302991867065
Senegal,SEN,2010,0.544770002365112
Senegal,SEN,2009,4.92072010040283
Senegal,SEN,2008,4.02568006515503
Senegal,SEN,2006,3.82138991355896
Senegal,SEN,2005,4.06443023681641
Senegal,SEN,2004,3.07778000831604
Senegal,SEN,2003,2.75125002861023
Senegal,SEN,2002,2.59441995620727
Senegal,SEN,2001,2.47150993347168
Senegal,SEN,2000,2.46335005760193
Senegal,SEN,1999,2.45981001853943
Senegal,SEN,1998,2.47458004951477
Serbia,SRB,2023,3.40377998352051
Serbia,SRB,2022,3.08255004882812
Serbia,SRB,2021,3.14615988731384
Serbia,SRB,2019,3.45865988731384
Serbia,SRB,2018,3.43663001060486
Serbia,SRB,2017,3.56539011001587
Serbia,SRB,2016,3.50275993347168
Serbia,SRB,2011,4.0735502243042
Serbia,SRB,2009,4.3127498626709
Serbia,SRB,2007,4.04881000518799
Seychelles,SYC,2023,4.45409960547034
Seychelles,SYC,2022,3.65858904774836
Seychelles,SYC,2021,4.86547351368626
Seychelles,SYC,2020,4.18704837049316
Seychelles,SYC,2019,3.5588555711461
Seychelles,SYC,2018,3.59446940668662
Seychelles,SYC,2017,3.34617325657655
Seychelles,SYC,2016,4.0213098526001
Seychelles,SYC,2015,4.91460990905762
Seychelles,SYC,2014,3.95247006416321
Seychelles,SYC,2013,3.61840009689331
Seychelles,SYC,2012,2.54216003417969
Seychelles,SYC,2011,3.62995004653931
Seychelles,SYC,2006,4.48331022262573
Seychelles,SYC,2003,5.05177021026611
Seychelles,SYC,2002,4.88109016418457
Seychelles,SYC,1999,4.94468021392822
Seychelles,SYC,1998,5.63179016113281
Seychelles,SYC,1996,7.31149005889893
Seychelles,SYC,1995,7.24050998687744
Seychelles,SYC,1994,8.47928047180176
Seychelles,SYC,1989,7.73472023010254
Seychelles,SYC,1988,7.79334020614624
Seychelles,SYC,1986,9.12957000732422
Seychelles,SYC,1985,9.61779022216797
Seychelles,SYC,1984,11.3056898117065
Seychelles,SYC,1976,4.7459602355957
Seychelles,SYC,1975,4.34501981735229
Seychelles,SYC,1974,4.28332996368408
Seychelles,SYC,1972,4.24694013595581
Seychelles,SYC,1971,4.06639003753662
Seychelles,SYC,1970,4.18847990036011
Sierra Leone,SLE,2023,2.62455277942046
Sierra Leone,SLE,2022,4.90762996673584
Sierra Leone,SLE,2021,5.59322023391724
Sierra Leone,SLE,2020,5.34702014923096
Sierra Leone,SLE,2019,4.65177011489868
Sierra Leone,SLE,2018,4.46809005737305
Sierra Leone,SLE,2017,3.0150101184845
Sierra Leone,SLE,2016,1.84832000732422
Sierra Leone,SLE,2015,3.21786273563993
Sierra Leone,SLE,2014,1.73754000663757
Sierra Leone,SLE,2013,1.56069004535675
Sierra Leone,SLE,2012,1.77787005901337
Sierra Leone,SLE,2011,1.61538004875183
Sierra Leone,SLE,2010,1.56553995609283
Sierra Leone,SLE,2009,1.72441005706787
Sierra Leone,SLE,2008,1.4541300535202
Sierra Leone,SLE,2007,1.52012002468109
Sierra Leone,SLE,2005,1.81370997428894
Sierra Leone,SLE,2004,2.01167011260986
Sierra Leone,SLE,2003,2.10887002944946
Sierra Leone,SLE,2002,2.29766988754273
Sierra Leone,SLE,2001,2.22618007659912
Sierra Leone,SLE,2000,4.94936990737915
Singapore,SGP,2024,2.19099857819757
Singapore,SGP,2023,2.1037700176239
Singapore,SGP,2022,2.47478008270264
Singapore,SGP,2021,2.82732009887695
Singapore,SGP,2020,2.69227004051208
Singapore,SGP,2019,2.72783994674683
Singapore,SGP,2018,2.85314011573792
Singapore,SGP,2017,2.87916382421742
Singapore,SGP,2016,2.94466258946576
Singapore,SGP,2015,2.99161870509909
Singapore,SGP,2014,3.01358665503678
Singapore,SGP,2013,2.85435009002686
Singapore,SGP,2012,3.07084989547729
Singapore,SGP,2011,3.03077006340027
Singapore,SGP,2010,3.08044004440308
Singapore,SGP,2009,3.01012992858887
Singapore,SGP,2008,2.76460003852844
Singapore,SGP,2007,2.94673991203308
Singapore,SGP,2006,2.85911989212036
Singapore,SGP,2005,3.19596004486084
Singapore,SGP,2004,3.65276002883911
Singapore,SGP,2003,3.98194003105164
Singapore,SGP,2002,3.87852001190186
Singapore,SGP,2001,3.54250001907349
Singapore,SGP,2000,3.32129001617432
Singapore,SGP,1988,3.65207004547119
Singapore,SGP,1983,3.94772005081177
Singapore,SGP,1982,3.26776003837585
Singapore,SGP,1981,2.58365988731384
Singapore,SGP,1980,2.55966997146606
Singapore,SGP,1979,2.24924993515015
Singapore,SGP,1978,2.29099988937378
Singapore,SGP,1977,2.4507999420166
Singapore,SGP,1976,2.69238996505737
Singapore,SGP,1975,2.43949007987976
Singapore,SGP,1974,2.38852000236511
Singapore,SGP,1973,2.48882007598877
Singapore,SGP,1972,2.86826992034912
Singapore,SGP,1971,3.10976004600525
Sint Maarten (Dutch part),SXM,2023,3.92363832601723
Sint Maarten (Dutch part),SXM,2022,4.27420508508285
Sint Maarten (Dutch part),SXM,2014,3.06759489680727
Sint Maarten (Dutch part),SXM,2012,4.61834872782909
Slovak Republic,SVK,2022,4.65688991546631
Slovak Republic,SVK,2021,4.71766996383667
Slovak Republic,SVK,2020,4.720290184021
Slovak Republic,SVK,2019,4.26779985427856
Slovak Republic,SVK,2018,3.93534994125366
Slovak Republic,SVK,2017,3.91876006126404
Slovak Republic,SVK,2016,3.88375997543335
Slovak Republic,SVK,2015,4.56416988372803
Slovak Republic,SVK,2014,4.20446014404297
Slovak Republic,SVK,2013,4.06078004837036
Slovak Republic,SVK,2012,3.85490989685059
Slovak Republic,SVK,2011,3.90686988830566
Slovak Republic,SVK,2010,4.04704999923706
Slovak Republic,SVK,2009,4.00893020629883
Slovak Republic,SVK,2008,3.52339005470276
Slovak Republic,SVK,2007,3.52223992347717
Slovak Republic,SVK,2006,3.70850992202759
Slovak Republic,SVK,2005,3.77565002441406
Slovak Republic,SVK,2004,4.11747980117798
Slovak Republic,SVK,2003,4.23699998855591
Slovak Republic,SVK,2002,4.25193023681641
Slovak Republic,SVK,2001,3.94236993789673
Slovak Republic,SVK,2000,3.86823010444641
Slovak Republic,SVK,1999,4.10291004180908
Slovak Republic,SVK,1997,4.10179996490479
Slovak Republic,SVK,1996,4.08450984954834
Slovak Republic,SVK,1995,4.24178981781006
Slovak Republic,SVK,1994,3.66429996490479
Slovak Republic,SVK,1993,4.3918399810791
Slovak Republic,SVK,1992,5.28739976882935
Slovenia,SVN,2022,5.28065013885498
Slovenia,SVN,2021,5.39167022705078
Slovenia,SVN,2020,5.41901016235352
Slovenia,SVN,2019,4.93479013442993
Slovenia,SVN,2018,4.97948980331421
Slovenia,SVN,2017,4.82381010055542
Slovenia,SVN,2016,4.84419012069702
Slovenia,SVN,2015,4.95528984069824
Slovenia,SVN,2014,5.34328985214233
Slovenia,SVN,2013,5.46767997741699
Slovenia,SVN,2012,5.6702299118042
Slovenia,SVN,2011,5.58290004730225
Slovenia,SVN,2010,5.59362983703613
Slovenia,SVN,2009,5.62079000473022
Slovenia,SVN,2008,5.13438987731934
Slovenia,SVN,2007,5.13660001754761
Slovenia,SVN,2006,5.62207984924316
Slovenia,SVN,2005,5.64437007904053
Slovenia,SVN,2004,5.68693017959595
Slovenia,SVN,2003,5.75657987594604
Slovenia,SVN,2002,5.74013996124268
Slovenia,SVN,2001,5.81461000442505
Slovenia,SVN,1995,4.90210008621216
Slovenia,SVN,1994,4.69971990585327
Slovenia,SVN,1993,4.9570198059082
Slovenia,SVN,1992,4.72125005722046
Slovenia,SVN,1991,4.07291984558105
Solomon Islands,SLB,2023,8.29349080062944
Solomon Islands,SLB,2022,8.48737829731105
Solomon Islands,SLB,2021,8.33232704380039
Solomon Islands,SLB,2020,9.64354620369343
Solomon Islands,SLB,2010,7.47837018966675
Solomon Islands,SLB,2009,6.6585898399353
Solomon Islands,SLB,2008,6.89515018463135
Solomon Islands,SLB,2007,7.33327007293701
Solomon Islands,SLB,1998,2.31550002098083
Solomon Islands,SLB,1991,3.87719011306763
Solomon Islands,SLB,1971,3.40000009536743
"Somalia, Fed. Rep.",SOM,2023,8.14262404011e-06
"Somalia, Fed. Rep.",SOM,2022,7.21674775437e-06
"Somalia, Fed. Rep.",SOM,2021,6.75308344309e-06
"Somalia, Fed. Rep.",SOM,2020,6.12054361034e-06
"Somalia, Fed. Rep.",SOM,2019,5.73281247182e-06
"Somalia, Fed. Rep.",SOM,2018,4.00990834307e-06
"Somalia, Fed. Rep.",SOM,1973,1.33887994289398
"Somalia, Fed. Rep.",SOM,1972,1.10283994674683
South Africa,ZAF,2024,6.02110004425049
South Africa,ZAF,2023,6.12347984313965
South Africa,ZAF,2022,6.15599012374878
South Africa,ZAF,2021,6.5551700592041
South Africa,ZAF,2020,6.17067003250122
South Africa,ZAF,2019,5.91159009933472
South Africa,ZAF,2018,5.64401006698608
South Africa,ZAF,2017,5.59868001937866
South Africa,ZAF,2016,5.4442400932312
South Africa,ZAF,2015,5.48285007476807
South Africa,ZAF,2014,5.48977994918823
South Africa,ZAF,2013,5.35070991516113
South Africa,ZAF,2012,5.52322006225586
South Africa,ZAF,2011,5.28899002075195
South Africa,ZAF,2010,5.13496017456055
South Africa,ZAF,2009,4.76118993759155
South Africa,ZAF,2008,4.37424993515015
South Africa,ZAF,2007,4.44668006896973
South Africa,ZAF,2006,4.52652978897095
South Africa,ZAF,2005,4.5245099067688
South Africa,ZAF,2004,4.50897979736328
South Africa,ZAF,2003,4.35209989547729
South Africa,ZAF,2002,4.54569005966187
South Africa,ZAF,2001,4.63617992401123
South Africa,ZAF,2000,4.90882015228271
South Africa,ZAF,1999,5.29117012023926
South Africa,ZAF,1996,5.04734992980957
South Africa,ZAF,1994,5.29778003692627
South Africa,ZAF,1993,5.38889980316162
South Africa,ZAF,1991,5.25961017608643
South Africa,ZAF,1990,4.69767999649048
South Africa,ZAF,1989,4.44185018539429
South Africa,ZAF,1988,4.85423994064331
South Africa,ZAF,1987,4.75367021560669
South Sudan,SSD,2016,1.56539228959694
South Sudan,SSD,2015,1.46555995941162
South Sudan,SSD,2014,1.23246002197266
South Sudan,SSD,2013,1.02450001239777
South Sudan,SSD,2012,1.57674938085481
South Sudan,SSD,2011,0.962890028953552
South Sudan,SSD,2010,1.04533007934585
Spain,ESP,2022,4.58553981781006
Spain,ESP,2021,4.81316995620728
Spain,ESP,2020,4.85118007659912
Spain,ESP,2019,4.20255994796753
Spain,ESP,2018,4.15045022964478
Spain,ESP,2017,4.17846012115479
Spain,ESP,2016,4.19327020645142
Spain,ESP,2015,4.24903011322021
Spain,ESP,2014,4.27524995803833
Spain,ESP,2013,4.32852983474731
Spain,ESP,2012,4.46012020111084
Spain,ESP,2011,4.71897983551025
Spain,ESP,2010,4.83606004714966
Spain,ESP,2009,4.89520978927612
Spain,ESP,2008,4.51630020141602
Spain,ESP,2007,4.24615001678467
Spain,ESP,2006,4.17999982833862
Spain,ESP,2005,4.14090013504028
Spain,ESP,2004,4.15485000610352
Spain,ESP,2003,4.17126989364624
Spain,ESP,2002,4.13351011276245
Spain,ESP,2001,4.11147022247315
Spain,ESP,2000,4.16786003112793
Spain,ESP,1999,4.26387977600098
Spain,ESP,1998,4.29121017456055
Spain,ESP,1996,4.45979976654053
Spain,ESP,1995,4.43779993057251
Spain,ESP,1994,4.48788022994995
Spain,ESP,1993,4.24793004989624
Spain,ESP,1992,3.83991003036499
Spain,ESP,1991,3.74501991271973
Spain,ESP,1990,3.63618993759155
Spain,ESP,1989,3.55431008338928
Spain,ESP,1988,3.33067989349365
Spain,ESP,1987,3.13040995597839
Spain,ESP,1979,2.33973002433777
Spain,ESP,1978,2.23232007026672
Spain,ESP,1977,2.07864999771118
Spain,ESP,1976,1.900750041008
Spain,ESP,1974,1.46060001850128
Spain,ESP,1972,2.0661199092865
Spain,ESP,1971,1.89063000679016
Spain,ESP,1970,1.83431994915009
Sri Lanka,LKA,2023,1.82774571561927
Sri Lanka,LKA,2022,1.20397218661186
Sri Lanka,LKA,2021,1.50650579603928
Sri Lanka,LKA,2020,1.55792392223723
Sri Lanka,LKA,2018,1.98781001567841
Sri Lanka,LKA,2017,2.59316992759705
Sri Lanka,LKA,2016,3.22929000854492
Sri Lanka,LKA,2015,2.10998010635376
Sri Lanka,LKA,2014,1.85859000682831
Sri Lanka,LKA,2013,1.5645899772644
Sri Lanka,LKA,2012,1.45343005657196
Sri Lanka,LKA,2011,1.74292004108429
Sri Lanka,LKA,2010,1.66176998615265
Sri Lanka,LKA,2009,2.05590009689331
Sri Lanka,LKA,1998,3.05140995979309
Sri Lanka,LKA,1996,3.34360003471375
Sri Lanka,LKA,1995,2.95760011672974
Sri Lanka,LKA,1994,3.10853004455566
Sri Lanka,LKA,1991,2.91558003425598
Sri Lanka,LKA,1990,2.41092991828919
Sri Lanka,LKA,1989,2.7551600933075
Sri Lanka,LKA,1988,2.82635998725891
Sri Lanka,LKA,1987,2.64433002471924
Sri Lanka,LKA,1986,2.805419921875
Sri Lanka,LKA,1985,2.5761399269104
Sri Lanka,LKA,1984,2.16526007652283
Sri Lanka,LKA,1983,2.39060997962952
Sri Lanka,LKA,1982,2.55850005149841
Sri Lanka,LKA,1981,2.44220995903015
Sri Lanka,LKA,1980,2.7041699886322
Sri Lanka,LKA,1979,2.56743001937866
Sri Lanka,LKA,1975,2.74454998970032
Sri Lanka,LKA,1973,3.31640005111694
St. Kitts and Nevis,KNA,2023,3.49726171629099
St. Kitts and Nevis,KNA,2022,3.5579615526858
St. Kitts and Nevis,KNA,2021,2.78379011154175
St. Kitts and Nevis,KNA,2020,3.10568635584663
St. Kitts and Nevis,KNA,2019,2.72889566429639
St. Kitts and Nevis,KNA,2018,3.03524983830349
St. Kitts and Nevis,KNA,2017,2.77100327979144
St. Kitts and Nevis,KNA,2016,3.00076147453842
St. Kitts and Nevis,KNA,2015,2.54938006401062
St. Kitts and Nevis,KNA,2014,2.85307503792741
St. Kitts and Nevis,KNA,2013,3.26205857202123
St. Kitts and Nevis,KNA,2012,2.49200145387318
St. Kitts and Nevis,KNA,2011,2.49706527276352
St. Kitts and Nevis,KNA,2010,2.54554015619203
St. Kitts and Nevis,KNA,2007,4.1938099861145
St. Kitts and Nevis,KNA,2006,4.05925989151001
St. Kitts and Nevis,KNA,2005,3.83144998550415
St. Kitts and Nevis,KNA,2004,3.9713499546051
St. Kitts and Nevis,KNA,2003,3.79099011421204
St. Kitts and Nevis,KNA,2002,3.92051005363464
St. Kitts and Nevis,KNA,2001,4.4215497970581
St. Kitts and Nevis,KNA,2000,4.74038982391357
St. Kitts and Nevis,KNA,1999,3.32266998291016
St. Kitts and Nevis,KNA,1998,4.02056980133057
St. Kitts and Nevis,KNA,1995,2.57641005516052
St. Kitts and Nevis,KNA,1992,2.30386996269226
St. Kitts and Nevis,KNA,1991,1.99845004081726
St. Kitts and Nevis,KNA,1989,2.19795989990234
St. Kitts and Nevis,KNA,1987,2.64112997055054
St. Kitts and Nevis,KNA,1985,3.96502995491028
St. Lucia,LCA,2024,3.84700018653403
St. Lucia,LCA,2023,2.74211001396179
St. Lucia,LCA,2022,4.64235019683838
St. Lucia,LCA,2021,5.86197746335882
St. Lucia,LCA,2020,3.61522006988525
St. Lucia,LCA,2019,3.27267003059387
St. Lucia,LCA,2018,3.33277988433838
St. Lucia,LCA,2017,3.6273152206015
St. Lucia,LCA,2016,5.20954990386963
St. Lucia,LCA,2015,3.88088011741638
St. Lucia,LCA,2014,3.89103007316589
St. Lucia,LCA,2013,3.87661004066467
St. Lucia,LCA,2012,3.29098010063171
St. Lucia,LCA,2011,3.5988199710846
St. Lucia,LCA,2010,3.4828999042511
St. Lucia,LCA,2009,3.0676600933075
St. Lucia,LCA,2008,4.48353004455566
St. Lucia,LCA,2006,4.69669008255005
St. Lucia,LCA,2005,4.23895978927612
St. Lucia,LCA,2004,3.43646001815796
St. Lucia,LCA,2003,3.53449010848999
St. Lucia,LCA,2001,5.70733022689819
St. Lucia,LCA,1999,5.44994020462036
St. Lucia,LCA,1998,5.52894020080566
St. Lucia,LCA,1994,6.53238010406494
St. Lucia,LCA,1986,4.15467977523804
St. Lucia,LCA,1982,5.53879022598267
St. Vincent and the Grenadines,VCT,2023,6.4582691706334
St. Vincent and the Grenadines,VCT,2022,7.07575034584772
St. Vincent and the Grenadines,VCT,2020,5.46376310406546
St. Vincent and the Grenadines,VCT,2018,5.22357988357544
St. Vincent and the Grenadines,VCT,2017,5.37974977493286
St. Vincent and the Grenadines,VCT,2016,5.45265007019043
St. Vincent and the Grenadines,VCT,2015,4.95614634835429
St. Vincent and the Grenadines,VCT,2010,4.80839014053345
St. Vincent and the Grenadines,VCT,2009,5.3761100769043
St. Vincent and the Grenadines,VCT,2007,5.43937015533447
St. Vincent and the Grenadines,VCT,2005,6.03082990646362
St. Vincent and the Grenadines,VCT,2003,8.17488956451416
St. Vincent and the Grenadines,VCT,2002,7.38802003860474
St. Vincent and the Grenadines,VCT,2000,7.32787990570068
St. Vincent and the Grenadines,VCT,1999,5.75268983840942
St. Vincent and the Grenadines,VCT,1998,4.03337001800537
St. Vincent and the Grenadines,VCT,1991,4.87377023696899
St. Vincent and the Grenadines,VCT,1989,4.46868991851807
St. Vincent and the Grenadines,VCT,1986,4.42911005020142
Sudan,SDN,2009,2.02213001251221
Sudan,SDN,2008,1.85150003433227
Sudan,SDN,2006,1.55353999137878
Sudan,SDN,2005,1.17842996120453
Sudan,SDN,2004,1.31254994869232
Sudan,SDN,2002,1.16425001621246
Sudan,SDN,2000,1.01217997074127
Suriname,SUR,2023,2.86623341491363
Suriname,SUR,2022,3.43460841988051
Suriname,SUR,2021,4.13154972947739
Suriname,SUR,2020,4.58425708265782
Suriname,SUR,2019,6.77857289012664
Suriname,SUR,2018,4.92259355761269
Suriname,SUR,2017,5.45861311514349
Suriname,SUR,2016,5.64051904970974
Suriname,SUR,2015,5.53479610522553
Sweden,SWE,2022,7.31909990310669
Sweden,SWE,2021,7.60224008560181
Sweden,SWE,2020,7.95333003997803
Sweden,SWE,2019,7.66307020187378
Sweden,SWE,2018,7.69825983047485
Sweden,SWE,2017,7.63849020004272
Sweden,SWE,2016,7.63991022109985
Sweden,SWE,2015,7.49442005157471
Sweden,SWE,2014,7.62924003601074
Sweden,SWE,2013,7.6465802192688
Sweden,SWE,2012,7.57456016540527
Sweden,SWE,2011,6.40655994415283
Sweden,SWE,2010,6.56318998336792
Sweden,SWE,2009,6.78425979614258
Sweden,SWE,2008,6.38263988494873
Sweden,SWE,2007,6.18673992156982
Sweden,SWE,2006,6.37277984619141
Sweden,SWE,2005,6.51516008377075
Sweden,SWE,2004,6.6729998588562
Sweden,SWE,2003,6.79678010940552
Sweden,SWE,2002,6.91077995300293
Sweden,SWE,2001,6.61482000350952
Sweden,SWE,2000,6.7383599281311
Sweden,SWE,1999,6.84251022338867
Sweden,SWE,1998,7.05913019180298
Sweden,SWE,1996,6.833740234375
Sweden,SWE,1995,6.15396022796631
Sweden,SWE,1993,5.51494979858398
Sweden,SWE,1992,5.26608991622925
Sweden,SWE,1991,5.45164012908935
Sweden,SWE,1990,5.21969985961914
Sweden,SWE,1981,6.79096984863281
Sweden,SWE,1980,6.54646015167236
Sweden,SWE,1979,6.3815598487854
Switzerland,CHE,2022,4.86427021026611
Switzerland,CHE,2021,5.02535009384155
Switzerland,CHE,2020,5.27676010131836
Switzerland,CHE,2019,5.01438999176025
Switzerland,CHE,2018,4.9300799369812
Switzerland,CHE,2017,5.01765012741089
Switzerland,CHE,2016,4.98164987564087
Switzerland,CHE,2015,4.99560022354126
Switzerland,CHE,2014,4.93057012557983
Switzerland,CHE,2013,4.91392993927002
Switzerland,CHE,2012,4.89862012863159
Switzerland,CHE,2011,4.85663986206055
Switzerland,CHE,2010,4.80210018157959
Switzerland,CHE,2009,4.92561006546021
Switzerland,CHE,2008,4.75724983215332
Switzerland,CHE,2007,4.58396005630493
Switzerland,CHE,2006,4.84120988845825
Switzerland,CHE,2005,5.08472013473511
Switzerland,CHE,2004,5.3142900466919
Switzerland,CHE,2003,5.38400983810425
Switzerland,CHE,2002,5.17882013320923
Switzerland,CHE,2001,4.82218980789185
Switzerland,CHE,2000,4.65878009796143
Switzerland,CHE,1999,4.75953006744385
Switzerland,CHE,1998,4.75152015686035
Switzerland,CHE,1996,4.92260980606079
Switzerland,CHE,1995,4.9128999710083
Switzerland,CHE,1994,4.90888977050781
Switzerland,CHE,1993,4.94459009170532
Switzerland,CHE,1991,4.5450701713562
Switzerland,CHE,1990,4.39194011688232
Switzerland,CHE,1989,4.14316987991333
Switzerland,CHE,1988,4.23080015182495
Switzerland,CHE,1987,4.16635990142822
Switzerland,CHE,1986,4.21008014678955
Switzerland,CHE,1985,4.1746301651001
Switzerland,CHE,1984,4.22711992263794
Switzerland,CHE,1983,4.36717987060547
Switzerland,CHE,1982,4.26316022872925
Switzerland,CHE,1981,4.1969199180603
Switzerland,CHE,1980,4.2340202331543
Switzerland,CHE,1979,4.34770011901855
Switzerland,CHE,1978,4.370530128479
Switzerland,CHE,1977,4.49635982513428
Switzerland,CHE,1976,4.47359991073608
Switzerland,CHE,1975,4.37445020675659
Switzerland,CHE,1974,4.11416006088257
Switzerland,CHE,1973,3.91472005844116
Switzerland,CHE,1972,3.65761995315552
Switzerland,CHE,1971,3.49644994735718
Switzerland,CHE,1970,3.3925199508667
Syrian Arab Republic,SYR,2009,5.13012981414795
Syrian Arab Republic,SYR,2008,4.59525012969971
Syrian Arab Republic,SYR,2007,4.86469984054565
Syrian Arab Republic,SYR,2006,5.27966022491455
Syrian Arab Republic,SYR,2004,5.37147998809815
Syrian Arab Republic,SYR,2003,6.48086023330688
Syrian Arab Republic,SYR,2002,5.26983976364136
Syrian Arab Republic,SYR,2001,4.54640007019043
Syrian Arab Republic,SYR,1996,3.699049949646
Syrian Arab Republic,SYR,1989,4.03414011001587
Syrian Arab Republic,SYR,1988,3.61585998535156
Syrian Arab Republic,SYR,1987,4.56184005737305
Syrian Arab Republic,SYR,1986,5.62294006347656
Syrian Arab Republic,SYR,1985,6.07004976272583
Syrian Arab Republic,SYR,1984,6.13389015197754
Syrian Arab Republic,SYR,1982,5.89761018753052
Syrian Arab Republic,SYR,1981,5.38392019271851
Syrian Arab Republic,SYR,1980,4.57553005218506
Syrian Arab Republic,SYR,1979,4.96616983413696
Syrian Arab Republic,SYR,1978,5.51425981521606
Syrian Arab Republic,SYR,1977,5.71441984176636
Syrian Arab Republic,SYR,1976,5.83145999908447
Syrian Arab Republic,SYR,1975,3.93450999259949
Syrian Arab Republic,SYR,1973,3.68990993499756
Syrian Arab Republic,SYR,1972,3.5835599899292
Tajikistan,TJK,2023,5.43682120015444
Tajikistan,TJK,2022,5.39829770599001
Tajikistan,TJK,2021,4.38253082077599
Tajikistan,TJK,2020,5.13516829187823
Tajikistan,TJK,2019,5.48427628435415
Tajikistan,TJK,2018,5.38508736377556
Tajikistan,TJK,2017,5.54471764262202
Tajikistan,TJK,2016,5.73094142576332
Tajikistan,TJK,2015,4.96774005889893
Tajikistan,TJK,2014,5.59398898966753
Tajikistan,TJK,2013,5.29397617900035
Tajikistan,TJK,2012,4.01803016662598
Tajikistan,TJK,2011,3.93511009216309
Tajikistan,TJK,2010,4.00675010681152
Tajikistan,TJK,2009,4.0983099937439
Tajikistan,TJK,2008,3.45983004570007
Tajikistan,TJK,2007,3.41326999664307
Tajikistan,TJK,2006,3.40350008010864
Tajikistan,TJK,2005,3.51213002204895
Tajikistan,TJK,2004,2.77203011512756
Tajikistan,TJK,2003,2.42078995704651
Tajikistan,TJK,2002,2.77578997612
Tajikistan,TJK,2001,2.37659001350403
Tajikistan,TJK,2000,2.32871007919311
Tajikistan,TJK,1999,2.07651996612549
Tajikistan,TJK,1998,2.52849006652832
Tajikistan,TJK,1996,2.04345011711121
Tajikistan,TJK,1995,2.06590008735657
Tajikistan,TJK,1993,8.18558979034424
Tanzania,TZA,2024,3.15504437906936
Tanzania,TZA,2023,3.25853222146531
Tanzania,TZA,2022,3.2382450375764
Tanzania,TZA,2021,3.11515335288784
Tanzania,TZA,2020,3.23097255920833
Tanzania,TZA,2019,3.59683638888648
Tanzania,TZA,2018,3.69962000846863
Tanzania,TZA,2017,4.43052005767822
Tanzania,TZA,2016,4.10196721791864
Tanzania,TZA,2015,4.19486548285076
Tanzania,TZA,2014,3.38488006591797
Tanzania,TZA,2013,4.63769446369719
Tanzania,TZA,2012,4.22964300342458
Tanzania,TZA,2011,4.57789905920015
Tanzania,TZA,2010,4.54169988632202
Tanzania,TZA,2009,3.96075010299683
Tanzania,TZA,2008,4.18591022491455
Tanzania,TZA,2007,4.0334300994873
Tanzania,TZA,2006,3.00991988182068
Tanzania,TZA,2005,3.54747009277344
Tanzania,TZA,2004,3.56245994567871
Tanzania,TZA,1998,1.49838995933533
Tanzania,TZA,1997,1.69306004047394
Tanzania,TZA,1996,1.74416995048523
Tanzania,TZA,1990,1.4723299741745
Tanzania,TZA,1989,1.54892003536224
Tanzania,TZA,1980,2.62531995773315
Tanzania,TZA,1974,1.91419005393982
Tanzania,TZA,1973,1.87657999992371
Tanzania,TZA,1972,1.74755001068115
Tanzania,TZA,1971,1.72370004653931
Thailand,THA,2023,2.52122219628772
Thailand,THA,2022,2.61187022798634
Thailand,THA,2021,2.98212428478268
Thailand,THA,2020,3.15314171737183
Thailand,THA,2019,3.02221411183282
Thailand,THA,2018,3.19769395901619
Thailand,THA,2017,3.46532147640365
Thailand,THA,2016,3.76761756770937
Thailand,THA,2015,3.86397622727286
Thailand,THA,2014,3.91917751852112
Thailand,THA,2013,4.12401008605957
Thailand,THA,2012,4.53672981262207
Thailand,THA,2011,4.80556011199951
Thailand,THA,2010,3.50846004486084
Thailand,THA,2009,3.86193990707398
Thailand,THA,2008,3.50850009918213
Thailand,THA,2007,3.60314989089966
Thailand,THA,2006,4.05038022994995
Thailand,THA,2005,3.93859004974365
Thailand,THA,2004,4.03088998794556
Thailand,THA,2003,3.72561001777649
Thailand,THA,2002,3.86491990089417
Thailand,THA,2001,4.81787014007568
Thailand,THA,2000,5.25345993041992
Thailand,THA,1999,4.83267021179199
Thailand,THA,1998,4.62569999694824
Thailand,THA,1997,4.57718992233276
Thailand,THA,1996,3.49960994720459
Thailand,THA,1995,3.14497995376587
Thailand,THA,1994,3.4052300453186
Thailand,THA,1992,3.04541993141174
Thailand,THA,1991,3.08859992027283
Thailand,THA,1989,2.50243997573852
Thailand,THA,1988,2.75342988967896
Thailand,THA,1987,3.1158299446106
Thailand,THA,1986,3.40796995162964
Thailand,THA,1984,3.43722009658814
Thailand,THA,1983,3.46387004852295
Thailand,THA,1982,3.27388000488281
Thailand,THA,1981,2.88314008712769
Thailand,THA,1980,2.57453989982605
Thailand,THA,1979,2.84528994560242
Thailand,THA,1977,3.21512007713318
Thailand,THA,1976,3.01672005653381
Thailand,THA,1975,2.38088011741638
Thailand,THA,1974,2.14686989784241
Thailand,THA,1973,2.55425000190735
Thailand,THA,1972,3.02915000915527
Thailand,THA,1971,3.06622004508972
Timor-Leste,TLS,2023,5.24052834781801
Timor-Leste,TLS,2021,2.97389404101318
Timor-Leste,TLS,2020,3.65287360437751
Timor-Leste,TLS,2019,4.17968913742937
Timor-Leste,TLS,2018,6.848060131073
Timor-Leste,TLS,2017,7.17093992233276
Timor-Leste,TLS,2016,8.12837982177734
Timor-Leste,TLS,2015,8.46706962585449
Timor-Leste,TLS,2014,7.51430988311768
Timor-Leste,TLS,2013,5.66632986068726
Timor-Leste,TLS,2012,7.16214990615845
Timor-Leste,TLS,2011,10.1935195922852
Timor-Leste,TLS,2010,11.1065797805786
Timor-Leste,TLS,2009,12.9024801254272
Timor-Leste,TLS,2008,8.67014980316162
Togo,TGO,2023,4.14281885166484
Togo,TGO,2022,3.77811083266775
Togo,TGO,2021,4.22702442483079
Togo,TGO,2020,4.08528017372931
Togo,TGO,2019,4.20164196626882
Togo,TGO,2018,4.09162998199463
Togo,TGO,2017,3.76526999473572
Togo,TGO,2016,3.6624801158905
Togo,TGO,2015,3.71096992492676
Togo,TGO,2014,3.4237699508667
Togo,TGO,2013,3.17475008964539
Togo,TGO,2012,3.37651991844177
Togo,TGO,2011,3.07750010490417
Togo,TGO,2010,2.95976996421814
Togo,TGO,2009,2.76807999610901
Togo,TGO,2008,2.38472008705139
Togo,TGO,2007,2.48604011535644
Togo,TGO,2006,2.43236994743347
Togo,TGO,2005,2.23748993873596
Togo,TGO,2004,2.20198011398315
Togo,TGO,2003,2.35525989532471
Togo,TGO,2002,2.46951007843018
Togo,TGO,2001,2.66750001907349
Togo,TGO,2000,2.77644991874695
Togo,TGO,1999,2.96396994590759
Togo,TGO,1998,2.82129001617432
Togo,TGO,1996,3.12452006340027
Togo,TGO,1992,4.01865005493164
Togo,TGO,1987,3.34063005447388
Togo,TGO,1984,3.81927990913391
Togo,TGO,1981,4.16519021987915
Togo,TGO,1979,4.72960996627808
Togo,TGO,1970,1.49680995941162
Tonga,TON,2022,5.31016278046634
Tonga,TON,2021,5.162544372426
Tonga,TON,2020,5.04883511346915
Tonga,TON,2019,4.86170396202671
Tonga,TON,2018,4.71514397196975
Tonga,TON,2017,4.63626808288478
Tonga,TON,2004,3.91376996040344
Tonga,TON,2003,4.15951013565063
Tonga,TON,2002,3.79500007629394
Tonga,TON,2001,4.47756004333496
Tonga,TON,2000,4.87807989120483
Tonga,TON,1999,5.38055992126465
Tonga,TON,1998,5.51712989807129
Tonga,TON,1984,10.3465099334717
Trinidad and Tobago,TTO,2023,3.23358011245727
Trinidad and Tobago,TTO,2022,2.81801009178162
Trinidad and Tobago,TTO,2021,3.04397988319397
Trinidad and Tobago,TTO,2020,4.22041988372803
Trinidad and Tobago,TTO,2019,3.55386116245268
Trinidad and Tobago,TTO,2018,3.47141762674052
Trinidad and Tobago,TTO,2017,3.3293687903123
Trinidad and Tobago,TTO,2016,4.21428227509361
Trinidad and Tobago,TTO,2015,4.42459330779419
Trinidad and Tobago,TTO,2014,3.59013796983043
Trinidad and Tobago,TTO,2013,3.75275872925405
Trinidad and Tobago,TTO,2012,3.57398000577018
Trinidad and Tobago,TTO,2011,3.85078840215008
Trinidad and Tobago,TTO,2010,4.21155458844183
Trinidad and Tobago,TTO,2003,3.13660001754761
Trinidad and Tobago,TTO,2002,3.54300999641419
Trinidad and Tobago,TTO,2001,3.06528997421265
Trinidad and Tobago,TTO,2000,2.75565004348755
Trinidad and Tobago,TTO,1999,2.75611996650696
Trinidad and Tobago,TTO,1998,2.43892002105713
Trinidad and Tobago,TTO,1997,3.3252100944519
Trinidad and Tobago,TTO,1996,3.24876999855042
Trinidad and Tobago,TTO,1995,3.55854988098144
Trinidad and Tobago,TTO,1994,3.43180990219116
Trinidad and Tobago,TTO,1990,3.65412998199463
Trinidad and Tobago,TTO,1989,4.1998701095581
Trinidad and Tobago,TTO,1985,5.76774978637695
Trinidad and Tobago,TTO,1984,5.87390995025635
Trinidad and Tobago,TTO,1983,5.76660013198853
Trinidad and Tobago,TTO,1982,5.45739984512329
Trinidad and Tobago,TTO,1980,3.76807999610901
Tunisia,TUN,2023,6.73398856321206
Tunisia,TUN,2022,6.8049896073928
Tunisia,TUN,2021,6.67984656240779
Tunisia,TUN,2020,7.26507545467782
Tunisia,TUN,2019,6.17373240410185
Tunisia,TUN,2015,6.22044992446899
Tunisia,TUN,2012,5.95086002349854
Tunisia,TUN,2010,5.96306991577148
Tunisia,TUN,2009,6.528480052948
Tunisia,TUN,2008,6.27157020568848
Tunisia,TUN,2007,6.46451997756958
Tunisia,TUN,2006,6.43879985809326
Tunisia,TUN,2005,6.4515700340271
Tunisia,TUN,2004,6.72078990936279
Tunisia,TUN,2003,6.81675004959106
Tunisia,TUN,2002,5.79006004333496
Tunisia,TUN,2001,6.20184993743896
Tunisia,TUN,2000,6.20196008682251
Tunisia,TUN,1999,6.27098989486694
Tunisia,TUN,1997,6.67902994155884
Tunisia,TUN,1996,6.2878098487854
Tunisia,TUN,1995,6.42975997924805
Tunisia,TUN,1994,6.17646980285645
Tunisia,TUN,1993,5.98376989364624
Tunisia,TUN,1992,5.75488996505737
Tunisia,TUN,1991,6.02747011184692
Tunisia,TUN,1990,5.79086017608643
Tunisia,TUN,1986,5.87948989868164
Tunisia,TUN,1985,5.53972005844116
Tunisia,TUN,1984,5.51744985580444
Tunisia,TUN,1983,5.4576301574707
Tunisia,TUN,1982,5.28604984283447
Tunisia,TUN,1981,4.88935995101929
Tunisia,TUN,1980,5.2351598739624
Turkiye,TUR,2022,3.09571003913879
Turkiye,TUR,2021,3.53787994384766
Turkiye,TUR,2020,4.03382015228271
Turkiye,TUR,2019,4.44776010513306
Turkiye,TUR,2018,4.29729986190796
Turkiye,TUR,2017,4.32369995117188
Turkiye,TUR,2016,4.62773990631104
Turkiye,TUR,2015,4.30550003051758
Turkiye,TUR,2014,4.41256999969482
Turkiye,TUR,2013,4.34479999542236
Turkiye,TUR,2012,4.38721990585327
Turkiye,TUR,2011,4.22150993347168
Turkiye,TUR,1998,0
Turkiye,TUR,1995,2.2511100769043
Turkiye,TUR,1994,3.42482995986939
Turkiye,TUR,1993,3.36546993255615
Turkiye,TUR,1986,1.50957000255585
Turkiye,TUR,1985,1.73810994625092
Turkiye,TUR,1984,2.02923011779785
Turkiye,TUR,1983,2.64759993553162
Turkiye,TUR,1982,1.75490999221802
Turkiye,TUR,1981,2.20830011367798
Turkiye,TUR,1979,2.91519999504089
Turkiye,TUR,1978,4.34774017333984
Turkmenistan,TKM,2024,4.28878021240234
Turkmenistan,TKM,2023,2.71291995048523
Turkmenistan,TKM,2022,3.58004999160767
Turkmenistan,TKM,2021,3.8489100933075
Turkmenistan,TKM,2020,3.76267004013061
Turkmenistan,TKM,2019,3.12054991722107
Turkmenistan,TKM,2012,3.04924988746643
Turks and Caicos Islands,TCA,2024,2.94998113247616
Turks and Caicos Islands,TCA,2023,2.68765461969981
Turks and Caicos Islands,TCA,2022,2.77640008926392
Turks and Caicos Islands,TCA,2021,3.27759003639221
Turks and Caicos Islands,TCA,2020,2.46213795190062
Turks and Caicos Islands,TCA,2019,2.12170004844665
Turks and Caicos Islands,TCA,2018,2.7437698841095
Turks and Caicos Islands,TCA,2017,2.47278207606746
Turks and Caicos Islands,TCA,2016,2.90744573120893
Turks and Caicos Islands,TCA,2015,3.09093999862671
Turks and Caicos Islands,TCA,2014,2.74654631561921
Turks and Caicos Islands,TCA,2013,2.80478695053816
Turks and Caicos Islands,TCA,2012,2.69749326490282
Turks and Caicos Islands,TCA,2011,3.16663368961357
Turks and Caicos Islands,TCA,2005,2.54099988937378
Turks and Caicos Islands,TCA,2003,4.72877979278565
Turks and Caicos Islands,TCA,2002,5.06913995742798
Turks and Caicos Islands,TCA,2001,4.84300994873047
Turks and Caicos Islands,TCA,2000,4.71883010864258
Tuvalu,TUV,2023,12.8456897735596
Tuvalu,TUV,2022,13.7621912480198
Tuvalu,TUV,2021,15.5155119679441
Tuvalu,TUV,2020,14.5482776139014
Tuvalu,TUV,1997,3.45019006729126
Tuvalu,TUV,1990,6.98569011688232
Uganda,UGA,2022,2.56105027176925
Uganda,UGA,2021,2.63593612308533
Uganda,UGA,2020,2.57222181308255
Uganda,UGA,2019,2.30828081242322
Uganda,UGA,2018,2.13052010536194
Uganda,UGA,2017,2.25362992286682
Uganda,UGA,2016,2.13789010047913
Uganda,UGA,2015,2.32152009010315
Uganda,UGA,2014,1.91472005844116
Uganda,UGA,2013,1.87114000320435
Uganda,UGA,2012,1.79746997356415
Uganda,UGA,2011,2.29890990257263
Uganda,UGA,2010,1.72739994525909
Uganda,UGA,2004,4.95237016677856
Uganda,UGA,2000,2.461669921875
Uganda,UGA,1988,5.10366010665894
Uganda,UGA,1985,3.431960105896
Uganda,UGA,1984,2.42835998535156
Uganda,UGA,1983,1.68909001350403
Uganda,UGA,1982,2.51552009582519
Uganda,UGA,1976,2.67658996582031
Uganda,UGA,1975,3.22102999687195
Uganda,UGA,1974,3.39091992378235
Uganda,UGA,1973,3.3502299785614
Uganda,UGA,1971,3.16105008125305
Ukraine,UKR,2021,5.14010000228882
Ukraine,UKR,2020,5.38230991363525
Ukraine,UKR,2019,5.44129991531372
Ukraine,UKR,2018,5.3199200630188
Ukraine,UKR,2017,5.41706991195679
Ukraine,UKR,2016,5.00976991653442
Ukraine,UKR,2015,5.33951727495092
Ukraine,UKR,2014,5.87491989135742
Ukraine,UKR,2013,6.41987991333008
Ukraine,UKR,2012,6.44267988204956
Ukraine,UKR,2011,5.93769979476929
Ukraine,UKR,2009,7.05074977874756
Ukraine,UKR,2008,6.15242004394531
Ukraine,UKR,2007,5.90244007110596
Ukraine,UKR,2006,5.97945976257324
Ukraine,UKR,2005,5.84819984436035
Ukraine,UKR,2004,5.12376022338867
Ukraine,UKR,2003,5.4001898765564
Ukraine,UKR,2002,5.24006986618042
Ukraine,UKR,2001,4.52568006515503
Ukraine,UKR,2000,4.02293014526367
Ukraine,UKR,1999,3.61807990074158
Ukraine,UKR,1998,4.44884014129639
Ukraine,UKR,1997,5.45600986480713
Ukraine,UKR,1970,4.57292985916138
United Arab Emirates,ARE,2021,3.89404010772705
United Arab Emirates,ARE,2020,3.98417997360229
United Arab Emirates,ARE,2019,3.86019992828369
United Kingdom,GBR,2021,5.90681982040405
United Kingdom,GBR,2020,5.43936014175415
United Kingdom,GBR,2019,5.26116991043091
United Kingdom,GBR,2018,5.20438003540039
United Kingdom,GBR,2017,5.45254993438721
United Kingdom,GBR,2016,5.42795991897583
United Kingdom,GBR,2015,5.55453014373779
United Kingdom,GBR,2014,5.60134983062744
United Kingdom,GBR,2013,5.52529001235962
United Kingdom,GBR,2011,5.57219982147217
United Kingdom,GBR,2010,5.69868993759155
United Kingdom,GBR,2009,5.06263017654419
United Kingdom,GBR,2008,4.90972995758057
United Kingdom,GBR,2007,4.9244499206543
United Kingdom,GBR,2006,4.97648000717163
United Kingdom,GBR,2005,4.92975997924805
United Kingdom,GBR,2004,4.73555994033813
United Kingdom,GBR,2003,4.8012900352478
United Kingdom,GBR,2002,4.61190986633301
United Kingdom,GBR,2001,4.1001501083374
United Kingdom,GBR,2000,4.01820993423462
United Kingdom,GBR,1999,3.988450050354
United Kingdom,GBR,1998,4.20707988739014
United Kingdom,GBR,1996,4.37826013565063
United Kingdom,GBR,1995,4.83926010131836
United Kingdom,GBR,1994,4.850830078125
United Kingdom,GBR,1992,4.3344898223877
United Kingdom,GBR,1991,4.1224799156189
United Kingdom,GBR,1990,4.05552005767822
United Kingdom,GBR,1989,4.12511014938354
United Kingdom,GBR,1988,4.26831007003784
United Kingdom,GBR,1987,4.37180995941162
United Kingdom,GBR,1986,4.38083982467651
United Kingdom,GBR,1985,4.5940899848938
United Kingdom,GBR,1984,4.89905977249146
United Kingdom,GBR,1983,5.06150007247925
United Kingdom,GBR,1982,5.1887001991272
United Kingdom,GBR,1981,5.2884202003479
United Kingdom,GBR,1980,5.07011985778809
United Kingdom,GBR,1977,6.06335020065308
United Kingdom,GBR,1976,6.42422008514404
United Kingdom,GBR,1975,6.26878023147583
United Kingdom,GBR,1974,5.39099979400635
United Kingdom,GBR,1973,5.44860982894897
United Kingdom,GBR,1972,5.15937995910645
United Kingdom,GBR,1971,5.03205013275146
United States,USA,2021,5.42038011550903
United States,USA,2020,5.39530992507935
United States,USA,2019,4.95746994018555
United States,USA,2018,4.89502000808716
United States,USA,2017,5.09296989440918
United States,USA,2016,4.78327989578247
United States,USA,2015,4.93064022064209
Uruguay,URY,2023,4.76461982727051
Uruguay,URY,2022,4.4795298576355
Uruguay,URY,2021,4.46211004257202
Uruguay,URY,2020,4.55217981338501
Uruguay,URY,2019,4.62834978103638
Uruguay,URY,2018,4.60361003875732
Uruguay,URY,2017,4.41787004470825
Uruguay,URY,2016,4.36420011520386
Uruguay,URY,2015,4.20636987686157
Uruguay,URY,2014,4.26735019683838
Uruguay,URY,2013,4.23893022537231
Uruguay,URY,2012,4.09353338283242
Uruguay,URY,2011,4.14937019348145
Uruguay,URY,2006,2.85664010047913
Uruguay,URY,2005,2.71476006507873
Uruguay,URY,2004,2.49954009056091
Uruguay,URY,2003,2.0682098865509
Uruguay,URY,2002,2.32220005989075
Uruguay,URY,2001,2.80096006393433
Uruguay,URY,2000,2.42254996299744
Uruguay,URY,1998,2.24337005615234
Uruguay,URY,1996,2.86985993385315
Uruguay,URY,1995,2.521399974823
Uruguay,URY,1994,2.27171993255615
Uruguay,URY,1992,2.41153001785278
Uruguay,URY,1991,2.47907996177673
Uruguay,URY,1986,3.1028299331665
Uruguay,URY,1985,2.56679010391235
Uruguay,URY,1984,2.37338995933533
Uruguay,URY,1980,2.15950989723206
Uruguay,URY,1979,1.98713004589081
Uzbekistan,UZB,2023,5.47287597270024
Uzbekistan,UZB,2022,5.23477171022152
Uzbekistan,UZB,2021,4.13580989837646
Uzbekistan,UZB,2020,4.44021987915039
Uzbekistan,UZB,2019,6.29534678547216
Uzbekistan,UZB,2018,4.83589298172277
Uzbekistan,UZB,2017,4.48249006271362
Uzbekistan,UZB,2016,5.38089990615845
Uzbekistan,UZB,2015,5.49444007873535
Uzbekistan,UZB,2014,5.71325016021729
Uzbekistan,UZB,2013,5.74191999435425
Vanuatu,VUT,2024,7.63695001602173
Vanuatu,VUT,2023,7.58135986328125
Vanuatu,VUT,2022,10.7033456499063
Vanuatu,VUT,2021,10.1102406419734
Vanuatu,VUT,2020,2.17358994483948
Vanuatu,VUT,2019,1.77407002449036
Vanuatu,VUT,2018,8.60634669948001
Vanuatu,VUT,2017,4.53353023529053
Vanuatu,VUT,2016,7.67742589514444
Vanuatu,VUT,2015,5.39081001281738
Vanuatu,VUT,2014,5.17257022857666
Vanuatu,VUT,2009,5.16051006317139
Vanuatu,VUT,2008,5.95150995254517
Vanuatu,VUT,2003,8.44151020050049
Vanuatu,VUT,2002,8.13197994232178
Vanuatu,VUT,2001,8.95114994049072
Vanuatu,VUT,2000,7.0036301612854
Vanuatu,VUT,1999,6.1626501083374
Vanuatu,VUT,1998,7.64104986190796
Vanuatu,VUT,1994,4.11687994003296
"Venezuela, RB",VEN,2009,6.87467002868652
"Venezuela, RB",VEN,2007,3.62732005119324
"Venezuela, RB",VEN,2006,3.66905999183655
"Venezuela, RB",VEN,1994,5.00603008270264
"Venezuela, RB",VEN,1993,3.81783008575439
"Venezuela, RB",VEN,1992,4.31067991256714
"Venezuela, RB",VEN,1990,2.44671010971069
"Venezuela, RB",VEN,1988,3.62941002845764
"Venezuela, RB",VEN,1987,3.92751002311706
"Venezuela, RB",VEN,1984,4.06372976303101
"Venezuela, RB",VEN,1983,6.0598201751709
"Venezuela, RB",VEN,1982,5.00895023345947
"Venezuela, RB",VEN,1981,5.18743991851807
"Venezuela, RB",VEN,1980,4.40072011947632
"Venezuela, RB",VEN,1977,5.25665998458862
"Venezuela, RB",VEN,1975,5.19851016998291
"Venezuela, RB",VEN,1974,3.94795989990234
"Venezuela, RB",VEN,1972,4.83728981018066
"Venezuela, RB",VEN,1971,4.1799201965332
"Venezuela, RB",VEN,1970,4.16286993026733
Viet Nam,VNM,2022,2.88738689372749
Viet Nam,VNM,2021,2.94517488804327
Viet Nam,VNM,2020,3.21652900152514
Viet Nam,VNM,2019,3.08499832693462
Viet Nam,VNM,2018,3.29537010192871
Viet Nam,VNM,2017,3.41865686539527
Viet Nam,VNM,2016,3.46906995773315
Viet Nam,VNM,2015,3.41660449674943
Viet Nam,VNM,2014,3.54012312110584
Viet Nam,VNM,2013,4.52833986282349
Viet Nam,VNM,2012,4.40817022323608
Viet Nam,VNM,2011,3.7802300453186
Viet Nam,VNM,2010,4.04594993591309
Viet Nam,VNM,2009,4.81650018692017
Viet Nam,VNM,2008,4.8867301940918
West Bank and Gaza,PSE,2021,5.43442010879517
West Bank and Gaza,PSE,2017,4.72153997421265
West Bank and Gaza,PSE,2016,4.98296022415161
West Bank and Gaza,PSE,2015,4.66321992874146
West Bank and Gaza,PSE,2013,4.89467000961304
West Bank and Gaza,PSE,2012,4.74210977554321
West Bank and Gaza,PSE,2011,5.33527994155884
West Bank and Gaza,PSE,2010,6.19167995452881
"Yemen, Rep.",YEM,2008,5.15144014358521
"Yemen, Rep.",YEM,2001,9.24470996856689
"Yemen, Rep.",YEM,2000,9.66162967681885
Zambia,ZMB,2023,4.07374933049157
Zambia,ZMB,2022,3.65884092023983
Zambia,ZMB,2021,3.11363465307753
Zambia,ZMB,2020,3.94374100561712
Zambia,ZMB,2019,4.4182401844799
Zambia,ZMB,2018,4.73973989486694
Zambia,ZMB,2017,3.72964000701904
Zambia,ZMB,2016,3.74792003631592
Zambia,ZMB,2015,4.62433004379272
Zambia,ZMB,2014,5.15225706811611
Zambia,ZMB,2013,3.71820710892018
Zambia,ZMB,2012,3.69500242842903
Zambia,ZMB,2011,3.35772272046971
Zambia,ZMB,2010,3.41600445393739
Zambia,ZMB,2008,1.0997200012207
Zambia,ZMB,2007,1.24075996875763
Zambia,ZMB,2005,1.73553001880646
Zambia,ZMB,2004,2.46342992782593
Zambia,ZMB,2000,1.78819000720978
Zambia,ZMB,1999,1.77495002746582
Zambia,ZMB,1998,2.11823010444641
Zambia,ZMB,1995,1.83852994441986
Zambia,ZMB,1994,1.79351997375488
Zambia,ZMB,1993,1.94208002090454
Zambia,ZMB,1992,2.09159994125366
Zambia,ZMB,1991,2.74057006835938
Zambia,ZMB,1987,2.66226005554199
Zambia,ZMB,1986,3.33898997306824
Zambia,ZMB,1985,4.14584016799927
Zambia,ZMB,1984,4.98856019973755
Zambia,ZMB,1983,5.38802003860474
Zambia,ZMB,1982,5.15487003326416
Zambia,ZMB,1981,4.00072002410889
Zambia,ZMB,1980,4.12670993804932
Zambia,ZMB,1979,4.15494012832642
Zambia,ZMB,1978,4.74074983596802
Zambia,ZMB,1977,5.69251012802124
Zambia,ZMB,1976,6.026939868927
Zambia,ZMB,1975,6.2385401725769
Zambia,ZMB,1974,4.87800979614258
Zambia,ZMB,1973,5.48807001113892
Zambia,ZMB,1972,5.94578981399536
Zambia,ZMB,1971,6.09534978866577
Zambia,ZMB,1970,4.38781023025513
Zimbabwe,ZWE,2023,0.384771297211919
Zimbabwe,ZWE,2014,6.13835396313315
Zimbabwe,ZWE,2013,5.99598135667974
Zimbabwe,ZWE,2012,6.07021391405834
Zimbabwe,ZWE,2010,1.54405574575827