country_name,country_iso3code,year,indicator_value
Africa Eastern and Southern,AFE,2024,73.6999969482422
Africa Eastern and Southern,AFE,2023,73.370002746582
Africa Eastern and Southern,AFE,2022,73.0599975585938
Africa Eastern and Southern,AFE,2021,72.7200012207031
Africa Eastern and Southern,AFE,2020,72.9800033569336
Africa Eastern and Southern,AFE,2019,72.8000030517578
Africa Eastern and Southern,AFE,2018,71.6699981689453
Africa Eastern and Southern,AFE,2017,70.879997253418
Africa Eastern and Southern,AFE,2016,70.9599990844727
Africa Eastern and Southern,AFE,2015,70.2399978637695
Africa Eastern and Southern,AFE,2014,69.8300018310547
Africa Eastern and Southern,AFE,2013,69.370002746582
Africa Eastern and Southern,AFE,2012,68.5199966430664
Africa Eastern and Southern,AFE,2011,66.8300018310547
Africa Eastern and Southern,AFE,2010,64.7099990844727
Africa Eastern and Southern,AFE,2009,63.9599990844727
Africa Eastern and Southern,AFE,2008,63.2299995422363
Africa Eastern and Southern,AFE,2007,62.9700012207031
Africa Eastern and Southern,AFE,2006,61.9500007629395
Africa Eastern and Southern,AFE,2005,63.939998626709
Africa Eastern and Southern,AFE,2004,64.5699996948242
Africa Eastern and Southern,AFE,2003,64.3300018310547
Africa Eastern and Southern,AFE,2002,63.8400001525879
Africa Eastern and Southern,AFE,2001,63.1599998474121
Africa Eastern and Southern,AFE,2000,62.6699981689453
Africa Eastern and Southern,AFE,1999,62.1500015258789
Africa Eastern and Southern,AFE,1998,61.2700004577637
Africa Eastern and Southern,AFE,1997,61.060001373291
Africa Eastern and Southern,AFE,1996,60.3600006103516
Africa Eastern and Southern,AFE,1995,59.8699989318848
Africa Eastern and Southern,AFE,1994,59.3400001525879
Africa Eastern and Southern,AFE,1993,58.8800010681152
Africa Eastern and Southern,AFE,1992,58.4599990844727
Africa Eastern and Southern,AFE,1991,58.1800003051758
Africa Eastern and Southern,AFE,1990,58.1500015258789
Africa Eastern and Southern,AFE,1989,57.5999984741211
Africa Eastern and Southern,AFE,1988,57.25
Africa Eastern and Southern,AFE,1987,56.8499984741211
Africa Western and Central,AFW,2024,61.1699981689453
Africa Western and Central,AFW,2023,61.0299987792969
Africa Western and Central,AFW,2022,60.7799987792969
Africa Western and Central,AFW,2021,60.5099983215332
Africa Western and Central,AFW,2020,60.25
Africa Western and Central,AFW,2019,60.1399993896484
Africa Western and Central,AFW,2018,60.3499984741211
Africa Western and Central,AFW,2017,56.8800010681152
Africa Western and Central,AFW,2016,55.8699989318848
Africa Western and Central,AFW,2015,55.4099998474121
Africa Western and Central,AFW,2014,54.5400009155273
Africa Western and Central,AFW,2013,53.8400001525879
Africa Western and Central,AFW,2012,53
Africa Western and Central,AFW,2011,52.439998626709
Africa Western and Central,AFW,2010,51.3899993896484
Africa Western and Central,AFW,2009,50.8499984741211
Africa Western and Central,AFW,2008,50.75
Africa Western and Central,AFW,2007,50.2999992370605
Africa Western and Central,AFW,2006,52.2999992370605
Africa Western and Central,AFW,2005,51.6100006103516
Africa Western and Central,AFW,2004,51.4900016784668
Africa Western and Central,AFW,2003,50.1399993896484
Africa Western and Central,AFW,2002,49.560001373291
Africa Western and Central,AFW,2001,48.8199996948242
Africa Western and Central,AFW,2000,47.6199989318848
Africa Western and Central,AFW,1999,51.1500015258789
Africa Western and Central,AFW,1998,50.2900009155273
Africa Western and Central,AFW,1997,48.9099998474121
Africa Western and Central,AFW,1996,47.9000015258789
Africa Western and Central,AFW,1995,47.0400009155273
Africa Western and Central,AFW,1994,46.8600006103516
Africa Western and Central,AFW,1993,45.9799995422363
Africa Western and Central,AFW,1992,45.1399993896484
Africa Western and Central,AFW,1991,44.3499984741211
Africa Western and Central,AFW,1990,43.5400009155273
Africa Western and Central,AFW,1989,42.7599983215332
Africa Western and Central,AFW,1988,41.9599990844727
Africa Western and Central,AFW,1987,41.2799987792969
Africa Western and Central,AFW,1986,40.5099983215332
Africa Western and Central,AFW,1985,40.2299995422363
Arab World,ARB,2024,78.9899978637695
Arab World,ARB,2023,78.620002746582
Arab World,ARB,2022,78.2699966430664
Arab World,ARB,2021,77.870002746582
Arab World,ARB,2020,77.5599975585938
Arab World,ARB,2019,77.1500015258789
Arab World,ARB,2018,76.9100036621094
Arab World,ARB,2017,76.5899963378906
Arab World,ARB,2016,75.9199981689453
Arab World,ARB,2015,77.1500015258789
Arab World,ARB,2014,76.3099975585938
Arab World,ARB,2013,76.2200012207031
Arab World,ARB,2012,75.1699981689453
Arab World,ARB,2011,74.2900009155273
Arab World,ARB,2010,72.5599975585938
Arab World,ARB,2009,71.9499969482422
Arab World,ARB,2008,70.9000015258789
Arab World,ARB,2007,70.0400009155273
Arab World,ARB,2006,69.2099990844727
Arab World,ARB,2005,71.4300003051758
Arab World,ARB,2004,70.8600006103516
Arab World,ARB,2003,69.9899978637695
Arab World,ARB,2002,67.2900009155273
Arab World,ARB,2001,66.25
Arab World,ARB,2000,65.1600036621094
Arab World,ARB,1999,64.25
Arab World,ARB,1998,63.2799987792969
Arab World,ARB,1997,62.1800003051758
Arab World,ARB,1996,61.1800003051758
Arab World,ARB,1995,60.1699981689453
Arab World,ARB,1994,59.3300018310547
Arab World,ARB,1993,58.5299987792969
Arab World,ARB,1992,57.8499984741211
Arab World,ARB,1991,56.8699989318848
Arab World,ARB,1990,55.9700012207031
Arab World,ARB,1989,55
Arab World,ARB,1988,54.0900001525879
Arab World,ARB,1987,53.1599998474121
Arab World,ARB,1986,52.4300003051758
Arab World,ARB,1985,51.689998626709
Arab World,ARB,1984,50.9500007629395
Arab World,ARB,1983,50.2000007629395
Arab World,ARB,1982,50.0900001525879
Arab World,ARB,1981,49.3800010681152
Arab World,ARB,1980,48.8499984741211
Arab World,ARB,1979,48.3199996948242
Caribbean small states,CSS,2008,91.0199966430664
Caribbean small states,CSS,2007,90.75
Caribbean small states,CSS,2006,90.1500015258789
Caribbean small states,CSS,2005,89.9499969482422
Caribbean small states,CSS,2004,89.6500015258789
Caribbean small states,CSS,2003,89.4100036621094
Caribbean small states,CSS,2002,89.1500015258789
Caribbean small states,CSS,2001,88.879997253418
Caribbean small states,CSS,2000,88.620002746582
Caribbean small states,CSS,1999,88.3399963378906
Caribbean small states,CSS,1998,88.0500030517578
Caribbean small states,CSS,1997,87.7600021362305
Caribbean small states,CSS,1996,87.4700012207031
Caribbean small states,CSS,1995,87.1699981689453
Caribbean small states,CSS,1994,86.870002746582
Caribbean small states,CSS,1993,86.8099975585938
Central Europe and the Baltics,CEB,2024,99.5
Central Europe and the Baltics,CEB,2023,99.4899978637695
Central Europe and the Baltics,CEB,2022,99.4800033569336
Central Europe and the Baltics,CEB,2021,99.4700012207031
Central Europe and the Baltics,CEB,2020,99.4499969482422
Central Europe and the Baltics,CEB,2019,99.4400024414062
Central Europe and the Baltics,CEB,2018,99.4199981689453
Central Europe and the Baltics,CEB,2017,99.370002746582
Central Europe and the Baltics,CEB,2016,99.3499984741211
Central Europe and the Baltics,CEB,2015,99.3300018310547
Central Europe and the Baltics,CEB,2014,99.3099975585938
Central Europe and the Baltics,CEB,1994,98.5699996948242
Central Europe and the Baltics,CEB,1993,98.5199966430664
Central Europe and the Baltics,CEB,1992,98.4700012207031
Central Europe and the Baltics,CEB,1991,98.4199981689453
Central Europe and the Baltics,CEB,1990,98.3600006103516
Central Europe and the Baltics,CEB,1989,98.2900009155273
Central Europe and the Baltics,CEB,1988,98.2300033569336
Central Europe and the Baltics,CEB,1987,98.1500015258789
Central Europe and the Baltics,CEB,1986,98.1100006103516
Central Europe and the Baltics,CEB,1985,98.0800018310547
Central Europe and the Baltics,CEB,1984,98.0500030517578
Central Europe and the Baltics,CEB,1983,98.0100021362305
Central Europe and the Baltics,CEB,1982,97.9899978637695
Central Europe and the Baltics,CEB,1981,97.9700012207031
Early-demographic dividend,EAR,2024,82.0999984741211
Early-demographic dividend,EAR,2023,81.6800003051758
Early-demographic dividend,EAR,2022,81.2399978637695
Early-demographic dividend,EAR,2021,80.7099990844727
Early-demographic dividend,EAR,2020,80.3000030517578
Early-demographic dividend,EAR,2019,79.7900009155273
Early-demographic dividend,EAR,2018,79.6800003051758
Early-demographic dividend,EAR,2017,79.3300018310547
Early-demographic dividend,EAR,2016,79.0800018310547
Early-demographic dividend,EAR,2015,78.4100036621094
Early-demographic dividend,EAR,2014,77.5
Early-demographic dividend,EAR,2013,76.7099990844727
Early-demographic dividend,EAR,2012,76.0299987792969
Early-demographic dividend,EAR,2011,75.7600021362305
Early-demographic dividend,EAR,2010,75.3499984741211
Early-demographic dividend,EAR,2009,73.879997253418
Early-demographic dividend,EAR,2008,73.129997253418
Early-demographic dividend,EAR,2007,72.2799987792969
Early-demographic dividend,EAR,2006,71.3000030517578
Early-demographic dividend,EAR,2005,71.2900009155273
Early-demographic dividend,EAR,2004,71.2799987792969
Early-demographic dividend,EAR,2003,70.6100006103516
Early-demographic dividend,EAR,2002,69.6699981689453
Early-demographic dividend,EAR,2001,69.0100021362305
Early-demographic dividend,EAR,2000,68.4400024414062
Early-demographic dividend,EAR,1999,67.6900024414062
Early-demographic dividend,EAR,1998,66.9899978637695
Early-demographic dividend,EAR,1997,63.9900016784668
Early-demographic dividend,EAR,1996,63.2400016784668
Early-demographic dividend,EAR,1995,62.4799995422363
Early-demographic dividend,EAR,1994,61.6199989318848
Early-demographic dividend,EAR,1993,60.8199996948242
Early-demographic dividend,EAR,1992,59.9799995422363
Early-demographic dividend,EAR,1991,59.1199989318848
Early-demographic dividend,EAR,1990,58.4199981689453
Early-demographic dividend,EAR,1989,57.560001373291
Early-demographic dividend,EAR,1988,56.8699989318848
Early-demographic dividend,EAR,1987,56.1699981689453
Early-demographic dividend,EAR,1986,55.3199996948242
Early-demographic dividend,EAR,1985,54.689998626709
Early-demographic dividend,EAR,1984,54.060001373291
Early-demographic dividend,EAR,1983,53.25
Early-demographic dividend,EAR,1982,52.6399993896484
Early-demographic dividend,EAR,1981,52.0099983215332
Early-demographic dividend,EAR,1980,51.4099998474121
Early-demographic dividend,EAR,1979,50.810001373291
Early-demographic dividend,EAR,1978,50.2200012207031
Early-demographic dividend,EAR,1977,49.5800018310547
Early-demographic dividend,EAR,1976,48.9599990844727
Early-demographic dividend,EAR,1975,48.7299995422363
East Asia & Pacific,EAS,2024,96.6100006103516
East Asia & Pacific,EAS,2023,96.4899978637695
East Asia & Pacific,EAS,2022,96.3600006103516
East Asia & Pacific,EAS,2021,96.2200012207031
East Asia & Pacific,EAS,2020,96.0899963378906
East Asia & Pacific,EAS,2019,95.870002746582
East Asia & Pacific,EAS,2018,95.7300033569336
East Asia & Pacific,EAS,2017,95.6900024414062
East Asia & Pacific,EAS,2016,95.5
East Asia & Pacific,EAS,2015,95.3000030517578
East Asia & Pacific,EAS,2014,95.0899963378906
East Asia & Pacific,EAS,2013,94.620002746582
East Asia & Pacific,EAS,2012,94.5400009155273
East Asia & Pacific,EAS,2011,94.3000030517578
East Asia & Pacific,EAS,2010,94.0800018310547
East Asia & Pacific,EAS,2009,94.0899963378906
East Asia & Pacific,EAS,2008,93.8199996948242
East Asia & Pacific,EAS,2007,93.5100021362305
East Asia & Pacific,EAS,2006,92.370002746582
East Asia & Pacific,EAS,2005,92.0199966430664
East Asia & Pacific,EAS,2004,91.6800003051758
East Asia & Pacific,EAS,2003,91.3499984741211
East Asia & Pacific,EAS,2002,90.9800033569336
East Asia & Pacific,EAS,2001,90.629997253418
East Asia & Pacific,EAS,2000,90.3099975585938
East Asia & Pacific,EAS,1999,89.9499969482422
East Asia & Pacific,EAS,1998,89.629997253418
East Asia & Pacific,EAS,1997,89.2699966430664
East Asia & Pacific,EAS,1996,84.3000030517578
East Asia & Pacific,EAS,1995,83.8399963378906
East Asia & Pacific,EAS,1994,83.3000030517578
East Asia & Pacific,EAS,1993,82.7699966430664
East Asia & Pacific,EAS,1992,82.3300018310547
East Asia & Pacific,EAS,1991,81.8399963378906
East Asia & Pacific,EAS,1990,81.3300018310547
East Asia & Pacific,EAS,1989,80.7600021362305
East Asia & Pacific,EAS,1988,80.1399993896484
East Asia & Pacific,EAS,1987,76.4100036621094
East Asia & Pacific,EAS,1986,75.2600021362305
East Asia & Pacific,EAS,1985,74.4300003051758
East Asia & Pacific,EAS,1984,73.5100021362305
East Asia & Pacific,EAS,1983,72.5299987792969
East Asia & Pacific,EAS,1982,71.6100006103516
East Asia & Pacific,EAS,1981,70.6399993896484
East Asia & Pacific,EAS,1980,69.6100006103516
East Asia & Pacific,EAS,1979,68.5199966430664
East Asia & Pacific,EAS,1978,67.2900009155273
East Asia & Pacific,EAS,1977,66.1999969482422
East Asia & Pacific,EAS,1976,65.9899978637695
East Asia & Pacific (excluding high income),EAP,2024,96.8499984741211
East Asia & Pacific (excluding high income),EAP,2023,96.7200012207031
East Asia & Pacific (excluding high income),EAP,2022,96.5899963378906
East Asia & Pacific (excluding high income),EAP,2021,96.4499969482422
East Asia & Pacific (excluding high income),EAP,2020,96.3099975585938
East Asia & Pacific (excluding high income),EAP,2019,96.0999984741211
East Asia & Pacific (excluding high income),EAP,2018,95.9499969482422
East Asia & Pacific (excluding high income),EAP,2017,95.9300003051758
East Asia & Pacific (excluding high income),EAP,2016,95.7399978637695
East Asia & Pacific (excluding high income),EAP,2015,95.5400009155273
East Asia & Pacific (excluding high income),EAP,2014,95.3399963378906
East Asia & Pacific (excluding high income),EAP,2013,94.9300003051758
East Asia & Pacific (excluding high income),EAP,2012,94.8600006103516
East Asia & Pacific (excluding high income),EAP,2011,94.629997253418
East Asia & Pacific (excluding high income),EAP,2010,94.4100036621094
East Asia & Pacific (excluding high income),EAP,2009,94.3600006103516
East Asia & Pacific (excluding high income),EAP,2008,94.0800018310547
East Asia & Pacific (excluding high income),EAP,2007,93.7799987792969
East Asia & Pacific (excluding high income),EAP,2006,92.5699996948242
East Asia & Pacific (excluding high income),EAP,2005,92.2200012207031
East Asia & Pacific (excluding high income),EAP,2004,91.9000015258789
East Asia & Pacific (excluding high income),EAP,2003,91.5800018310547
East Asia & Pacific (excluding high income),EAP,2002,91.2399978637695
East Asia & Pacific (excluding high income),EAP,2001,90.8899993896484
East Asia & Pacific (excluding high income),EAP,2000,90.5500030517578
East Asia & Pacific (excluding high income),EAP,1999,90.1800003051758
East Asia & Pacific (excluding high income),EAP,1998,89.879997253418
East Asia & Pacific (excluding high income),EAP,1997,89.5100021362305
East Asia & Pacific (excluding high income),EAP,1996,83.9300003051758
East Asia & Pacific (excluding high income),EAP,1995,83.4300003051758
East Asia & Pacific (excluding high income),EAP,1994,82.870002746582
East Asia & Pacific (excluding high income),EAP,1993,82.3099975585938
East Asia & Pacific (excluding high income),EAP,1992,81.8199996948242
East Asia & Pacific (excluding high income),EAP,1991,81.2900009155273
East Asia & Pacific (excluding high income),EAP,1990,80.7300033569336
East Asia & Pacific (excluding high income),EAP,1989,80.0999984741211
East Asia & Pacific (excluding high income),EAP,1988,79.4199981689453
East Asia & Pacific (excluding high income),EAP,1987,75.2200012207031
East Asia & Pacific (excluding high income),EAP,1986,74
East Asia & Pacific (excluding high income),EAP,1985,73.0800018310547
East Asia & Pacific (excluding high income),EAP,1984,72.0599975585938
East Asia & Pacific (excluding high income),EAP,1983,70.9800033569336
East Asia & Pacific (excluding high income),EAP,1982,69.9700012207031
East Asia & Pacific (excluding high income),EAP,1981,68.9199981689453
East Asia & Pacific (excluding high income),EAP,1980,67.7799987792969
East Asia & Pacific (excluding high income),EAP,1979,66.5699996948242
East Asia & Pacific (excluding high income),EAP,1978,65.2200012207031
East Asia & Pacific (excluding high income),EAP,1977,64.0299987792969
East Asia & Pacific (excluding high income),EAP,1976,63.8600006103516
East Asia & Pacific (IDA & IBRD countries),TEA,2024,96.8099975585938
East Asia & Pacific (IDA & IBRD countries),TEA,2023,96.6800003051758
East Asia & Pacific (IDA & IBRD countries),TEA,2022,96.5500030517578
East Asia & Pacific (IDA & IBRD countries),TEA,2021,96.4100036621094
East Asia & Pacific (IDA & IBRD countries),TEA,2020,96.2699966430664
East Asia & Pacific (IDA & IBRD countries),TEA,2019,96.0500030517578
East Asia & Pacific (IDA & IBRD countries),TEA,2018,95.9000015258789
East Asia & Pacific (IDA & IBRD countries),TEA,2017,95.879997253418
East Asia & Pacific (IDA & IBRD countries),TEA,2016,95.6900024414062
East Asia & Pacific (IDA & IBRD countries),TEA,2015,95.4899978637695
East Asia & Pacific (IDA & IBRD countries),TEA,2014,95.2799987792969
East Asia & Pacific (IDA & IBRD countries),TEA,2013,94.870002746582
East Asia & Pacific (IDA & IBRD countries),TEA,2012,94.7900009155273
East Asia & Pacific (IDA & IBRD countries),TEA,2011,94.5699996948242
East Asia & Pacific (IDA & IBRD countries),TEA,2010,94.3399963378906
East Asia & Pacific (IDA & IBRD countries),TEA,2009,94.2900009155273
East Asia & Pacific (IDA & IBRD countries),TEA,2008,94.0100021362305
East Asia & Pacific (IDA & IBRD countries),TEA,2007,93.6999969482422
East Asia & Pacific (IDA & IBRD countries),TEA,2006,92.4800033569336
East Asia & Pacific (IDA & IBRD countries),TEA,2005,92.120002746582
East Asia & Pacific (IDA & IBRD countries),TEA,2004,91.7900009155273
East Asia & Pacific (IDA & IBRD countries),TEA,2003,91.4700012207031
East Asia & Pacific (IDA & IBRD countries),TEA,2002,91.120002746582
East Asia & Pacific (IDA & IBRD countries),TEA,2001,90.7699966430664
East Asia & Pacific (IDA & IBRD countries),TEA,2000,90.4300003051758
East Asia & Pacific (IDA & IBRD countries),TEA,1999,90.0500030517578
East Asia & Pacific (IDA & IBRD countries),TEA,1998,89.7399978637695
East Asia & Pacific (IDA & IBRD countries),TEA,1997,89.370002746582
East Asia & Pacific (IDA & IBRD countries),TEA,1996,83.7099990844727
East Asia & Pacific (IDA & IBRD countries),TEA,1995,83.1999969482422
East Asia & Pacific (IDA & IBRD countries),TEA,1994,82.629997253418
East Asia & Pacific (IDA & IBRD countries),TEA,1993,82.0599975585938
East Asia & Pacific (IDA & IBRD countries),TEA,1992,81.5699996948242
East Asia & Pacific (IDA & IBRD countries),TEA,1991,81.0299987792969
East Asia & Pacific (IDA & IBRD countries),TEA,1990,80.4599990844727
East Asia & Pacific (IDA & IBRD countries),TEA,1989,79.8199996948242
East Asia & Pacific (IDA & IBRD countries),TEA,1988,79.129997253418
East Asia & Pacific (IDA & IBRD countries),TEA,1987,74.879997253418
East Asia & Pacific (IDA & IBRD countries),TEA,1986,73.6399993896484
East Asia & Pacific (IDA & IBRD countries),TEA,1985,72.7099990844727
East Asia & Pacific (IDA & IBRD countries),TEA,1984,71.6699981689453
East Asia & Pacific (IDA & IBRD countries),TEA,1983,70.5800018310547
East Asia & Pacific (IDA & IBRD countries),TEA,1982,69.5500030517578
East Asia & Pacific (IDA & IBRD countries),TEA,1981,68.4800033569336
East Asia & Pacific (IDA & IBRD countries),TEA,1980,67.3300018310547
East Asia & Pacific (IDA & IBRD countries),TEA,1979,66.1100006103516
East Asia & Pacific (IDA & IBRD countries),TEA,1978,64.7300033569336
East Asia & Pacific (IDA & IBRD countries),TEA,1977,63.5299987792969
East Asia & Pacific (IDA & IBRD countries),TEA,1976,63.3499984741211
Europe & Central Asia,ECS,2023,98.7699966430664
Europe & Central Asia,ECS,2022,98.75
Europe & Central Asia,ECS,2021,98.7399978637695
Europe & Central Asia,ECS,2020,98.6100006103516
Europe & Central Asia,ECS,2019,98.5699996948242
Europe & Central Asia,ECS,2018,98.5
Europe & Central Asia,ECS,2017,98.4100036621094
Europe & Central Asia,ECS,2016,98.3300018310547
Europe & Central Asia,ECS,2015,98.2699966430664
Europe & Central Asia,ECS,2014,98.2200012207031
Europe & Central Asia,ECS,2013,98.1800003051758
Europe & Central Asia,ECS,2012,98.120002746582
Europe & Central Asia,ECS,2011,98.0199966430664
Europe & Central Asia,ECS,2010,97.870002746582
Europe & Central Asia,ECS,2009,97.7099990844727
Europe & Central Asia,ECS,2008,97.4499969482422
Europe & Central Asia,ECS,2007,97.3300018310547
Europe & Central Asia,ECS,2006,97.25
Europe & Central Asia,ECS,2005,97.1900024414062
Europe & Central Asia,ECS,2004,97.0699996948242
Europe & Central Asia,ECS,2003,96.9899978637695
Europe & Central Asia,ECS,2002,96.9000015258789
Europe & Central Asia,ECS,2000,96.6399993896484
Europe & Central Asia,ECS,1999,96.5400009155273
Europe & Central Asia,ECS,1998,96.4199981689453
Europe & Central Asia,ECS,1997,96.2600021362305
Europe & Central Asia,ECS,1996,96.129997253418
Europe & Central Asia,ECS,1995,95.9499969482422
Europe & Central Asia,ECS,1994,95.8000030517578
Europe & Central Asia (excluding high income),ECA,2024,99.0199966430664
Europe & Central Asia (excluding high income),ECA,2023,98.9599990844727
Europe & Central Asia (excluding high income),ECA,2022,98.9100036621094
Europe & Central Asia (excluding high income),ECA,2021,98.870002746582
Europe & Central Asia (excluding high income),ECA,2020,98.8300018310547
Europe & Central Asia (excluding high income),ECA,2019,98.8000030517578
Europe & Central Asia (excluding high income),ECA,2018,98.6600036621094
Europe & Central Asia (excluding high income),ECA,2017,98.5899963378906
Europe & Central Asia (excluding high income),ECA,2016,98.4800033569336
Europe & Central Asia (excluding high income),ECA,2015,98.3600006103516
Europe & Central Asia (excluding high income),ECA,2014,98.2900009155273
Europe & Central Asia (excluding high income),ECA,2013,98.2099990844727
Europe & Central Asia (excluding high income),ECA,2012,98.129997253418
Europe & Central Asia (excluding high income),ECA,2011,97.870002746582
Europe & Central Asia (excluding high income),ECA,2010,97.4199981689453
Europe & Central Asia (excluding high income),ECA,2009,96.8499984741211
Europe & Central Asia (excluding high income),ECA,2008,96.0199966430664
Europe & Central Asia (excluding high income),ECA,2007,95.9000015258789
Europe & Central Asia (excluding high income),ECA,2006,95.7300033569336
Europe & Central Asia (excluding high income),ECA,2005,95.8399963378906
Europe & Central Asia (excluding high income),ECA,2004,95.5599975585938
Europe & Central Asia (excluding high income),ECA,2003,95.4599990844727
Europe & Central Asia (excluding high income),ECA,2002,95.3300018310547
Europe & Central Asia (excluding high income),ECA,2001,95.1800003051758
Europe & Central Asia (excluding high income),ECA,2000,95.0299987792969
Europe & Central Asia (excluding high income),ECA,1999,94.6699981689453
Europe & Central Asia (excluding high income),ECA,1998,94.4599990844727
Europe & Central Asia (excluding high income),ECA,1997,94.1600036621094
Europe & Central Asia (excluding high income),ECA,1996,93.9599990844727
Europe & Central Asia (excluding high income),ECA,1995,93.6399993896484
Europe & Central Asia (excluding high income),ECA,1994,93.4300003051758
Europe & Central Asia (excluding high income),ECA,1993,93.2200012207031
Europe & Central Asia (excluding high income),ECA,1992,93.0100021362305
Europe & Central Asia (excluding high income),ECA,1991,92.7699966430664
Europe & Central Asia (excluding high income),ECA,1990,92.5199966430664
Europe & Central Asia (excluding high income),ECA,1989,92.2799987792969
Europe & Central Asia (excluding high income),ECA,1988,92.1800003051758
Europe & Central Asia (IDA & IBRD countries),TEC,2024,99.3899993896484
Europe & Central Asia (IDA & IBRD countries),TEC,2023,99.3600006103516
Europe & Central Asia (IDA & IBRD countries),TEC,2022,99.3300018310547
Europe & Central Asia (IDA & IBRD countries),TEC,2021,99.3099975585938
Europe & Central Asia (IDA & IBRD countries),TEC,2020,99.2900009155273
Europe & Central Asia (IDA & IBRD countries),TEC,2019,99.2699966430664
Europe & Central Asia (IDA & IBRD countries),TEC,2018,99.1999969482422
Europe & Central Asia (IDA & IBRD countries),TEC,2017,99.0899963378906
Europe & Central Asia (IDA & IBRD countries),TEC,2016,99.0299987792969
Europe & Central Asia (IDA & IBRD countries),TEC,2015,98.9700012207031
Europe & Central Asia (IDA & IBRD countries),TEC,2014,98.9199981689453
Europe & Central Asia (IDA & IBRD countries),TEC,2013,98.879997253418
Europe & Central Asia (IDA & IBRD countries),TEC,2012,98.8399963378906
Europe & Central Asia (IDA & IBRD countries),TEC,2011,98.6999969482422
Europe & Central Asia (IDA & IBRD countries),TEC,2010,98.4800033569336
Europe & Central Asia (IDA & IBRD countries),TEC,2009,98.1999969482422
Europe & Central Asia (IDA & IBRD countries),TEC,2008,97.75
Europe & Central Asia (IDA & IBRD countries),TEC,2007,97.6500015258789
Europe & Central Asia (IDA & IBRD countries),TEC,2006,97.5699996948242
Europe & Central Asia (IDA & IBRD countries),TEC,2005,97.620002746582
Europe & Central Asia (IDA & IBRD countries),TEC,2004,97.4800033569336
Europe & Central Asia (IDA & IBRD countries),TEC,2003,97.4300003051758
Europe & Central Asia (IDA & IBRD countries),TEC,2002,97.3600006103516
Europe & Central Asia (IDA & IBRD countries),TEC,2001,97.2799987792969
Europe & Central Asia (IDA & IBRD countries),TEC,2000,97.2099990844727
Europe & Central Asia (IDA & IBRD countries),TEC,1999,97.0199966430664
Europe & Central Asia (IDA & IBRD countries),TEC,1998,96.9400024414062
Europe & Central Asia (IDA & IBRD countries),TEC,1997,96.629997253418
Europe & Central Asia (IDA & IBRD countries),TEC,1996,96.4899978637695
Europe & Central Asia (IDA & IBRD countries),TEC,1995,96.3000030517578
Europe & Central Asia (IDA & IBRD countries),TEC,1994,96.1399993896484
Europe & Central Asia (IDA & IBRD countries),TEC,1993,95.9899978637695
Europe & Central Asia (IDA & IBRD countries),TEC,1992,95.8399963378906
Europe & Central Asia (IDA & IBRD countries),TEC,1991,95.6699981689453
Europe & Central Asia (IDA & IBRD countries),TEC,1990,95.5100021362305
Europe & Central Asia (IDA & IBRD countries),TEC,1989,95.3300018310547
Europe & Central Asia (IDA & IBRD countries),TEC,1988,95.2300033569336
Europe & Central Asia (IDA & IBRD countries),TEC,1987,95.0299987792969
Europe & Central Asia (IDA & IBRD countries),TEC,1986,94.8499984741211
Europe & Central Asia (IDA & IBRD countries),TEC,1985,94.6600036621094
Europe & Central Asia (IDA & IBRD countries),TEC,1984,94.4800033569336
Europe & Central Asia (IDA & IBRD countries),TEC,1983,93.6100006103516
Heavily indebted poor countries (HIPC),HPC,2024,66.629997253418
Heavily indebted poor countries (HIPC),HPC,2023,66.3000030517578
Heavily indebted poor countries (HIPC),HPC,2022,65.870002746582
Heavily indebted poor countries (HIPC),HPC,2021,65.4199981689453
Heavily indebted poor countries (HIPC),HPC,2020,64.9599990844727
Heavily indebted poor countries (HIPC),HPC,2019,64.7099990844727
Heavily indebted poor countries (HIPC),HPC,2018,64.5400009155273
Heavily indebted poor countries (HIPC),HPC,2017,62.5800018310547
Heavily indebted poor countries (HIPC),HPC,2016,61.4599990844727
Heavily indebted poor countries (HIPC),HPC,2015,60.8499984741211
Heavily indebted poor countries (HIPC),HPC,2014,60.2700004577637
Heavily indebted poor countries (HIPC),HPC,2013,59.7400016784668
Heavily indebted poor countries (HIPC),HPC,2012,58.6699981689453
Heavily indebted poor countries (HIPC),HPC,2011,57.2900009155273
Heavily indebted poor countries (HIPC),HPC,2010,55.060001373291
Heavily indebted poor countries (HIPC),HPC,2009,54.0400009155273
Heavily indebted poor countries (HIPC),HPC,2008,53.8199996948242
Heavily indebted poor countries (HIPC),HPC,2007,53.5200004577637
Heavily indebted poor countries (HIPC),HPC,2006,52.1199989318848
Heavily indebted poor countries (HIPC),HPC,2005,53.7799987792969
Heavily indebted poor countries (HIPC),HPC,2004,53.5299987792969
Heavily indebted poor countries (HIPC),HPC,2003,52.9900016784668
Heavily indebted poor countries (HIPC),HPC,2002,52.4500007629395
Heavily indebted poor countries (HIPC),HPC,2001,51.7299995422363
Heavily indebted poor countries (HIPC),HPC,2000,50.9099998474121
Heavily indebted poor countries (HIPC),HPC,1999,49.9199981689453
Heavily indebted poor countries (HIPC),HPC,1998,49.0999984741211
Heavily indebted poor countries (HIPC),HPC,1997,48.6300010681152
Heavily indebted poor countries (HIPC),HPC,1996,47.9900016784668
Heavily indebted poor countries (HIPC),HPC,1995,47.5400009155273
Heavily indebted poor countries (HIPC),HPC,1994,47.25
Heavily indebted poor countries (HIPC),HPC,1993,46.8400001525879
Heavily indebted poor countries (HIPC),HPC,1992,46.4500007629395
Heavily indebted poor countries (HIPC),HPC,1991,46.1800003051758
Heavily indebted poor countries (HIPC),HPC,1990,45.810001373291
Heavily indebted poor countries (HIPC),HPC,1989,45.2599983215332
Heavily indebted poor countries (HIPC),HPC,1988,44.7099990844727
Heavily indebted poor countries (HIPC),HPC,1987,44.2900009155273
Heavily indebted poor countries (HIPC),HPC,1986,43.6599998474121
High income,,2020,97.7099990844727
IBRD only,IBD,2024,90.6900024414062
IBRD only,IBD,2023,90.4400024414062
IBRD only,IBD,2022,90.1699981689453
IBRD only,IBD,2021,89.8600006103516
IBRD only,IBD,2020,89.6399993896484
IBRD only,IBD,2019,89.3399963378906
IBRD only,IBD,2018,89.2900009155273
IBRD only,IBD,2017,89.0599975585938
IBRD only,IBD,2016,88.870002746582
IBRD only,IBD,2015,88.6900024414062
IBRD only,IBD,2014,88.4100036621094
IBRD only,IBD,2013,88.0500030517578
IBRD only,IBD,2012,87.8000030517578
IBRD only,IBD,2011,87.4499969482422
IBRD only,IBD,2010,87.1600036621094
IBRD only,IBD,2009,86.620002746582
IBRD only,IBD,2008,86.1699981689453
IBRD only,IBD,2007,85.6999969482422
IBRD only,IBD,2006,84.8199996948242
IBRD only,IBD,2005,84.5299987792969
IBRD only,IBD,2004,84.5
IBRD only,IBD,2003,84.0999984741211
IBRD only,IBD,2002,83.5100021362305
IBRD only,IBD,2001,83.1100006103516
IBRD only,IBD,2000,82.7900009155273
IBRD only,IBD,1999,82.2600021362305
IBRD only,IBD,1998,81.7799987792969
IBRD only,IBD,1997,80.0899963378906
IBRD only,IBD,1996,77.120002746582
IBRD only,IBD,1995,76.5100021362305
IBRD only,IBD,1994,75.870002746582
IBRD only,IBD,1993,75.25
IBRD only,IBD,1992,74.629997253418
IBRD only,IBD,1991,73.9800033569336
IBRD only,IBD,1990,73.3300018310547
IBRD only,IBD,1989,72.6500015258789
IBRD only,IBD,1988,72.0199966430664
IBRD only,IBD,1987,69.8899993896484
IBRD only,IBD,1986,69.0500030517578
IBRD only,IBD,1985,68.3300018310547
IBRD only,IBD,1984,67.5699996948242
IBRD only,IBD,1983,66.6900024414062
IBRD only,IBD,1982,65.9499969482422
IBRD only,IBD,1981,65.1800003051758
IBRD only,IBD,1980,64.3899993896484
IBRD only,IBD,1979,63.5699996948242
IBRD only,IBD,1978,62.689998626709
IBRD only,IBD,1977,61.8499984741211
IBRD only,IBD,1976,61.4799995422363
IBRD only,IBD,1975,61.2799987792969
IDA & IBRD total,IBT,2024,85.8199996948242
IDA & IBRD total,IBT,2023,85.6100006103516
IDA & IBRD total,IBT,2022,85.379997253418
IDA & IBRD total,IBT,2021,85.0999984741211
IDA & IBRD total,IBT,2020,84.8899993896484
IDA & IBRD total,IBT,2019,84.6500015258789
IDA & IBRD total,IBT,2018,84.620002746582
IDA & IBRD total,IBT,2017,84.25
IDA & IBRD total,IBT,2016,84.0299987792969
IDA & IBRD total,IBT,2015,83.6399993896484
IDA & IBRD total,IBT,2014,83.1600036621094
IDA & IBRD total,IBT,2013,82.7799987792969
IDA & IBRD total,IBT,2012,82.4100036621094
IDA & IBRD total,IBT,2011,82.1699981689453
IDA & IBRD total,IBT,2010,81.7600021362305
IDA & IBRD total,IBT,2009,81.0400009155273
IDA & IBRD total,IBT,2008,80.6399993896484
IDA & IBRD total,IBT,2007,80.2200012207031
IDA & IBRD total,IBT,2006,79.5199966430664
IDA & IBRD total,IBT,2005,79.5800018310547
IDA & IBRD total,IBT,2004,79.5699996948242
IDA & IBRD total,IBT,2003,79.1600036621094
IDA & IBRD total,IBT,2002,78.5800018310547
IDA & IBRD total,IBT,2001,78.1500015258789
IDA & IBRD total,IBT,2000,77.7799987792969
IDA & IBRD total,IBT,1999,77.4899978637695
IDA & IBRD total,IBT,1998,77.0199966430664
IDA & IBRD total,IBT,1997,75.4700012207031
IDA & IBRD total,IBT,1996,72.9499969482422
IDA & IBRD total,IBT,1995,72.4000015258789
IDA & IBRD total,IBT,1994,71.8300018310547
IDA & IBRD total,IBT,1993,71.25
IDA & IBRD total,IBT,1992,70.6600036621094
IDA & IBRD total,IBT,1991,70.0400009155273
IDA & IBRD total,IBT,1990,69.4700012207031
IDA & IBRD total,IBT,1989,68.8000030517578
IDA & IBRD total,IBT,1988,68.1900024414062
IDA & IBRD total,IBT,1987,66.2699966430664
IDA & IBRD total,IBT,1986,65.4800033569336
IDA & IBRD total,IBT,1985,64.8199996948242
IDA & IBRD total,IBT,1984,64.120002746582
IDA & IBRD total,IBT,1983,63.3199996948242
IDA & IBRD total,IBT,1982,62.6500015258789
IDA & IBRD total,IBT,1981,61.9599990844727
IDA & IBRD total,IBT,1980,61.25
IDA & IBRD total,IBT,1979,60.5200004577637
IDA & IBRD total,IBT,1978,59.7400016784668
IDA & IBRD total,IBT,1977,59
IDA & IBRD total,IBT,1976,58.6399993896484
IDA & IBRD total,IBT,1975,58.4700012207031
IDA blend,IDB,2024,69.1900024414062
IDA blend,IDB,2023,68.8600006103516
IDA blend,IDB,2022,68.5400009155273
IDA blend,IDB,2021,68.2099990844727
IDA blend,IDB,2020,67.870002746582
IDA blend,IDB,2019,67.5199966430664
IDA blend,IDB,2018,67.4300003051758
IDA blend,IDB,2017,65.0599975585938
IDA blend,IDB,2016,64.8499984741211
IDA blend,IDB,2015,64.129997253418
IDA blend,IDB,2014,63.4000015258789
IDA blend,IDB,2013,62.5099983215332
IDA blend,IDB,2012,62.6199989318848
IDA blend,IDB,2011,61.4199981689453
IDA blend,IDB,2010,61.2299995422363
IDA blend,IDB,2009,60.7599983215332
IDA blend,IDB,2008,60.5299987792969
IDA blend,IDB,2007,59.5800018310547
IDA blend,IDB,2006,61.0400009155273
IDA blend,IDB,2005,60.3499984741211
IDA blend,IDB,2004,60.7999992370605
IDA blend,IDB,2003,60.0800018310547
IDA blend,IDB,2002,58.9500007629395
IDA blend,IDB,2001,58.189998626709
IDA blend,IDB,2000,57.3899993896484
IDA blend,IDB,1999,59.6199989318848
IDA blend,IDB,1998,58.8300018310547
IDA blend,IDB,1997,58.0900001525879
IDA blend,IDB,1996,57.3199996948242
IDA blend,IDB,1995,56.5200004577637
IDA blend,IDB,1994,56.2000007629395
IDA blend,IDB,1993,55.5
IDA blend,IDB,1992,53.8199996948242
IDA blend,IDB,1991,52.1699981689453
IDA blend,IDB,1990,51.5900001525879
IDA blend,IDB,1989,50.8800010681152
IDA blend,IDB,1988,50.2999992370605
IDA blend,IDB,1987,49.6100006103516
IDA blend,IDB,1986,48.9300003051758
IDA blend,IDB,1985,48.5800018310547
IDA blend,IDB,1984,48.2400016784668
IDA blend,IDB,1983,47.9000015258789
IDA blend,IDB,1982,47.6100006103516
IDA blend,IDB,1981,47.2999992370605
IDA blend,IDB,1980,47.0200004577637
IDA only,IDX,2024,70.9199981689453
IDA only,IDX,2023,70.620002746582
IDA only,IDX,2022,70.2399978637695
IDA only,IDX,2021,69.8000030517578
IDA only,IDX,2020,69.3000030517578
IDA only,IDX,2019,69.0899963378906
IDA only,IDX,2018,68.8300018310547
IDA only,IDX,2017,67.4100036621094
IDA only,IDX,2016,66.6100006103516
IDA only,IDX,2015,64.879997253418
IDA only,IDX,2014,63.1199989318848
IDA only,IDX,2013,62.6199989318848
IDA only,IDX,2012,60.8499984741211
IDA only,IDX,2011,61.3800010681152
IDA only,IDX,2010,59.8699989318848
IDA only,IDX,2009,57.4900016784668
IDA only,IDX,2008,57.2799987792969
IDA only,IDX,2007,56.9099998474121
IDA only,IDX,2006,55.8300018310547
IDA only,IDX,2005,58.0699996948242
IDA only,IDX,2004,57.6699981689453
IDA only,IDX,2003,57.0800018310547
IDA only,IDX,2002,56.4599990844727
IDA only,IDX,2001,55.75
IDA only,IDX,2000,55.0499992370605
IDA only,IDX,1999,54.1800003051758
IDA only,IDX,1998,53.3400001525879
IDA only,IDX,1997,51.8199996948242
IDA only,IDX,1996,51.1500015258789
IDA only,IDX,1995,50.5999984741211
IDA only,IDX,1994,49.9199981689453
IDA only,IDX,1993,49.1699981689453
IDA only,IDX,1992,48.7000007629395
IDA only,IDX,1991,48.310001373291
IDA only,IDX,1990,47.9199981689453
IDA only,IDX,1989,47.3800010681152
IDA only,IDX,1988,46.8499984741211
IDA only,IDX,1987,45.939998626709
IDA only,IDX,1986,45.4599990844727
IDA only,IDX,1985,45.0900001525879
IDA only,IDX,1984,44.6800003051758
IDA only,IDX,1983,44.2900009155273
IDA only,IDX,1982,43.9799995422363
IDA only,IDX,1981,43.7000007629395
IDA total,IDA,2024,70.0500030517578
IDA total,IDA,2023,69.7300033569336
IDA total,IDA,2022,69.3600006103516
IDA total,IDA,2021,68.9400024414062
IDA total,IDA,2020,68.4800033569336
IDA total,IDA,2019,68.2099990844727
IDA total,IDA,2018,68
IDA total,IDA,2017,66.9100036621094
IDA total,IDA,2016,66.3199996948242
IDA total,IDA,2015,64.9199981689453
IDA total,IDA,2014,63.5099983215332
IDA total,IDA,2013,62.8800010681152
IDA total,IDA,2012,61.7599983215332
IDA total,IDA,2011,61.689998626709
IDA total,IDA,2010,60.6300010681152
IDA total,IDA,2009,58.8800010681152
IDA total,IDA,2008,58.4300003051758
IDA total,IDA,2007,57.8499984741211
IDA total,IDA,2006,57.6599998474121
IDA total,IDA,2005,58.9099998474121
IDA total,IDA,2004,58.8199996948242
IDA total,IDA,2003,58.1800003051758
IDA total,IDA,2002,57.3800010681152
IDA total,IDA,2001,56.6599998474121
IDA total,IDA,2000,55.9199981689453
IDA total,IDA,1999,56.2999992370605
IDA total,IDA,1998,55.4799995422363
IDA total,IDA,1997,54.2099990844727
IDA total,IDA,1996,53.4900016784668
IDA total,IDA,1995,52.8600006103516
IDA total,IDA,1994,52.189998626709
IDA total,IDA,1993,51.4700012207031
IDA total,IDA,1992,50.5900001525879
IDA total,IDA,1991,49.7799987792969
IDA total,IDA,1990,49.3300018310547
IDA total,IDA,1989,48.7400016784668
IDA total,IDA,1988,48.2000007629395
IDA total,IDA,1987,47.3800010681152
IDA total,IDA,1986,46.8400001525879
IDA total,IDA,1985,46.4799995422363
IDA total,IDA,1984,46.1100006103516
IDA total,IDA,1983,45.75
IDA total,IDA,1982,45.439998626709
IDA total,IDA,1981,45.1500015258789
IDA total,IDA,1980,44.8800010681152
Late-demographic dividend,LTE,2024,96.8499984741211
Late-demographic dividend,LTE,2023,96.7300033569336
Late-demographic dividend,LTE,2022,96.6100006103516
Late-demographic dividend,LTE,2021,96.4800033569336
Late-demographic dividend,LTE,2020,96.3600006103516
Late-demographic dividend,LTE,2019,96.2300033569336
Late-demographic dividend,LTE,2018,96.0999984741211
Late-demographic dividend,LTE,2017,95.9499969482422
Late-demographic dividend,LTE,2016,95.7900009155273
Late-demographic dividend,LTE,2015,95.5699996948242
Late-demographic dividend,LTE,2014,95.4100036621094
Late-demographic dividend,LTE,2013,95.3199996948242
Late-demographic dividend,LTE,2012,95.2399978637695
Late-demographic dividend,LTE,2011,95.0500030517578
Late-demographic dividend,LTE,2010,94.6600036621094
Late-demographic dividend,LTE,2009,94.5299987792969
Late-demographic dividend,LTE,2008,94.2600021362305
Late-demographic dividend,LTE,2007,94.0400009155273
Late-demographic dividend,LTE,2006,93.0400009155273
Late-demographic dividend,LTE,2005,92.75
Late-demographic dividend,LTE,2004,92.4700012207031
Late-demographic dividend,LTE,2003,92.1999969482422
Late-demographic dividend,LTE,2002,91.8099975585938
Late-demographic dividend,LTE,2001,91.5100021362305
Late-demographic dividend,LTE,2000,91.1999969482422
Late-demographic dividend,LTE,1999,90.9300003051758
Late-demographic dividend,LTE,1998,90.6500015258789
Late-demographic dividend,LTE,1997,90.3000030517578
Late-demographic dividend,LTE,1996,85.6500015258789
Late-demographic dividend,LTE,1995,85.2300033569336
Late-demographic dividend,LTE,1994,84.7799987792969
Late-demographic dividend,LTE,1993,84.3399963378906
Late-demographic dividend,LTE,1992,83.879997253418
Late-demographic dividend,LTE,1991,83.4000015258789
Late-demographic dividend,LTE,1990,82.8899993896484
Late-demographic dividend,LTE,1989,82.379997253418
Late-demographic dividend,LTE,1988,81.8199996948242
Late-demographic dividend,LTE,1987,78.4400024414062
Late-demographic dividend,LTE,1986,77.6900024414062
Late-demographic dividend,LTE,1985,76.9400024414062
Late-demographic dividend,LTE,1984,76.120002746582
Late-demographic dividend,LTE,1983,75.2600021362305
Late-demographic dividend,LTE,1982,74.4499969482422
Late-demographic dividend,LTE,1981,73.5999984741211
Late-demographic dividend,LTE,1980,72.6900024414062
Late-demographic dividend,LTE,1979,71.7399978637695
Late-demographic dividend,LTE,1978,70.6699981689453
Late-demographic dividend,LTE,1977,69.7200012207031
Late-demographic dividend,LTE,1976,69.5899963378906
Latin America & Caribbean,LCN,2024,94.9499969482422
Latin America & Caribbean,LCN,2023,94.8300018310547
Latin America & Caribbean,LCN,2022,94.6800003051758
Latin America & Caribbean,LCN,2021,94.5
Latin America & Caribbean,LCN,2020,94.3300018310547
Latin America & Caribbean,LCN,2019,94.2699966430664
Latin America & Caribbean,LCN,2018,94.0999984741211
Latin America & Caribbean,LCN,2017,93.9199981689453
Latin America & Caribbean,LCN,2016,93.8899993896484
Latin America & Caribbean,LCN,2015,93.4499969482422
Latin America & Caribbean,LCN,2014,93.3099975585938
Latin America & Caribbean,LCN,2013,92.8099975585938
Latin America & Caribbean,LCN,2012,92.8300018310547
Latin America & Caribbean,LCN,2011,92.5199966430664
Latin America & Caribbean,LCN,2010,91.8199996948242
Latin America & Caribbean,LCN,2009,91.9000015258789
Latin America & Caribbean,LCN,2008,91.7099990844727
Latin America & Caribbean,LCN,2007,91.4100036621094
Latin America & Caribbean,LCN,2006,90.5699996948242
Latin America & Caribbean,LCN,2005,90.3600006103516
Latin America & Caribbean,LCN,2004,90.379997253418
Latin America & Caribbean,LCN,2003,90.0999984741211
Latin America & Caribbean,LCN,2002,89.4000015258789
Latin America & Caribbean,LCN,2001,89.1100006103516
Latin America & Caribbean,LCN,2000,88.9199981689453
Latin America & Caribbean,LCN,1999,88.620002746582
Latin America & Caribbean,LCN,1998,88.2900009155273
Latin America & Caribbean,LCN,1997,87.9300003051758
Latin America & Caribbean,LCN,1996,87.6500015258789
Latin America & Caribbean,LCN,1995,87.2600021362305
Latin America & Caribbean,LCN,1994,86.620002746582
Latin America & Caribbean,LCN,1993,85.9800033569336
Latin America & Caribbean,LCN,1992,85.3199996948242
Latin America & Caribbean,LCN,1991,84.6500015258789
Latin America & Caribbean,LCN,1990,83.9700012207031
Latin America & Caribbean,LCN,1989,83.6500015258789
Latin America & Caribbean,LCN,1988,83.2300033569336
Latin America & Caribbean,LCN,1987,82.7799987792969
Latin America & Caribbean,LCN,1986,82.4800033569336
Latin America & Caribbean,LCN,1985,82.129997253418
Latin America & Caribbean,LCN,1984,81.7799987792969
Latin America & Caribbean,LCN,1983,81.4100036621094
Latin America & Caribbean,LCN,1982,81.0299987792969
Latin America & Caribbean,LCN,1981,80.6399993896484
Latin America & Caribbean,LCN,1980,80.2300033569336
Latin America & Caribbean,LCN,1979,79.8600006103516
Latin America & Caribbean,LCN,1978,79.4499969482422
Latin America & Caribbean,LCN,1977,78.9899978637695
Latin America & Caribbean,LCN,1976,78.5500030517578
Latin America & Caribbean,LCN,1975,78.1500015258789
Latin America & Caribbean,LCN,1974,78.129997253418
Latin America & Caribbean (excluding high income),LAC,2024,94.7099990844727
Latin America & Caribbean (excluding high income),LAC,2023,94.5800018310547
Latin America & Caribbean (excluding high income),LAC,2022,94.4300003051758
Latin America & Caribbean (excluding high income),LAC,2021,94.2399978637695
Latin America & Caribbean (excluding high income),LAC,2020,94.0500030517578
Latin America & Caribbean (excluding high income),LAC,2019,93.9899978637695
Latin America & Caribbean (excluding high income),LAC,2018,93.8099975585938
Latin America & Caribbean (excluding high income),LAC,2017,93.6100006103516
Latin America & Caribbean (excluding high income),LAC,2016,93.5599975585938
Latin America & Caribbean (excluding high income),LAC,2015,93.1100006103516
Latin America & Caribbean (excluding high income),LAC,2014,92.9800033569336
Latin America & Caribbean (excluding high income),LAC,2013,92.5100021362305
Latin America & Caribbean (excluding high income),LAC,2012,92.5199966430664
Latin America & Caribbean (excluding high income),LAC,2011,92.1900024414062
Latin America & Caribbean (excluding high income),LAC,2010,91.3600006103516
Latin America & Caribbean (excluding high income),LAC,2009,91.4100036621094
Latin America & Caribbean (excluding high income),LAC,2008,91.2099990844727
Latin America & Caribbean (excluding high income),LAC,2007,90.8899993896484
Latin America & Caribbean (excluding high income),LAC,2006,90.0599975585938
Latin America & Caribbean (excluding high income),LAC,2005,89.9100036621094
Latin America & Caribbean (excluding high income),LAC,2004,89.9499969482422
Latin America & Caribbean (excluding high income),LAC,2003,89.6600036621094
Latin America & Caribbean (excluding high income),LAC,2002,88.8899993896484
Latin America & Caribbean (excluding high income),LAC,2001,88.5999984741211
Latin America & Caribbean (excluding high income),LAC,2000,88.4100036621094
Latin America & Caribbean (excluding high income),LAC,1999,88.0899963378906
Latin America & Caribbean (excluding high income),LAC,1998,87.75
Latin America & Caribbean (excluding high income),LAC,1997,87.3899993896484
Latin America & Caribbean (excluding high income),LAC,1996,87.0999984741211
Latin America & Caribbean (excluding high income),LAC,1995,86.6999969482422
Latin America & Caribbean (excluding high income),LAC,1994,86.0199966430664
Latin America & Caribbean (excluding high income),LAC,1993,85.3300018310547
Latin America & Caribbean (excluding high income),LAC,1992,84.629997253418
Latin America & Caribbean (excluding high income),LAC,1991,83.9199981689453
Latin America & Caribbean (excluding high income),LAC,1990,83.1999969482422
Latin America & Caribbean (excluding high income),LAC,1989,82.870002746582
Latin America & Caribbean (excluding high income),LAC,1988,82.4700012207031
Latin America & Caribbean (excluding high income),LAC,1987,82.0500030517578
Latin America & Caribbean (excluding high income),LAC,1986,81.7399978637695
Latin America & Caribbean (excluding high income),LAC,1985,81.3899993896484
Latin America & Caribbean (excluding high income),LAC,1984,81.0199966430664
Latin America & Caribbean (excluding high income),LAC,1983,80.6500015258789
Latin America & Caribbean (excluding high income),LAC,1982,80.2600021362305
Latin America & Caribbean (excluding high income),LAC,1981,79.870002746582
Latin America & Caribbean (excluding high income),LAC,1980,79.4499969482422
Latin America & Caribbean (excluding high income),LAC,1979,79.0800018310547
Latin America & Caribbean (excluding high income),LAC,1978,78.6600036621094
Latin America & Caribbean (excluding high income),LAC,1977,78.1900024414062
Latin America & Caribbean (excluding high income),LAC,1976,77.7399978637695
Latin America & Caribbean (excluding high income),LAC,1975,77.3099975585938
Latin America & Caribbean (excluding high income),LAC,1974,77.2900009155273
Latin America & the Caribbean (IDA & IBRD countries),TLA,2024,94.879997253418
Latin America & the Caribbean (IDA & IBRD countries),TLA,2023,94.75
Latin America & the Caribbean (IDA & IBRD countries),TLA,2022,94.5999984741211
Latin America & the Caribbean (IDA & IBRD countries),TLA,2021,94.4100036621094
Latin America & the Caribbean (IDA & IBRD countries),TLA,2020,94.2300033569336
Latin America & the Caribbean (IDA & IBRD countries),TLA,2019,94.1699981689453
Latin America & the Caribbean (IDA & IBRD countries),TLA,2018,94
Latin America & the Caribbean (IDA & IBRD countries),TLA,2017,93.8099975585938
Latin America & the Caribbean (IDA & IBRD countries),TLA,2016,93.7799987792969
Latin America & the Caribbean (IDA & IBRD countries),TLA,2015,93.3300018310547
Latin America & the Caribbean (IDA & IBRD countries),TLA,2014,93.1800003051758
Latin America & the Caribbean (IDA & IBRD countries),TLA,2013,92.6699981689453
Latin America & the Caribbean (IDA & IBRD countries),TLA,2012,92.6900024414062
Latin America & the Caribbean (IDA & IBRD countries),TLA,2011,92.370002746582
Latin America & the Caribbean (IDA & IBRD countries),TLA,2010,91.6399993896484
Latin America & the Caribbean (IDA & IBRD countries),TLA,2009,91.7200012207031
Latin America & the Caribbean (IDA & IBRD countries),TLA,2008,91.5299987792969
Latin America & the Caribbean (IDA & IBRD countries),TLA,2007,91.2099990844727
Latin America & the Caribbean (IDA & IBRD countries),TLA,2006,90.3499984741211
Latin America & the Caribbean (IDA & IBRD countries),TLA,2005,90.129997253418
Latin America & the Caribbean (IDA & IBRD countries),TLA,2004,90.1500015258789
Latin America & the Caribbean (IDA & IBRD countries),TLA,2003,89.8600006103516
Latin America & the Caribbean (IDA & IBRD countries),TLA,2002,89.1399993896484
Latin America & the Caribbean (IDA & IBRD countries),TLA,2001,88.8399963378906
Latin America & the Caribbean (IDA & IBRD countries),TLA,2000,88.6500015258789
Latin America & the Caribbean (IDA & IBRD countries),TLA,1999,88.3399963378906
Latin America & the Caribbean (IDA & IBRD countries),TLA,1998,88
Latin America & the Caribbean (IDA & IBRD countries),TLA,1997,87.629997253418
Latin America & the Caribbean (IDA & IBRD countries),TLA,1996,87.3399963378906
Latin America & the Caribbean (IDA & IBRD countries),TLA,1995,86.9400024414062
Latin America & the Caribbean (IDA & IBRD countries),TLA,1994,86.2900009155273
Latin America & the Caribbean (IDA & IBRD countries),TLA,1993,85.620002746582
Latin America & the Caribbean (IDA & IBRD countries),TLA,1992,84.9499969482422
Latin America & the Caribbean (IDA & IBRD countries),TLA,1991,84.2600021362305
Latin America & the Caribbean (IDA & IBRD countries),TLA,1990,83.5699996948242
Latin America & the Caribbean (IDA & IBRD countries),TLA,1989,83.25
Latin America & the Caribbean (IDA & IBRD countries),TLA,1988,82.8099975585938
Latin America & the Caribbean (IDA & IBRD countries),TLA,1987,82.3499984741211
Latin America & the Caribbean (IDA & IBRD countries),TLA,1986,82.0500030517578
Latin America & the Caribbean (IDA & IBRD countries),TLA,1985,81.6999969482422
Latin America & the Caribbean (IDA & IBRD countries),TLA,1984,81.3300018310547
Latin America & the Caribbean (IDA & IBRD countries),TLA,1983,80.9599990844727
Latin America & the Caribbean (IDA & IBRD countries),TLA,1982,80.5699996948242
Latin America & the Caribbean (IDA & IBRD countries),TLA,1981,80.1800003051758
Latin America & the Caribbean (IDA & IBRD countries),TLA,1980,79.75
Latin America & the Caribbean (IDA & IBRD countries),TLA,1979,79.379997253418
Latin America & the Caribbean (IDA & IBRD countries),TLA,1978,78.9499969482422
Latin America & the Caribbean (IDA & IBRD countries),TLA,1977,78.4800033569336
Latin America & the Caribbean (IDA & IBRD countries),TLA,1976,78.0299987792969
Latin America & the Caribbean (IDA & IBRD countries),TLA,1975,77.620002746582
Latin America & the Caribbean (IDA & IBRD countries),TLA,1974,77.5999984741211
Least developed countries: UN classification,LDC,2024,68.3199996948242
Least developed countries: UN classification,LDC,2023,67.9700012207031
Least developed countries: UN classification,LDC,2022,67.5500030517578
Least developed countries: UN classification,LDC,2021,67.0299987792969
Least developed countries: UN classification,LDC,2020,66.4499969482422
Least developed countries: UN classification,LDC,2019,66.2200012207031
Least developed countries: UN classification,LDC,2018,65.9499969482422
Least developed countries: UN classification,LDC,2017,65.4899978637695
Least developed countries: UN classification,LDC,2016,64.5999984741211
Least developed countries: UN classification,LDC,2015,62.7299995422363
Least developed countries: UN classification,LDC,2014,60.7999992370605
Least developed countries: UN classification,LDC,2013,60.2099990844727
Least developed countries: UN classification,LDC,2012,58.1800003051758
Least developed countries: UN classification,LDC,2011,58.7700004577637
Least developed countries: UN classification,LDC,2010,57.0800018310547
Least developed countries: UN classification,LDC,2009,54.6100006103516
Least developed countries: UN classification,LDC,2008,53.9799995422363
Least developed countries: UN classification,LDC,2007,53.6599998474121
Least developed countries: UN classification,LDC,2006,52.689998626709
Least developed countries: UN classification,LDC,2005,55.2400016784668
Least developed countries: UN classification,LDC,2004,54.8400001525879
Least developed countries: UN classification,LDC,2003,54.2099990844727
Least developed countries: UN classification,LDC,2002,53.5499992370605
Least developed countries: UN classification,LDC,2001,52.810001373291
Least developed countries: UN classification,LDC,2000,52.0800018310547
Least developed countries: UN classification,LDC,1999,51.4700012207031
Least developed countries: UN classification,LDC,1998,50.5900001525879
Least developed countries: UN classification,LDC,1997,48.9300003051758
Least developed countries: UN classification,LDC,1996,48.25
Least developed countries: UN classification,LDC,1995,47.7099990844727
Least developed countries: UN classification,LDC,1994,46.7599983215332
Least developed countries: UN classification,LDC,1993,45.9599990844727
Least developed countries: UN classification,LDC,1992,45.4799995422363
Least developed countries: UN classification,LDC,1991,45.1100006103516
Least developed countries: UN classification,LDC,1990,44.7000007629395
Least developed countries: UN classification,LDC,1989,44.1500015258789
Least developed countries: UN classification,LDC,1988,43.6199989318848
Least developed countries: UN classification,LDC,1987,42.6500015258789
Least developed countries: UN classification,LDC,1986,42.1800003051758
Least developed countries: UN classification,LDC,1985,41.8199996948242
Least developed countries: UN classification,LDC,1984,41.4199981689453
Least developed countries: UN classification,LDC,1983,41.0400009155273
Least developed countries: UN classification,LDC,1982,40.7299995422363
Least developed countries: UN classification,LDC,1981,40.4500007629395
Low & middle income,LMY,2024,85.6699981689453
Low & middle income,LMY,2023,85.4499969482422
Low & middle income,LMY,2022,85.2200012207031
Low & middle income,LMY,2021,84.9300003051758
Low & middle income,LMY,2020,84.7200012207031
Low & middle income,LMY,2019,84.4700012207031
Low & middle income,LMY,2018,84.4300003051758
Low & middle income,LMY,2017,84.0599975585938
Low & middle income,LMY,2016,83.8300018310547
Low & middle income,LMY,2015,83.4400024414062
Low & middle income,LMY,2014,82.9499969482422
Low & middle income,LMY,2013,82.5699996948242
Low & middle income,LMY,2012,82.1900024414062
Low & middle income,LMY,2011,81.9400024414062
Low & middle income,LMY,2010,81.5299987792969
Low & middle income,LMY,2009,80.7799987792969
Low & middle income,LMY,2008,80.379997253418
Low & middle income,LMY,2007,79.9499969482422
Low & middle income,LMY,2006,79.25
Low & middle income,LMY,2005,79.3099975585938
Low & middle income,LMY,2004,79.3000030517578
Low & middle income,LMY,2003,78.879997253418
Low & middle income,LMY,2002,78.2900009155273
Low & middle income,LMY,2001,77.8499984741211
Low & middle income,LMY,2000,77.4700012207031
Low & middle income,LMY,1999,77.1699981689453
Low & middle income,LMY,1998,76.6900024414062
Low & middle income,LMY,1997,75.1100006103516
Low & middle income,LMY,1996,72.5500030517578
Low & middle income,LMY,1995,71.9899978637695
Low & middle income,LMY,1994,71.4000015258789
Low & middle income,LMY,1993,70.8099975585938
Low & middle income,LMY,1992,70.1999969482422
Low & middle income,LMY,1991,69.5699996948242
Low & middle income,LMY,1990,68.9899978637695
Low & middle income,LMY,1989,68.3099975585938
Low & middle income,LMY,1988,67.6900024414062
Low & middle income,LMY,1987,65.7399978637695
Low & middle income,LMY,1986,64.9300003051758
Low & middle income,LMY,1985,64.2699966430664
Low & middle income,LMY,1984,63.560001373291
Low & middle income,LMY,1983,62.75
Low & middle income,LMY,1982,62.0699996948242
Low & middle income,LMY,1981,61.3699989318848
Low & middle income,LMY,1980,60.6500015258789
Low & middle income,LMY,1979,59.9099998474121
Low & middle income,LMY,1978,59.1199989318848
Low & middle income,LMY,1977,58.3600006103516
Low & middle income,LMY,1976,58
Low & middle income,LMY,1975,57.8300018310547
Low income,,2024,63.5699996948242
Low income,,2023,63.2099990844727
Low income,,2022,62.7700004577637
Low income,,2021,62.3300018310547
Low income,,2020,61.8800010681152
Low income,,2019,61.7400016784668
Low income,,2018,61.7200012207031
Low income,,2017,61.4199981689453
Low income,,2016,60.3600006103516
Low income,,2015,59.7000007629395
Low income,,2014,59.0299987792969
Low income,,2013,58.9000015258789
Low income,,2012,57.9799995422363
Low income,,2011,57.4900016784668
Low income,,2010,55.2700004577637
Low income,,2009,54.7700004577637
Low income,,2008,54.25
Low income,,2007,53.3899993896484
Low income,,2006,52.1699981689453
Low income,,2005,54.0200004577637
Low income,,2004,53.6100006103516
Low income,,2003,53.1399993896484
Low income,,2002,52.7200012207031
Low income,,2001,52.0699996948242
Low income,,2000,51.4300003051758
Low income,,1999,51.0099983215332
Low income,,1998,50.439998626709
Low income,,1997,49.7700004577637
Low income,,1996,49.1599998474121
Low income,,1995,48.8199996948242
Low income,,1994,48.3400001525879
Low income,,1993,48.0800018310547
Low income,,1992,47.8199996948242
Low income,,1991,47.7000007629395
Low income,,1990,47.4199981689453
Low income,,1989,46.9099998474121
Low income,,1988,46.4799995422363
Lower middle income,,2024,78.2799987792969
Lower middle income,,2023,77.7799987792969
Lower middle income,,2022,77.2600021362305
Lower middle income,,2021,76.6500015258789
Lower middle income,,2020,76.0400009155273
Lower middle income,,2019,75.4100036621094
Lower middle income,,2018,75.4400024414062
Lower middle income,,2017,74.6100006103516
Lower middle income,,2016,74.0699996948242
Lower middle income,,2015,73.3099975585938
Lower middle income,,2014,72.2300033569336
Lower middle income,,2013,71.5999984741211
Lower middle income,,2012,70.7200012207031
Lower middle income,,2011,70.2900009155273
Lower middle income,,2010,69.5899963378906
Lower middle income,,2009,67.7099990844727
Lower middle income,,2008,67.0299987792969
Lower middle income,,2007,66.370002746582
Lower middle income,,2006,65.8600006103516
Lower middle income,,2005,65.9000015258789
Lower middle income,,2004,66.1100006103516
Lower middle income,,2003,65.4000015258789
Lower middle income,,2002,64.3499984741211
Lower middle income,,2001,63.6100006103516
Lower middle income,,2000,62.8699989318848
Lower middle income,,1999,62.6399993896484
Lower middle income,,1998,61.8499984741211
Lower middle income,,1997,58.3499984741211
Lower middle income,,1996,57.5200004577637
Lower middle income,,1995,56.689998626709
Lower middle income,,1994,55.8699989318848
Lower middle income,,1993,55
Lower middle income,,1992,54.0999984741211
Lower middle income,,1991,53.1800003051758
Lower middle income,,1990,52.4199981689453
Lower middle income,,1989,51.7000007629395
Lower middle income,,1988,51
Lower middle income,,1987,50.3400001525879
Lower middle income,,1986,49.4900016784668
Lower middle income,,1985,48.9500007629395
Lower middle income,,1984,48.3400001525879
Lower middle income,,1983,47.7299995422363
Lower middle income,,1982,47.2299995422363
Lower middle income,,1981,46.6500015258789
Lower middle income,,1980,46.0999984741211
Lower middle income,,1979,45.5400009155273
Lower middle income,,1978,44.9700012207031
Lower middle income,,1977,44.3899993896484
Lower middle income,,1976,43.8300018310547
Lower middle income,,1975,43.7299995422363
"Middle East, North Africa, Afghanistan & Pakistan",MEA,2024,75.5899963378906
"Middle East, North Africa, Afghanistan & Pakistan",MEA,2023,75.0699996948242
"Middle East, North Africa, Afghanistan & Pakistan",MEA,2022,74.5199966430664
"Middle East, North Africa, Afghanistan & Pakistan",MEA,2021,73.9199981689453
"Middle East, North Africa, Afghanistan & Pakistan",MEA,2020,73.4499969482422
"Middle East, North Africa, Afghanistan & Pakistan",MEA,2019,72.9000015258789
"Middle East, North Africa, Afghanistan & Pakistan",MEA,2018,72.6600036621094
"Middle East, North Africa, Afghanistan & Pakistan",MEA,2017,72.7200012207031
"Middle East, North Africa, Afghanistan & Pakistan",MEA,2016,72.3499984741211
"Middle East, North Africa, Afghanistan & Pakistan",MEA,2015,72.75
"Middle East, North Africa, Afghanistan & Pakistan",MEA,2014,71.9300003051758
"Middle East, North Africa, Afghanistan & Pakistan",MEA,2013,71.5500030517578
"Middle East, North Africa, Afghanistan & Pakistan",MEA,2012,71.2600021362305
"Middle East, North Africa, Afghanistan & Pakistan",MEA,2011,70.2099990844727
"Middle East, North Africa, Afghanistan & Pakistan",MEA,2010,70.0400009155273
"Middle East, North Africa, Afghanistan & Pakistan",MEA,2009,69.5699996948242
"Middle East, North Africa, Afghanistan & Pakistan",MEA,2008,68.5899963378906
"Middle East, North Africa, Afghanistan & Pakistan",MEA,2007,67.0500030517578
"Middle East, North Africa, Afghanistan & Pakistan",MEA,2006,66.2699966430664
"Middle East, North Africa, Afghanistan & Pakistan",MEA,2005,66.6900024414062
"Middle East, North Africa, Afghanistan & Pakistan",MEA,2004,65.9700012207031
"Middle East, North Africa, Afghanistan & Pakistan",MEA,2003,65.129997253418
"Middle East, North Africa, Afghanistan & Pakistan",MEA,2002,62.8600006103516
"Middle East, North Africa, Afghanistan & Pakistan",MEA,2001,61.8800010681152
"Middle East, North Africa, Afghanistan & Pakistan",MEA,2000,60.8300018310547
"Middle East, North Africa, Afghanistan & Pakistan",MEA,1999,59.939998626709
"Middle East, North Africa, Afghanistan & Pakistan",MEA,1998,59
"Middle East, North Africa, Afghanistan & Pakistan",MEA,1997,58.0299987792969
"Middle East, North Africa, Afghanistan & Pakistan",MEA,1996,57.1300010681152
"Middle East, North Africa, Afghanistan & Pakistan",MEA,1995,56.2200012207031
"Middle East, North Africa, Afghanistan & Pakistan",MEA,1994,55.1199989318848
"Middle East, North Africa, Afghanistan & Pakistan",MEA,1993,54.4300003051758
"Middle East, North Africa, Afghanistan & Pakistan",MEA,1992,53.0699996948242
"Middle East, North Africa, Afghanistan & Pakistan",MEA,1991,51.5099983215332
"Middle East, North Africa, Afghanistan & Pakistan",MEA,1990,50.7099990844727
"Middle East, North Africa, Afghanistan & Pakistan",MEA,1989,48.9500007629395
"Middle East, North Africa, Afghanistan & Pakistan",MEA,1988,48.060001373291
"Middle East, North Africa, Afghanistan & Pakistan",MEA,1987,47.1699981689453
"Middle East, North Africa, Afghanistan & Pakistan",MEA,1986,46.3800010681152
"Middle East, North Africa, Afghanistan & Pakistan",MEA,1985,45.5999984741211
"Middle East, North Africa, Afghanistan & Pakistan",MEA,1984,44.8300018310547
"Middle East, North Africa, Afghanistan & Pakistan",MEA,1983,44.0499992370605
"Middle East, North Africa, Afghanistan & Pakistan",MEA,1982,43.4300003051758
"Middle East, North Africa, Afghanistan & Pakistan",MEA,1981,42.6199989318848
"Middle East, North Africa, Afghanistan & Pakistan",MEA,1980,42.0099983215332
"Middle East, North Africa, Afghanistan & Pakistan",MEA,1979,41.3800010681152
"Middle East, North Africa, Afghanistan & Pakistan",MEA,1978,40.7599983215332
"Middle East, North Africa, Afghanistan & Pakistan",MEA,1977,40.1500015258789
"Middle East, North Africa, Afghanistan & Pakistan",MEA,1976,39.5999984741211
"Middle East, North Africa, Afghanistan & Pakistan",MEA,1975,39.2400016784668
"Middle East, North Africa, Afghanistan & Pakistan",MEA,1974,38.8899993896484
"Middle East, North Africa, Afghanistan & Pakistan",MEA,1973,38.5900001525879
Middle income,MIC,2024,87.8000030517578
Middle income,MIC,2023,87.5500030517578
Middle income,MIC,2022,87.3000030517578
Middle income,MIC,2021,86.9899978637695
Middle income,MIC,2020,86.75
Middle income,MIC,2019,86.4599990844727
Middle income,MIC,2018,86.370002746582
Middle income,MIC,2017,85.9599990844727
Middle income,MIC,2016,85.7600021362305
Middle income,MIC,2015,85.3600006103516
Middle income,MIC,2014,84.870002746582
Middle income,MIC,2013,84.4499969482422
Middle income,MIC,2012,84.0800018310547
Middle income,MIC,2011,83.8199996948242
Middle income,MIC,2010,83.5100021362305
Middle income,MIC,2009,82.7200012207031
Middle income,MIC,2008,82.3000030517578
Middle income,MIC,2007,81.870002746582
Middle income,MIC,2006,81.1699981689453
Middle income,MIC,2005,81.0800018310547
Middle income,MIC,2004,81.0800018310547
Middle income,MIC,2003,80.6500015258789
Middle income,MIC,2002,80.0100021362305
Middle income,MIC,2001,79.5699996948242
Middle income,MIC,2000,79.2099990844727
Middle income,MIC,1999,78.8899993896484
Middle income,MIC,1998,78.3899993896484
Middle income,MIC,1997,76.7300033569336
Middle income,MIC,1996,74.0400009155273
Middle income,MIC,1995,73.4400024414062
Middle income,MIC,1994,72.8000030517578
Middle income,MIC,1993,72.1699981689453
Middle income,MIC,1992,71.5199966430664
Middle income,MIC,1991,70.8399963378906
Middle income,MIC,1990,70.2200012207031
Middle income,MIC,1989,69.5400009155273
Middle income,MIC,1988,68.9000015258789
Middle income,MIC,1987,66.870002746582
Middle income,MIC,1986,66.0400009155273
Middle income,MIC,1985,65.3499984741211
Middle income,MIC,1984,64.620002746582
Middle income,MIC,1983,63.7799987792969
Middle income,MIC,1982,63.0800018310547
Middle income,MIC,1981,62.3499984741211
Middle income,MIC,1980,61.6100006103516
Middle income,MIC,1979,60.8400001525879
Middle income,MIC,1978,60.0200004577637
Middle income,MIC,1977,59.2299995422363
Middle income,MIC,1976,58.8600006103516
Middle income,MIC,1975,58.689998626709
North America,NAC,2022,98.7900009155273
North America,NAC,2021,98.7900009155273
North America,NAC,2020,98.7699966430664
North America,NAC,2019,98.7600021362305
North America,NAC,2018,98.7600021362305
North America,NAC,2017,98.75
North America,NAC,2008,98.6900024414062
North America,NAC,2007,98.6699981689453
North America,NAC,2006,98.6600036621094
North America,NAC,2005,98.6399993896484
North America,NAC,2004,98.629997253418
North America,NAC,2003,98.620002746582
OECD members,OED,2020,97.2099990844727
Other small states,OSS,2024,87.120002746582
Other small states,OSS,2023,87.0100021362305
Other small states,OSS,2022,86.8600006103516
Other small states,OSS,2021,86.7300033569336
Other small states,OSS,2020,86.5500030517578
Other small states,OSS,2019,86.7099990844727
Other small states,OSS,2018,86.5
Other small states,OSS,2017,86.2300033569336
Other small states,OSS,2016,85.870002746582
Other small states,OSS,2015,84.2200012207031
Other small states,OSS,2014,83.4199981689453
Other small states,OSS,2013,83
Other small states,OSS,2012,82.5599975585938
Other small states,OSS,2011,82.2099990844727
Other small states,OSS,2010,81.7300033569336
Other small states,OSS,2009,80.9100036621094
Other small states,OSS,2008,80.7900009155273
Other small states,OSS,2007,80
Other small states,OSS,2006,79.4199981689453
Other small states,OSS,2005,79.8499984741211
Other small states,OSS,2004,81.120002746582
Other small states,OSS,2003,80.5500030517578
Other small states,OSS,2002,79.9899978637695
Other small states,OSS,2001,79.3600006103516
Other small states,OSS,2000,78.9599990844727
Other small states,OSS,1999,78.2200012207031
Other small states,OSS,1998,77.8000030517578
Other small states,OSS,1997,77.0999984741211
Other small states,OSS,1996,76.6600036621094
Other small states,OSS,1995,76.0899963378906
Other small states,OSS,1994,75.7399978637695
Other small states,OSS,1993,75.4499969482422
Other small states,OSS,1992,75.0400009155273
Other small states,OSS,1991,74.7900009155273
Other small states,OSS,1990,74.4499969482422
Other small states,OSS,1989,73.879997253418
Other small states,OSS,1988,73.2099990844727
Other small states,OSS,1987,72.5400009155273
Other small states,OSS,1986,72
Other small states,OSS,1985,71.620002746582
Other small states,OSS,1984,71.3000030517578
Other small states,OSS,1983,70.9800033569336
Pre-demographic dividend,PRE,2024,67.7200012207031
Pre-demographic dividend,PRE,2023,67.3899993896484
Pre-demographic dividend,PRE,2022,66.9899978637695
Pre-demographic dividend,PRE,2021,66.5500030517578
Pre-demographic dividend,PRE,2020,66.1600036621094
Pre-demographic dividend,PRE,2019,65.9300003051758
Pre-demographic dividend,PRE,2018,65.7900009155273
Pre-demographic dividend,PRE,2017,63.8400001525879
Pre-demographic dividend,PRE,2016,62.6800003051758
Pre-demographic dividend,PRE,2015,62.0800018310547
Pre-demographic dividend,PRE,2014,61.4599990844727
Pre-demographic dividend,PRE,2013,60.8300018310547
Pre-demographic dividend,PRE,2012,59.7900009155273
Pre-demographic dividend,PRE,2011,58.5
Pre-demographic dividend,PRE,2010,56.5999984741211
Pre-demographic dividend,PRE,2009,55.8899993896484
Pre-demographic dividend,PRE,2008,55.6399993896484
Pre-demographic dividend,PRE,2007,55.3600006103516
Pre-demographic dividend,PRE,2006,56.5
Pre-demographic dividend,PRE,2005,57.6800003051758
Pre-demographic dividend,PRE,2004,58.0900001525879
Pre-demographic dividend,PRE,2003,57.5200004577637
Pre-demographic dividend,PRE,2002,57.0200004577637
Pre-demographic dividend,PRE,2001,56.1599998474121
Pre-demographic dividend,PRE,2000,55.25
Pre-demographic dividend,PRE,1999,56.7299995422363
Pre-demographic dividend,PRE,1998,55.7900009155273
Pre-demographic dividend,PRE,1997,55.1199989318848
Pre-demographic dividend,PRE,1996,54.2599983215332
Pre-demographic dividend,PRE,1995,53.5900001525879
Pre-demographic dividend,PRE,1994,53.1699981689453
Pre-demographic dividend,PRE,1993,52.5499992370605
Pre-demographic dividend,PRE,1992,51.9799995422363
Pre-demographic dividend,PRE,1991,51.4799995422363
Pre-demographic dividend,PRE,1990,50.9900016784668
Pre-demographic dividend,PRE,1989,50.4000015258789
Pre-demographic dividend,PRE,1988,49.7599983215332
Pre-demographic dividend,PRE,1987,49.1800003051758
Pre-demographic dividend,PRE,1986,48.4599990844727
Small states,SST,2024,88.0199966430664
Small states,SST,2023,87.9300003051758
Small states,SST,2022,87.8300018310547
Small states,SST,2021,87.7099990844727
Small states,SST,2020,87.5800018310547
Small states,SST,2019,87.7099990844727
Small states,SST,2018,87.5299987792969
Small states,SST,2017,87.3300018310547
Small states,SST,2016,87.0699996948242
Small states,SST,2015,85.8600006103516
Small states,SST,2014,85.3000030517578
Small states,SST,2013,84.9899978637695
Small states,SST,2012,84.6999969482422
Small states,SST,2011,84.4599990844727
Small states,SST,2010,84.1100006103516
Small states,SST,2009,83.5400009155273
Small states,SST,2008,83.4300003051758
Small states,SST,2007,82.8399963378906
Small states,SST,2006,82.3199996948242
Small states,SST,2005,82.5999984741211
Small states,SST,2004,83.4400024414062
Small states,SST,2003,82.9800033569336
Small states,SST,2002,82.5500030517578
Small states,SST,2001,82.0500030517578
Small states,SST,2000,81.7200012207031
Small states,SST,1999,81.1100006103516
Small states,SST,1998,80.7399978637695
Small states,SST,1997,80.1699981689453
Small states,SST,1996,79.8000030517578
Small states,SST,1995,79.3199996948242
Small states,SST,1994,78.9899978637695
Small states,SST,1993,78.7799987792969
Small states,SST,1992,78.4800033569336
Small states,SST,1991,78.3099975585938
Small states,SST,1990,78.0699996948242
Small states,SST,1989,77.6600036621094
Small states,SST,1988,77.1699981689453
Small states,SST,1987,76.6900024414062
Small states,SST,1986,76.2900009155273
South Asia,SAS,2024,78.2300033569336
South Asia,SAS,2023,77.5699996948242
South Asia,SAS,2022,76.9000015258789
South Asia,SAS,2021,76.0599975585938
South Asia,SAS,2020,75.2399978637695
South Asia,SAS,2019,74.5100021362305
South Asia,SAS,2018,74.7399978637695
South Asia,SAS,2017,74.0199966430664
South Asia,SAS,2016,73.3499984741211
South Asia,SAS,2015,71.9599990844727
South Asia,SAS,2014,70.5599975585938
South Asia,SAS,2013,69.8399963378906
South Asia,SAS,2012,68.5299987792969
South Asia,SAS,2011,68.6999969482422
South Asia,SAS,2010,67.9400024414062
South Asia,SAS,2009,65.0400009155273
South Asia,SAS,2008,64.2099990844727
South Asia,SAS,2007,63.3800010681152
South Asia,SAS,2006,62.5299987792969
South Asia,SAS,2005,62.439998626709
South Asia,SAS,2004,62.7400016784668
South Asia,SAS,2003,61.939998626709
South Asia,SAS,2002,61.1300010681152
South Asia,SAS,2001,60.310001373291
South Asia,SAS,2000,59.5200004577637
South Asia,SAS,1999,58.7299995422363
South Asia,SAS,1998,57.9199981689453
South Asia,SAS,1997,52.5999984741211
South Asia,SAS,1996,51.7799987792969
South Asia,SAS,1995,50.9500007629395
South Asia,SAS,1994,50.1500015258789
South Asia,SAS,1993,49.3499984741211
South Asia,SAS,1992,48.560001373291
South Asia,SAS,1991,47.7799987792969
South Asia,SAS,1990,47.0499992370605
South Asia,SAS,1989,46.2700004577637
South Asia,SAS,1988,45.4799995422363
South Asia,SAS,1987,44.7700004577637
South Asia,SAS,1986,44.0900001525879
South Asia,SAS,1985,43.4199981689453
South Asia,SAS,1984,42.75
South Asia,SAS,1983,42.0800018310547
South Asia,SAS,1982,41.4099998474121
South Asia,SAS,1981,40.7400016784668
South Asia,SAS,1980,40.1199989318848
South Asia,SAS,1979,39.4700012207031
South Asia,SAS,1978,38.810001373291
South Asia,SAS,1977,38.1300010681152
South Asia,SAS,1976,37.439998626709
South Asia,SAS,1975,37.439998626709
South Asia (IDA & IBRD),TSA,2024,78.2300033569336
South Asia (IDA & IBRD),TSA,2023,77.5699996948242
South Asia (IDA & IBRD),TSA,2022,76.9000015258789
South Asia (IDA & IBRD),TSA,2021,76.0599975585938
South Asia (IDA & IBRD),TSA,2020,75.2399978637695
South Asia (IDA & IBRD),TSA,2019,74.5100021362305
South Asia (IDA & IBRD),TSA,2018,74.7399978637695
South Asia (IDA & IBRD),TSA,2017,74.0199966430664
South Asia (IDA & IBRD),TSA,2016,73.3499984741211
South Asia (IDA & IBRD),TSA,2015,71.9599990844727
South Asia (IDA & IBRD),TSA,2014,70.5599975585938
South Asia (IDA & IBRD),TSA,2013,69.8399963378906
South Asia (IDA & IBRD),TSA,2012,68.5299987792969
South Asia (IDA & IBRD),TSA,2011,68.6999969482422
South Asia (IDA & IBRD),TSA,2010,67.9400024414062
South Asia (IDA & IBRD),TSA,2009,65.0400009155273
South Asia (IDA & IBRD),TSA,2008,64.2099990844727
South Asia (IDA & IBRD),TSA,2007,63.3800010681152
South Asia (IDA & IBRD),TSA,2006,62.5299987792969
South Asia (IDA & IBRD),TSA,2005,62.439998626709
South Asia (IDA & IBRD),TSA,2004,62.7400016784668
South Asia (IDA & IBRD),TSA,2003,61.939998626709
South Asia (IDA & IBRD),TSA,2002,61.1300010681152
South Asia (IDA & IBRD),TSA,2001,60.310001373291
South Asia (IDA & IBRD),TSA,2000,59.5200004577637
South Asia (IDA & IBRD),TSA,1999,58.7299995422363
South Asia (IDA & IBRD),TSA,1998,57.9199981689453
South Asia (IDA & IBRD),TSA,1997,52.5999984741211
South Asia (IDA & IBRD),TSA,1996,51.7799987792969
South Asia (IDA & IBRD),TSA,1995,50.9500007629395
South Asia (IDA & IBRD),TSA,1994,50.1500015258789
South Asia (IDA & IBRD),TSA,1993,49.3499984741211
South Asia (IDA & IBRD),TSA,1992,48.560001373291
South Asia (IDA & IBRD),TSA,1991,47.7799987792969
South Asia (IDA & IBRD),TSA,1990,47.0499992370605
South Asia (IDA & IBRD),TSA,1989,46.2700004577637
South Asia (IDA & IBRD),TSA,1988,45.4799995422363
South Asia (IDA & IBRD),TSA,1987,44.7700004577637
South Asia (IDA & IBRD),TSA,1986,44.0900001525879
South Asia (IDA & IBRD),TSA,1985,43.4199981689453
South Asia (IDA & IBRD),TSA,1984,42.75
South Asia (IDA & IBRD),TSA,1983,42.0800018310547
South Asia (IDA & IBRD),TSA,1982,41.4099998474121
South Asia (IDA & IBRD),TSA,1981,40.7400016784668
South Asia (IDA & IBRD),TSA,1980,40.1199989318848
South Asia (IDA & IBRD),TSA,1979,39.4700012207031
South Asia (IDA & IBRD),TSA,1978,38.810001373291
South Asia (IDA & IBRD),TSA,1977,38.1300010681152
South Asia (IDA & IBRD),TSA,1976,37.439998626709
South Asia (IDA & IBRD),TSA,1975,37.439998626709
Sub-Saharan Africa,SSF,2024,68.6900024414062
Sub-Saharan Africa,SSF,2023,68.4400024414062
Sub-Saharan Africa,SSF,2022,68.1500015258789
Sub-Saharan Africa,SSF,2021,67.8399963378906
Sub-Saharan Africa,SSF,2020,67.8899993896484
Sub-Saharan Africa,SSF,2019,67.7300033569336
Sub-Saharan Africa,SSF,2018,67.129997253418
Sub-Saharan Africa,SSF,2017,65.25
Sub-Saharan Africa,SSF,2016,64.8899993896484
Sub-Saharan Africa,SSF,2015,64.2600021362305
Sub-Saharan Africa,SSF,2014,63.6699981689453
Sub-Saharan Africa,SSF,2013,63.1199989318848
Sub-Saharan Africa,SSF,2012,62.2400016784668
Sub-Saharan Africa,SSF,2011,61.0099983215332
Sub-Saharan Africa,SSF,2010,59.3199996948242
Sub-Saharan Africa,SSF,2009,58.6500015258789
Sub-Saharan Africa,SSF,2008,58.1699981689453
Sub-Saharan Africa,SSF,2007,57.8300018310547
Sub-Saharan Africa,SSF,2006,58.0299987792969
Sub-Saharan Africa,SSF,2005,58.939998626709
Sub-Saharan Africa,SSF,2004,59.2599983215332
Sub-Saharan Africa,SSF,2003,58.5800018310547
Sub-Saharan Africa,SSF,2002,58.0499992370605
Sub-Saharan Africa,SSF,2001,57.3400001525879
Sub-Saharan Africa,SSF,2000,56.5699996948242
Sub-Saharan Africa,SSF,1999,57.7000007629395
Sub-Saharan Africa,SSF,1998,56.8300018310547
Sub-Saharan Africa,SSF,1997,56.1599998474121
Sub-Saharan Africa,SSF,1996,55.3699989318848
Sub-Saharan Africa,SSF,1995,54.7400016784668
Sub-Saharan Africa,SSF,1994,54.3400001525879
Sub-Saharan Africa,SSF,1993,53.7200012207031
Sub-Saharan Africa,SSF,1992,53.1399993896484
Sub-Saharan Africa,SSF,1991,52.6699981689453
Sub-Saharan Africa,SSF,1990,52.3199996948242
Sub-Saharan Africa,SSF,1989,51.6800003051758
Sub-Saharan Africa,SSF,1988,51.1399993896484
Sub-Saharan Africa,SSF,1987,50.6300010681152
Sub-Saharan Africa,SSF,1986,49.9900016784668
Sub-Saharan Africa,SSF,1985,49.6599998474121
Sub-Saharan Africa (excluding high income),SSA,2024,68.6800003051758
Sub-Saharan Africa (excluding high income),SSA,2023,68.4400024414062
Sub-Saharan Africa (excluding high income),SSA,2022,68.1500015258789
Sub-Saharan Africa (excluding high income),SSA,2021,67.8300018310547
Sub-Saharan Africa (excluding high income),SSA,2020,67.879997253418
Sub-Saharan Africa (excluding high income),SSA,2019,67.7200012207031
Sub-Saharan Africa (excluding high income),SSA,2018,67.120002746582
Sub-Saharan Africa (excluding high income),SSA,2017,65.2399978637695
Sub-Saharan Africa (excluding high income),SSA,2016,64.8899993896484
Sub-Saharan Africa (excluding high income),SSA,2015,64.2600021362305
Sub-Saharan Africa (excluding high income),SSA,2014,63.6599998474121
Sub-Saharan Africa (excluding high income),SSA,2013,63.1199989318848
Sub-Saharan Africa (excluding high income),SSA,2012,62.2299995422363
Sub-Saharan Africa (excluding high income),SSA,2011,61
Sub-Saharan Africa (excluding high income),SSA,2010,59.310001373291
Sub-Saharan Africa (excluding high income),SSA,2009,58.6399993896484
Sub-Saharan Africa (excluding high income),SSA,2008,58.1599998474121
Sub-Saharan Africa (excluding high income),SSA,2007,57.8300018310547
Sub-Saharan Africa (excluding high income),SSA,2006,58.0299987792969
Sub-Saharan Africa (excluding high income),SSA,2005,58.9300003051758
Sub-Saharan Africa (excluding high income),SSA,2004,59.2599983215332
Sub-Saharan Africa (excluding high income),SSA,2003,58.5699996948242
Sub-Saharan Africa (excluding high income),SSA,2002,58.0400009155273
Sub-Saharan Africa (excluding high income),SSA,2001,57.3400001525879
Sub-Saharan Africa (excluding high income),SSA,2000,56.5699996948242
Sub-Saharan Africa (excluding high income),SSA,1999,57.689998626709
Sub-Saharan Africa (excluding high income),SSA,1998,56.8300018310547
Sub-Saharan Africa (excluding high income),SSA,1997,56.1500015258789
Sub-Saharan Africa (excluding high income),SSA,1996,55.3699989318848
Sub-Saharan Africa (excluding high income),SSA,1995,54.7400016784668
Sub-Saharan Africa (excluding high income),SSA,1994,54.3400001525879
Sub-Saharan Africa (excluding high income),SSA,1993,53.7099990844727
Sub-Saharan Africa (excluding high income),SSA,1992,53.1300010681152
Sub-Saharan Africa (excluding high income),SSA,1991,52.6599998474121
Sub-Saharan Africa (excluding high income),SSA,1990,52.310001373291
Sub-Saharan Africa (excluding high income),SSA,1989,51.6699981689453
Sub-Saharan Africa (excluding high income),SSA,1988,51.1399993896484
Sub-Saharan Africa (excluding high income),SSA,1987,50.6199989318848
Sub-Saharan Africa (excluding high income),SSA,1986,49.9799995422363
Sub-Saharan Africa (excluding high income),SSA,1985,49.6599998474121
Sub-Saharan Africa (IDA & IBRD countries),TSS,2024,68.6900024414062
Sub-Saharan Africa (IDA & IBRD countries),TSS,2023,68.4400024414062
Sub-Saharan Africa (IDA & IBRD countries),TSS,2022,68.1500015258789
Sub-Saharan Africa (IDA & IBRD countries),TSS,2021,67.8399963378906
Sub-Saharan Africa (IDA & IBRD countries),TSS,2020,67.8899993896484
Sub-Saharan Africa (IDA & IBRD countries),TSS,2019,67.7300033569336
Sub-Saharan Africa (IDA & IBRD countries),TSS,2018,67.129997253418
Sub-Saharan Africa (IDA & IBRD countries),TSS,2017,65.25
Sub-Saharan Africa (IDA & IBRD countries),TSS,2016,64.8899993896484
Sub-Saharan Africa (IDA & IBRD countries),TSS,2015,64.2600021362305
Sub-Saharan Africa (IDA & IBRD countries),TSS,2014,63.6699981689453
Sub-Saharan Africa (IDA & IBRD countries),TSS,2013,63.1199989318848
Sub-Saharan Africa (IDA & IBRD countries),TSS,2012,62.2400016784668
Sub-Saharan Africa (IDA & IBRD countries),TSS,2011,61.0099983215332
Sub-Saharan Africa (IDA & IBRD countries),TSS,2010,59.3199996948242
Sub-Saharan Africa (IDA & IBRD countries),TSS,2009,58.6500015258789
Sub-Saharan Africa (IDA & IBRD countries),TSS,2008,58.1699981689453
Sub-Saharan Africa (IDA & IBRD countries),TSS,2007,57.8300018310547
Sub-Saharan Africa (IDA & IBRD countries),TSS,2006,58.0299987792969
Sub-Saharan Africa (IDA & IBRD countries),TSS,2005,58.939998626709
Sub-Saharan Africa (IDA & IBRD countries),TSS,2004,59.2599983215332
Sub-Saharan Africa (IDA & IBRD countries),TSS,2003,58.5800018310547
Sub-Saharan Africa (IDA & IBRD countries),TSS,2002,58.0499992370605
Sub-Saharan Africa (IDA & IBRD countries),TSS,2001,57.3400001525879
Sub-Saharan Africa (IDA & IBRD countries),TSS,2000,56.5699996948242
Sub-Saharan Africa (IDA & IBRD countries),TSS,1999,57.7000007629395
Sub-Saharan Africa (IDA & IBRD countries),TSS,1998,56.8300018310547
Sub-Saharan Africa (IDA & IBRD countries),TSS,1997,56.1599998474121
Sub-Saharan Africa (IDA & IBRD countries),TSS,1996,55.3699989318848
Sub-Saharan Africa (IDA & IBRD countries),TSS,1995,54.7400016784668
Sub-Saharan Africa (IDA & IBRD countries),TSS,1994,54.3400001525879
Sub-Saharan Africa (IDA & IBRD countries),TSS,1993,53.7200012207031
Sub-Saharan Africa (IDA & IBRD countries),TSS,1992,53.1399993896484
Sub-Saharan Africa (IDA & IBRD countries),TSS,1991,52.6699981689453
Sub-Saharan Africa (IDA & IBRD countries),TSS,1990,52.3199996948242
Sub-Saharan Africa (IDA & IBRD countries),TSS,1989,51.6800003051758
Sub-Saharan Africa (IDA & IBRD countries),TSS,1988,51.1399993896484
Sub-Saharan Africa (IDA & IBRD countries),TSS,1987,50.6300010681152
Sub-Saharan Africa (IDA & IBRD countries),TSS,1986,49.9900016784668
Sub-Saharan Africa (IDA & IBRD countries),TSS,1985,49.6599998474121
Upper middle income,,2024,96.1699981689453
Upper middle income,,2023,96.0400009155273
Upper middle income,,2022,95.9100036621094
Upper middle income,,2021,95.7600021362305
Upper middle income,,2020,95.7300033569336
Upper middle income,,2019,95.620002746582
Upper middle income,,2018,95.3199996948242
Upper middle income,,2017,95.1600036621094
Upper middle income,,2016,95.120002746582
Upper middle income,,2015,94.8899993896484
Upper middle income,,2014,94.75
Upper middle income,,2013,94.370002746582
Upper middle income,,2012,94.2699966430664
Upper middle income,,2011,93.9899978637695
Upper middle income,,2010,93.7699966430664
Upper middle income,,2009,93.6600036621094
Upper middle income,,2008,93.2799987792969
Upper middle income,,2007,92.8499984741211
Upper middle income,,2006,91.8399963378906
Upper middle income,,2005,91.5400009155273
Upper middle income,,2004,91.2799987792969
Upper middle income,,2003,90.9300003051758
Upper middle income,,2002,90.4700012207031
Upper middle income,,2001,90.120002746582
Upper middle income,,2000,89.7900009155273
Upper middle income,,1999,89.379997253418
Upper middle income,,1998,89.0199966430664
Upper middle income,,1997,88.6100006103516
Upper middle income,,1996,84.3199996948242
Upper middle income,,1995,83.8300018310547
Upper middle income,,1994,83.2600021362305
Upper middle income,,1993,82.7399978637695
Upper middle income,,1992,82.1999969482422
Upper middle income,,1991,81.629997253418
Upper middle income,,1990,81.0800018310547
Upper middle income,,1989,80.370002746582
Upper middle income,,1988,79.75
Upper middle income,,1987,76.5299987792969
Upper middle income,,1986,75.6600036621094
Upper middle income,,1985,74.8099975585938
Upper middle income,,1984,73.9300003051758
Upper middle income,,1983,72.8600006103516
Upper middle income,,1982,71.9499969482422
Upper middle income,,1981,71.0500030517578
Upper middle income,,1980,70.0899963378906
Upper middle income,,1979,69.1100006103516
Upper middle income,,1978,68.0299987792969
Upper middle income,,1977,67.0299987792969
Upper middle income,,1976,66.7699966430664
Upper middle income,,1975,66.5199966430664
Upper middle income,,1974,66.4599990844727
World,WLD,2024,87.7399978637695
World,WLD,2023,87.5800018310547
World,WLD,2022,87.3899993896484
World,WLD,2021,87.1699981689453
World,WLD,2020,86.9800033569336
World,WLD,2019,86.7900009155273
World,WLD,2018,86.7600021362305
World,WLD,2017,86.4700012207031
World,WLD,2016,86.2799987792969
World,WLD,2015,85.9599990844727
World,WLD,2014,85.5599975585938
World,WLD,2013,85.2099990844727
World,WLD,2012,84.9100036621094
World,WLD,2011,84.7099990844727
World,WLD,2010,84.370002746582
World,WLD,2009,83.8000030517578
World,WLD,2008,83.4800033569336
World,WLD,2007,83.120002746582
World,WLD,2006,82.5299987792969
World,WLD,2005,82.5699996948242
World,WLD,2004,82.5599975585938
World,WLD,2003,82.2200012207031
World,WLD,2002,81.7399978637695
World,WLD,2001,81.370002746582
World,WLD,2000,81.120002746582
World,WLD,1999,80.9000015258789
World,WLD,1998,80.5199966430664
World,WLD,1997,79.3000030517578
World,WLD,1996,77.3000030517578
World,WLD,1995,76.870002746582
World,WLD,1994,76.4199981689453
World,WLD,1993,75.9700012207031
World,WLD,1992,75.5100021362305
World,WLD,1991,75.0599975585938
World,WLD,1990,74.629997253418
World,WLD,1989,74.0699996948242
World,WLD,1988,73.5500030517578
World,WLD,1987,71.9400024414062
World,WLD,1986,71.2699966430664
World,WLD,1985,70.7300033569336
World,WLD,1984,70.1500015258789
World,WLD,1983,69.4899978637695
World,WLD,1982,68.9300003051758
World,WLD,1981,68.3499984741211
World,WLD,1980,67.75
World,WLD,1979,67.1500015258789
World,WLD,1978,66.5
World,WLD,1977,65.879997253418
World,WLD,1976,65.5699996948242
World,WLD,1975,65.4199981689453
Afghanistan,AFG,2021,37.2700004577637
Afghanistan,AFG,2020,36.0149650316607
Afghanistan,AFG,2015,33.75
Afghanistan,AFG,2011,31.4500007629394
Afghanistan,AFG,1979,18.1599998474121
Albania,ALB,2023,97.6800003051758
Albania,ALB,2017,98.8099975585938
Albania,ALB,2012,97.25
Albania,ALB,2011,96.8499984741211
Albania,ALB,2008,95.9400024414062
Albania,ALB,2001,98.7099990844727
Algeria,DZA,2008,75.1399993896484
Algeria,DZA,2006,72.6500015258789
Algeria,DZA,2002,69.870002746582
Algeria,DZA,1987,49.6300010681152
American Samoa,ASM,1980,97.3399963378906
Angola,AGO,2023,68.1800003051758
Angola,AGO,2015,66.2399978637695
Angola,AGO,2014,66.0299987792969
Angola,AGO,2001,67.4100036621094
Antigua and Barbuda,ATG,2001,98.9499969482422
Argentina,ARG,2020,99.1399993896484
Argentina,ARG,2001,97.1900024414062
Argentina,ARG,1991,96.0400009155273
Argentina,ARG,1980,93.9100036621094
Armenia,ARM,2023,99.8399963378906
Armenia,ARM,2022,99.8199996948242
Armenia,ARM,2020,99.7900009155273
Armenia,ARM,2019,100
Armenia,ARM,2018,100
Armenia,ARM,2017,99.7399978637695
Armenia,ARM,2016,99.7399978637695
Armenia,ARM,2011,99.7399978637695
Armenia,ARM,2001,99.4000015258789
Armenia,ARM,1989,98.75
Aruba,ABW,2010,96.8199996948242
Aruba,ABW,2000,97.2900009155273
Azerbaijan,AZE,2023,99.7799987792969
Azerbaijan,AZE,2019,99.8000030517578
Azerbaijan,AZE,2017,99.7900009155273
Azerbaijan,AZE,2016,99.7900009155273
Azerbaijan,AZE,2015,99.7900009155273
Azerbaijan,AZE,2014,99.7900009155273
Azerbaijan,AZE,2013,99.7900009155273
Azerbaijan,AZE,2012,99.7799987792969
Azerbaijan,AZE,2011,99.7799987792969
Azerbaijan,AZE,2010,99.7699966430664
Azerbaijan,AZE,2009,99.7600021362305
Azerbaijan,AZE,2007,99.5899963378906
Azerbaijan,AZE,1999,98.7900009155273
Bahrain,BHR,2024,97.8199996948242
Bahrain,BHR,2023,97.8499984741211
Bahrain,BHR,2022,97.870002746582
Bahrain,BHR,2001,86.5500030517578
Bahrain,BHR,1991,84.0100021362305
Bahrain,BHR,1981,69.75
Bangladesh,BGD,2022,79
Bangladesh,BGD,2021,76.3600006103516
Bangladesh,BGD,2020,74.9100036621094
Bangladesh,BGD,2019,74.6800003051758
Bangladesh,BGD,2018,73.9100036621094
Bangladesh,BGD,2017,72.8899993896484
Bangladesh,BGD,2016,72.7600021362305
Bangladesh,BGD,2015,65.1399993896484
Bangladesh,BGD,2014,61.0900001525879
Bangladesh,BGD,2013,61.0200004577637
Bangladesh,BGD,2012,57.8600006103516
Bangladesh,BGD,2011,58.7700004577637
Bangladesh,BGD,2001,47.4900016784668
Bangladesh,BGD,1991,35.3199996948242
Bangladesh,BGD,1981,29.2299995422363
Barbados,BRB,1970,99.2699966430664
Belarus,BLR,2019,99.870002746582
Belarus,BLR,2009,99.620002746582
Belarus,BLR,1999,99.5899963378906
Belarus,BLR,1989,97.879997253418
Belize,BLZ,2022,87.879997253418
Belize,BLZ,2015,90.9199981689453
Belize,BLZ,2000,76.9000015258789
Belize,BLZ,1991,70.3000030517578
Benin,BEN,2022,51.3800010681152
Benin,BEN,2021,43.8300018310547
Benin,BEN,2019,49
Benin,BEN,2017,38.8699989318848
Benin,BEN,2013,45.0800018310547
Benin,BEN,2011,44.6881229256471
Benin,BEN,2002,34.6599998474121
Benin,BEN,1992,27.25
Benin,BEN,1979,16.4799995422363
Bhutan,BTN,2022,64.9100036621094
Bhutan,BTN,2017,66.5599975585938
Bhutan,BTN,2012,55.3199996948242
Bhutan,BTN,2005,52.810001373291
Bolivia,BOL,2024,96.7300033569336
Bolivia,BOL,2023,95.5500030517578
Bolivia,BOL,2020,93.8499984741211
Bolivia,BOL,2015,92.4599990844727
Bolivia,BOL,2012,94.4599990844727
Bolivia,BOL,2011,92.2300033569336
Bolivia,BOL,2009,91.1699981689453
Bolivia,BOL,2008,90.6999969482422
Bolivia,BOL,2007,90.2900009155273
Bolivia,BOL,2001,86.7200012207031
Bolivia,BOL,1992,79.9899978637695
Bolivia,BOL,1976,63.2099990844727
Bosnia and Herzegovina,BIH,2013,96.9899978637695
Bosnia and Herzegovina,BIH,2000,96.6600036621094
Bosnia and Herzegovina,BIH,1991,89.0599975585938
Botswana,BWA,2003,81.1900024414062
Botswana,BWA,1991,68.5800018310547
Brazil,BRA,2024,94.7399978637695
Brazil,BRA,2023,94.5725490635077
Brazil,BRA,2022,94.376866160108
Brazil,BRA,2021,94.7726170886975
Brazil,BRA,2020,94.7444114331042
Brazil,BRA,2019,93.8926266999537
Brazil,BRA,2018,93.2300033569336
Brazil,BRA,2017,93.0800018310547
Brazil,BRA,2016,92.8099975585938
Brazil,BRA,2015,92.0500030517578
Brazil,BRA,2014,91.7300033569336
Brazil,BRA,2013,91.4800033569336
Brazil,BRA,2012,91.3399963378906
Brazil,BRA,2011,91.4100036621094
Brazil,BRA,2010,90.379997253418
Brazil,BRA,2009,90.3000030517578
Brazil,BRA,2008,90.0400009155273
Brazil,BRA,2007,90.0100021362305
Brazil,BRA,2006,89.620002746582
Brazil,BRA,2004,88.620002746582
Brazil,BRA,2000,86.370002746582
Brazil,BRA,1980,74.5899963378906
Brunei Darussalam,BRN,2011,96.0899963378906
Brunei Darussalam,BRN,2001,92.6699981689453
Brunei Darussalam,BRN,1991,87.8000030517578
Brunei Darussalam,BRN,1981,77.7399978637695
Bulgaria,BGR,2011,98.3499984741211
Bulgaria,BGR,2001,98.1999969482422
Burkina Faso,BFA,2023,41.5670909952631
Burkina Faso,BFA,2022,40.9199981689453
Burkina Faso,BFA,2021,36.9700012207031
Burkina Faso,BFA,2019,29.6599998474121
Burkina Faso,BFA,2018,39.3499984741211
Burkina Faso,BFA,2014,34.5999984741211
Burkina Faso,BFA,2007,27.8799991607666
Burkina Faso,BFA,2006,22.4699993133545
Burkina Faso,BFA,2005,23.5200004577637
Burkina Faso,BFA,2003,21.8199996948242
Burkina Faso,BFA,1996,12.8500003814697
Burkina Faso,BFA,1991,13.5699996948242
Burkina Faso,BFA,1975,8.82999992370605
Burundi,BDI,2020,71.3374789737041
Burundi,BDI,2017,68.379997253418
Burundi,BDI,2016,65.6900024414062
Burundi,BDI,2014,61.2900009155273
Burundi,BDI,2008,48.0800018310547
Burundi,BDI,2000,59.2999992370605
Burundi,BDI,1990,37.3800010681152
Burundi,BDI,1979,22.5100002288818
Cabo Verde,CPV,2024,88.4700012207031
Cabo Verde,CPV,2015,86.7900009155273
Cabo Verde,CPV,2012,85.3300018310547
Cabo Verde,CPV,2009,82.2189574366152
Cabo Verde,CPV,1990,62.7999992370605
Cambodia,KHM,2021,71.9300003051758
Cambodia,KHM,2020,82.5510430822563
Cambodia,KHM,2019,87.6600036621094
Cambodia,KHM,2015,80.5299987792969
Cambodia,KHM,2014,78.0599975585938
Cambodia,KHM,2013,79.6500015258789
Cambodia,KHM,2009,76.1399993896484
Cambodia,KHM,2008,76.870002746582
Cambodia,KHM,2004,73.6100006103516
Cambodia,KHM,1998,67.3399963378906
Cameroon,CMR,2018,72.5500030517578
Cameroon,CMR,2010,71.1900024414062
Cameroon,CMR,2007,70.6800003051758
Cameroon,CMR,2000,68.4100036621094
Cameroon,CMR,1976,41.2200012207031
Cayman Islands,CYM,2017,98.870002746582
Cayman Islands,CYM,2007,98.870002746582
Central African Republic,CAF,2019,42.439998626709
Central African Republic,CAF,2000,50.6500015258789
Central African Republic,CAF,1988,33.6199989318848
Central African Republic,CAF,1975,18.2399997711182
Chad,TCD,2019,30.6299991607666
Chad,TCD,2016,22.3099994659424
Chad,TCD,2004,28.3799991607666
Chad,TCD,2000,25.6499996185303
Chad,TCD,1993,10.8900003433228
Chile,CHL,2017,96.4000015258789
Chile,CHL,2015,96.870002746582
Chile,CHL,2013,96.2699966430664
Chile,CHL,2011,96.6999969482422
Chile,CHL,2002,95.7200012207031
Chile,CHL,1992,94.2900009155273
Chile,CHL,1982,91.129997253418
China,CHN,2020,96.7399978637695
China,CHN,2010,95.120002746582
China,CHN,2000,90.9199981689453
China,CHN,1990,77.7900009155273
China,CHN,1982,65.5100021362305
Colombia,COL,2024,95.3399963378906
Colombia,COL,2023,95.4566254983696
Colombia,COL,2022,95.31030793119
Colombia,COL,2021,95.6606500324449
Colombia,COL,2020,95.6399993896484
Colombia,COL,2019,95.25
Colombia,COL,2018,95.0899963378906
Colombia,COL,2017,94.8873885601748
Colombia,COL,2016,94.6500015258789
Colombia,COL,2015,94.25
Colombia,COL,2014,94.1900024414062
Colombia,COL,2011,93.5800018310547
Colombia,COL,2010,93.370002746582
Colombia,COL,2009,93.2399978637695
Colombia,COL,2008,93.379997253418
Colombia,COL,2007,92.6500015258789
Colombia,COL,2006,92.3000030517578
Colombia,COL,2005,92.8499984741211
Colombia,COL,2004,92.8000030517578
Colombia,COL,1996,91.2099990844727
Colombia,COL,1993,91.0599975585938
Comoros,COM,2021,75.6201980162165
Comoros,COM,2014,73.6494960644007
Comoros,COM,2000,68.25
Comoros,COM,1980,47.9199981689453
"Congo, Dem. Rep.",COD,2023,68.5
"Congo, Dem. Rep.",COD,2020,65.6828744335957
"Congo, Dem. Rep.",COD,2018,73.5500030517578
"Congo, Dem. Rep.",COD,2016,77.0400009155273
"Congo, Dem. Rep.",COD,2012,75.0199966430664
"Congo, Dem. Rep.",COD,2001,67.1699981689453
"Congo, Rep.",COG,2005,76.1100006103516
"Congo, Rep.",COG,1984,59.6199989318848
Costa Rica,CRI,2011,97.4100036621094
Costa Rica,CRI,2000,94.870002746582
Costa Rica,CRI,1984,92.629997253418
Cote d'Ivoire,CIV,2021,50
Cote d'Ivoire,CIV,2019,56.9592400560829
Cote d'Ivoire,CIV,2016,50.0400009155273
Cote d'Ivoire,CIV,2014,43.9099998474121
Cote d'Ivoire,CIV,2000,48.7400016784668
Cote d'Ivoire,CIV,1998,36.3499984741211
Cote d'Ivoire,CIV,1988,34.1399993896484
Croatia,HRV,2001,98.1500015258789
Croatia,HRV,1991,96.6999969482422
Cuba,CUB,2019,97.6500015258789
Cuba,CUB,2012,99.6699981689453
Cuba,CUB,2002,99.8000030517578
Cuba,CUB,1981,97.8499984741211
Cyprus,CYP,2011,98.6800003051758
Cyprus,CYP,2001,96.8000030517578
Cyprus,CYP,1992,94.3600006103516
Dominican Republic,DOM,2024,94.0299987792969
Dominican Republic,DOM,2023,94.3123758236054
Dominican Republic,DOM,2022,93.7022375646963
Dominican Republic,DOM,2021,93.7309714425844
Dominican Republic,DOM,2020,93.6926372060753
Dominican Republic,DOM,2019,93.6726916249429
Dominican Republic,DOM,2018,93.4360584896058
Dominican Republic,DOM,2017,93.2332153385684
Dominican Republic,DOM,2016,93.7799987792969
Dominican Republic,DOM,2015,91.9899978637695
Dominican Republic,DOM,2014,91.7600021362305
Dominican Republic,DOM,2013,90.8600006103516
Dominican Republic,DOM,2012,90.1600036621094
Dominican Republic,DOM,2011,90.1100006103516
Dominican Republic,DOM,2010,89.5400009155273
Dominican Republic,DOM,2007,88.2399978637695
Dominican Republic,DOM,2002,87
Dominican Republic,DOM,1981,73.0599975585938
Ecuador,ECU,2024,93.4899978637695
Ecuador,ECU,2022,96.2600021362305
Ecuador,ECU,2021,94.4800033569336
Ecuador,ECU,2020,93.629997253418
Ecuador,ECU,2017,92.8300018310547
Ecuador,ECU,2016,94.3499984741211
Ecuador,ECU,2015,94.4599990844727
Ecuador,ECU,2014,94.2200012207031
Ecuador,ECU,2013,93.2900009155273
Ecuador,ECU,2012,92.0599975585938
Ecuador,ECU,2011,91.5899963378906
Ecuador,ECU,2010,91.8499984741211
Ecuador,ECU,2009,92.25
Ecuador,ECU,2008,92.3899993896484
Ecuador,ECU,2007,92.0999984741211
Ecuador,ECU,2001,90.9800033569336
Ecuador,ECU,1990,88.3000030517578
Ecuador,ECU,1982,83.5500030517578
"Egypt, Arab Rep.",EGY,2022,79.4531619498685
"Egypt, Arab Rep.",EGY,2021,82.0803858167894
"Egypt, Arab Rep.",EGY,2017,71.1699981689453
"Egypt, Arab Rep.",EGY,2013,72.4400024414062
"Egypt, Arab Rep.",EGY,2012,73.870002746582
"Egypt, Arab Rep.",EGY,2010,72.0500030517578
"Egypt, Arab Rep.",EGY,2006,66.370002746582
"Egypt, Arab Rep.",EGY,2005,67.3300018310547
"Egypt, Arab Rep.",EGY,1996,55.5900001525879
"Egypt, Arab Rep.",EGY,1986,44.4199981689453
"Egypt, Arab Rep.",EGY,1976,38.2000007629395
El Salvador,SLV,2024,89.7699966430664
El Salvador,SLV,2023,89.8499984741211
El Salvador,SLV,2022,89.3537151570456
El Salvador,SLV,2021,89.0586486323527
El Salvador,SLV,2020,89.9800033569336
El Salvador,SLV,2019,89.1399993896484
El Salvador,SLV,2018,89.0100021362305
El Salvador,SLV,2017,88.4800033569336
El Salvador,SLV,2016,88.1399993896484
El Salvador,SLV,2015,87.9700012207031
El Salvador,SLV,2014,87.4125334516516
El Salvador,SLV,2013,86.7699966430664
El Salvador,SLV,2012,85.4624559924635
El Salvador,SLV,2011,85.4899978637695
El Salvador,SLV,2010,84.4899978637695
El Salvador,SLV,2009,84.0999984741211
El Salvador,SLV,2008,83.9499969482422
El Salvador,SLV,2007,82.0299987792969
El Salvador,SLV,2006,83.5599975585938
El Salvador,SLV,1992,74.1399993896484
Equatorial Guinea,GNQ,2000,88.3099975585938
Eritrea,ERI,2008,64.6600036621094
Eritrea,ERI,2002,52.5099983215332
Estonia,EST,2011,99.8899993896484
Estonia,EST,2000,99.7699966430664
Estonia,EST,1989,99.7300033569336
Eswatini,SWZ,2022,90.75
Eswatini,SWZ,2000,81.6600036621094
Eswatini,SWZ,1986,67.2399978637695
Eswatini,SWZ,1976,55.3300018310547
Ethiopia,ETH,2022,60.4599990844727
Ethiopia,ETH,2021,54.8853699463392
Ethiopia,ETH,2019,55.0499992370605
Ethiopia,ETH,2016,47.4900016784668
Ethiopia,ETH,2013,48.3549726348554
Ethiopia,ETH,2007,39
Ethiopia,ETH,2004,35.9000015258789
Ethiopia,ETH,1994,27.0100002288818
Gabon,GAB,2021,88.8600006103516
Gabon,GAB,1993,72.2300033569336
"Gambia, The",GMB,2021,51.6399993896484
"Gambia, The",GMB,2018,53.1599998474121
"Gambia, The",GMB,2015,50.7799987792969
"Gambia, The",GMB,2000,36.8199996948242
Georgia,GEO,2024,99.6800003051758
Georgia,GEO,2023,99.5599975585938
Georgia,GEO,2022,99.5699996948242
Georgia,GEO,2021,99.9180842054209
Georgia,GEO,2020,99.8930662080586
Georgia,GEO,2019,99.8757151699707
Georgia,GEO,2018,99.6500015258789
Georgia,GEO,2017,99.3600006103516
Georgia,GEO,2014,99.5899963378906
Georgia,GEO,2002,99.6500015258789
Ghana,GHA,2021,76.4899978637695
Ghana,GHA,2017,64.4899978637695
Ghana,GHA,2015,60.1981035367761
Ghana,GHA,2010,71.5
Ghana,GHA,2000,57.9000015258789
Greece,GRC,2009,93.9100036621094
Greece,GRC,2001,95.9899978637695
Greece,GRC,1991,92.6100006103516
Greece,GRC,1981,90.5100021362305
Grenada,GRD,1970,97.7900009155273
Guam,GUM,1990,99.370002746582
Guam,GUM,1980,96.4199981689453
Guatemala,GTM,2024,82.1100006103516
Guatemala,GTM,2023,83.0195796057608
Guatemala,GTM,2022,83.0299987792969
Guatemala,GTM,2018,80.8099975585938
Guatemala,GTM,2015,80.1999969482422
Guatemala,GTM,2014,81.2900009155273
Guatemala,GTM,2013,77.0400009155273
Guatemala,GTM,2012,78.2600021362305
Guatemala,GTM,2002,69.0999984741211
Guatemala,GTM,1994,64.2099990844727
Guinea,GIN,2018,39.6199989318848
Guinea,GIN,2014,32
Guinea,GIN,2010,25.3099994659424
Guinea,GIN,2003,29.7000007629394
Guinea,GIN,1996,20.5499992370606
Guinea-Bissau,GNB,2022,63.9300003051758
Guinea-Bissau,GNB,2019,54.8800010681152
Guinea-Bissau,GNB,2000,41.3600006103516
Guinea-Bissau,GNB,1979,19.9599990844727
Guyana,GUY,2020,85.6399993896484
Haiti,HTI,2017,68.0100021362305
Haiti,HTI,2012,73.953334886651
Haiti,HTI,2003,58.7400016784668
Haiti,HTI,1982,34.7299995422363
Honduras,HND,2024,88.25
Honduras,HND,2023,87.0899963378906
Honduras,HND,2022,88.2192789618317
Honduras,HND,2019,88.5100021362305
Honduras,HND,2018,87.2099990844727
Honduras,HND,2016,88.9899978637695
Honduras,HND,2015,87.9100036621094
Honduras,HND,2014,87.1999969482422
Honduras,HND,2013,85.4599990844727
Honduras,HND,2012,85.3600006103516
Honduras,HND,2011,85.120002746582
Honduras,HND,2010,84.7600021362305
Honduras,HND,2007,83.5899963378906
Honduras,HND,2001,80.0100021362305
Hungary,HUN,1980,98.8600006103516
India,IND,2024,78.1625330351403
India,IND,2023,81.6999969482422
India,IND,2022,76.3199996948242
India,IND,2021,76.0596617430205
India,IND,2020,75.5270629470344
India,IND,2019,74.8938629973395
India,IND,2018,73.6883524760717
India,IND,2012,69.8279300354369
India,IND,2011,69.3000030517578
India,IND,2010,68.325817300837
India,IND,2006,62.75
India,IND,2001,61.0099983215332
India,IND,1991,48.2200012207031
India,IND,1981,40.7599983215332
Indonesia,IDN,2020,96
Indonesia,IDN,2018,95.6600036621094
Indonesia,IDN,2016,95.379997253418
Indonesia,IDN,2015,95.2200012207031
Indonesia,IDN,2014,95.120002746582
Indonesia,IDN,2011,92.8099975585938
Indonesia,IDN,2010,92.3199996948242
Indonesia,IDN,2009,92.5800018310547
Indonesia,IDN,2008,92.1900024414062
Indonesia,IDN,2006,91.9800033569336
Indonesia,IDN,2004,90.379997253418
Indonesia,IDN,1990,81.5199966430664
Indonesia,IDN,1980,67.3099975585938
"Iran, Islamic Rep.",IRN,2023,88.9168161136597
"Iran, Islamic Rep.",IRN,2022,88.5942297159365
"Iran, Islamic Rep.",IRN,2021,88.4555944977134
"Iran, Islamic Rep.",IRN,2020,87.9028264049083
"Iran, Islamic Rep.",IRN,2019,87.3788306734933
"Iran, Islamic Rep.",IRN,2018,86.8688350894209
"Iran, Islamic Rep.",IRN,2017,85.9467906933665
"Iran, Islamic Rep.",IRN,2016,85.5400009155273
"Iran, Islamic Rep.",IRN,2015,85.283432659187
"Iran, Islamic Rep.",IRN,2014,84.7099990844727
"Iran, Islamic Rep.",IRN,2013,84.629997253418
"Iran, Islamic Rep.",IRN,2012,83.629997253418
"Iran, Islamic Rep.",IRN,2011,83.5199966430664
"Iran, Islamic Rep.",IRN,2010,83.6646682357838
"Iran, Islamic Rep.",IRN,2009,83.222239914938
"Iran, Islamic Rep.",IRN,2008,82.9599990844727
"Iran, Islamic Rep.",IRN,2006,82.3300018310547
"Iran, Islamic Rep.",IRN,2005,82.4400024414062
"Iran, Islamic Rep.",IRN,2002,77
"Iran, Islamic Rep.",IRN,1996,73.0599975585938
"Iran, Islamic Rep.",IRN,1991,65.5299987792969
"Iran, Islamic Rep.",IRN,1986,52.3199996948242
"Iran, Islamic Rep.",IRN,1976,36.5200004577637
Iraq,IRQ,2021,84.0648941705243
Iraq,IRQ,2017,85.5999984741211
Iraq,IRQ,2016,83.3000030517578
Iraq,IRQ,2014,82.1999969482422
Iraq,IRQ,2012,77.1999969482422
Iraq,IRQ,2000,74.0500030517578
Israel,ISR,1983,91.75
Italy,ITA,2019,99.3499984741211
Italy,ITA,2011,98.8499984741211
Italy,ITA,2001,98.4199981689453
Italy,ITA,1981,96.4599990844727
Jamaica,JAM,1999,79.9199981689453
Jordan,JOR,2024,94.4400024414062
Jordan,JOR,2023,94.8499984741211
Jordan,JOR,2018,95.4300003051758
Jordan,JOR,2012,97.8899993896484
Jordan,JOR,2011,95.9000015258789
Jordan,JOR,2010,92.5500030517578
Jordan,JOR,2007,92.1999969482422
Jordan,JOR,2005,91.129997253418
Jordan,JOR,2003,89.8899993896484
Jordan,JOR,1979,66.8000030517578
Kazakhstan,KAZ,2009,99.7300033569336
Kazakhstan,KAZ,1999,99.5100021362305
Kazakhstan,KAZ,1989,97.5299987792969
Kenya,KEN,2000,82.2300033569336
Kiribati,KIR,2020,98.6079816424987
Kiribati,KIR,2018,97.9599990844727
"Korea, Dem. People's Rep.",PRK,2008,100
"Korea, Rep.",KOR,2008,97.9700012207031
Kuwait,KWT,2020,96.4599990844727
Kuwait,KWT,2018,96.0599975585938
Kuwait,KWT,2017,96.0400009155273
Kuwait,KWT,2015,95.6900024414062
Kuwait,KWT,2013,95.5899963378906
Kuwait,KWT,2012,95.5100021362305
Kuwait,KWT,2010,94.4700012207031
Kuwait,KWT,2008,93.9000015258789
Kuwait,KWT,2007,93.6600036621094
Kuwait,KWT,2006,93.2799987792969
Kuwait,KWT,2005,93.2699966430664
Kuwait,KWT,1995,78.4000015258789
Kuwait,KWT,1985,74.4899978637695
Kuwait,KWT,1980,67.5199966430664
Kuwait,KWT,1975,59.560001373291
Kyrgyz Republic,KGZ,2009,99.2399978637695
Kyrgyz Republic,KGZ,1999,98.6999969482422
Lao PDR,LAO,2023,75.6399993896484
Lao PDR,LAO,2017,73.7200012207031
Lao PDR,LAO,2015,84.6600036621094
Lao PDR,LAO,2005,72.6999969482422
Lao PDR,LAO,2001,68.7300033569336
Lao PDR,LAO,2000,69.5800018310547
Lao PDR,LAO,1995,60.25
Latvia,LVA,2011,99.9000015258789
Latvia,LVA,2000,99.75
Latvia,LVA,1989,99.4499969482422
Lebanon,LBN,2019,92.0099744752418
Lebanon,LBN,2018,92.6699981689453
Lebanon,LBN,2009,91.1800003051758
Lebanon,LBN,2007,89.6100006103516
Lesotho,LSO,2024,90.4499969482422
Lesotho,LSO,2019,92.3961659464955
Lesotho,LSO,2018,86.2399978637695
Lesotho,LSO,2016,97.2699966430664
Lesotho,LSO,2006,66.0999984741211
Lesotho,LSO,2000,86.25
Liberia,LBR,2010,59.4030316392756
Liberia,LBR,1984,32.1100006103516
Libya,LBY,1984,60.1599998474121
Lithuania,LTU,2011,99.8199996948242
Lithuania,LTU,2001,99.6500015258789
Lithuania,LTU,1989,98.4400024414062
"Macao SAR, China",MAC,2016,96.5400009155273
"Macao SAR, China",MAC,2011,95.6399993896484
"Macao SAR, China",MAC,2006,93.5
"Macao SAR, China",MAC,2001,91.3000030517578
"Macao SAR, China",MAC,1981,90.379997253418
Madagascar,MDG,2021,74.6900024414062
Madagascar,MDG,2018,76.6800003051758
Madagascar,MDG,2012,71.5699996948242
Madagascar,MDG,2000,70.6900024414062
Malawi,MWI,2020,70.1500015258789
Malawi,MWI,2018,76.7200012207031
Malawi,MWI,2017,72.8266778164735
Malawi,MWI,1998,64.129997253418
Malawi,MWI,1987,48.5400009155273
Malaysia,MYS,2022,95.7699966430664
Malaysia,MYS,2019,94.9700012207031
Malaysia,MYS,2018,94.8499984741211
Malaysia,MYS,2017,95.0800018310547
Malaysia,MYS,2016,94.879997253418
Malaysia,MYS,2010,93.120002746582
Malaysia,MYS,2000,88.6900024414062
Malaysia,MYS,1991,82.9199981689453
Malaysia,MYS,1980,69.5199966430664
Maldives,MDV,2019,98.2099990844727
Maldives,MDV,2017,94.5100021362305
Maldives,MDV,2016,97.7300033569336
Maldives,MDV,2014,98.6100006103516
Maldives,MDV,2006,98.4000015258789
Maldives,MDV,2000,96.3300018310547
Maldives,MDV,1995,96.3300018310547
Maldives,MDV,1990,96.0199966430664
Maldives,MDV,1985,92.2300033569336
Maldives,MDV,1977,82.3000030517578
Mali,MLI,2024,35.6300010681152
Mali,MLI,2018,35.4700012207031
Mali,MLI,2015,33.0699996948242
Mali,MLI,2011,30.6200008392334
Mali,MLI,2010,31.1000003814697
Mali,MLI,2006,26.1800003051758
Mali,MLI,2003,24
Mali,MLI,1998,19.0400009155273
Mali,MLI,1976,9.43000030517578
Malta,MLT,2011,93.3099975585938
Malta,MLT,2005,92.3600006103516
Malta,MLT,1995,87.870002746582
Malta,MLT,1985,86.9300003051758
Marshall Islands,MHL,2021,95.7629302411191
Marshall Islands,MHL,2019,98.1800003051758
Marshall Islands,MHL,2011,98.2699966430664
Mauritania,MRT,2020,59.5299987792969
Mauritania,MRT,2015,65.1100006103516
Mauritania,MRT,2013,62.0699996948242
Mauritania,MRT,2000,51.2099990844727
Mauritius,MUS,2023,94.2877776512134
Mauritius,MUS,2021,92.9800213334339
Mauritius,MUS,2016,93.1600036621094
Mauritius,MUS,2015,92.7099990844727
Mauritius,MUS,2014,92.4700012207031
Mauritius,MUS,2013,91.4899978637695
Mauritius,MUS,2012,91.7699966430664
Mauritius,MUS,2011,89.25
Mauritius,MUS,2000,84.3000030517578
Mauritius,MUS,1990,79.870002746582
Mexico,MEX,2024,95.5500030517578
Mexico,MEX,2023,95.8346901734281
Mexico,MEX,2022,95.120002746582
Mexico,MEX,2021,95.6890981310362
Mexico,MEX,2020,95.25
Mexico,MEX,2019,95.3889403219417
Mexico,MEX,2018,95.379997253418
Mexico,MEX,2017,94.9700012207031
Mexico,MEX,2016,94.8600006103516
Mexico,MEX,2015,94.4700012207031
Mexico,MEX,2014,94.5599975585938
Mexico,MEX,2013,93.9599990844727
Mexico,MEX,2012,94.2300033569336
Mexico,MEX,2011,93.5199966430664
Mexico,MEX,2010,93.0699996948242
Mexico,MEX,2009,93.4400024414062
Mexico,MEX,2008,92.9300003051758
Mexico,MEX,2007,92.8000030517578
Mexico,MEX,2006,91.7300033569336
Mexico,MEX,2005,91.629997253418
Mexico,MEX,2004,90.9499969482422
Mexico,MEX,2002,90.2699966430664
Mexico,MEX,2000,90.5400009155273
Mexico,MEX,1990,87.5599975585938
Mexico,MEX,1980,82.9899978637695
Moldova,MDA,2014,99.3600006103516
Moldova,MDA,2000,96.6500015258789
Moldova,MDA,1989,96.379997253418
Mongolia,MNG,2024,98.6399993896484
Mongolia,MNG,2023,98.6399993896484
Mongolia,MNG,2022,98.7300033569336
Mongolia,MNG,2021,99.2143568969301
Mongolia,MNG,2020,99.1800003051758
Mongolia,MNG,2019,98.4599990844727
Mongolia,MNG,2018,96.9000015258789
Mongolia,MNG,2010,98.2600021362305
Mongolia,MNG,2000,97.7699966430664
Montenegro,MNE,2018,98.5299987792969
Montenegro,MNE,2011,98.4400024414062
Montenegro,MNE,2003,97.7699966430664
Montenegro,MNE,1991,93.4599990844727
Montenegro,MNE,1981,89.6399993896484
Morocco,MAR,2014,64.2600021362305
Morocco,MAR,2012,69.1600036621094
Morocco,MAR,2011,67.0800018310547
Morocco,MAR,2009,56.0800018310547
Morocco,MAR,2008,55.1500015258789
Morocco,MAR,2004,52.310001373291
Morocco,MAR,1994,41.5900001525879
Morocco,MAR,1982,30.2600002288818
Mozambique,MOZ,2022,61.6653441678133
Mozambique,MOZ,2020,59.7799987792969
Mozambique,MOZ,2017,60.6599998474121
Mozambique,MOZ,2015,56.0400009155273
Mozambique,MOZ,2009,50.5800018310547
Mozambique,MOZ,2003,48.1599998474121
Mozambique,MOZ,1997,38.7099990844727
Mozambique,MOZ,1980,27
Myanmar,MMR,2020,93.527395549521
Myanmar,MMR,2019,89.0699996948242
Myanmar,MMR,2018,95.8142859113662
Myanmar,MMR,2016,84.7799987792969
Myanmar,MMR,2014,90.3600006103516
Myanmar,MMR,2000,89.9400024414062
Myanmar,MMR,1983,78.5699996948242
Namibia,NAM,2023,87.6399993896484
Namibia,NAM,2018,88.2832376600657
Namibia,NAM,2016,88.1304979203867
Namibia,NAM,2011,88.2699966430664
Namibia,NAM,2001,84.9400024414062
Namibia,NAM,1991,75.8199996948242
Naoero,NRU,2023,96.5899963378906
Naoero,NRU,2021,94.6337926033357
Nepal,NPL,2019,68.7099990844727
Nepal,NPL,2017,66.8653947551556
Nepal,NPL,2016,65.5
Nepal,NPL,2011,59.6300010681152
Nepal,NPL,2008,55.5600725155626
Nepal,NPL,2001,48.6100006103516
Nepal,NPL,1991,32.9799995422363
Nepal,NPL,1981,20.5699996948242
New Caledonia,NCL,1996,96.1399993896484
New Caledonia,NCL,1989,93.0800018310547
New Caledonia,NCL,1976,91.3000030517578
Nicaragua,NIC,2014,87.327180649097
Nicaragua,NIC,2012,85.6105708963441
Nicaragua,NIC,2005,78
Nicaragua,NIC,2001,76.6800003051758
Niger,NER,2022,35.6100006103516
Niger,NER,2018,33.0499992370605
Niger,NER,2014,29.0437067944143
Niger,NER,2012,30.5599994659424
Niger,NER,2005,28.6700000762939
Niger,NER,2001,14.3800001144409
Nigeria,NGA,2024,70.4100036621094
Nigeria,NGA,2021,63.1599998474121
Nigeria,NGA,2016,58.2200012207031
Nigeria,NGA,2006,70.1999969482422
Nigeria,NGA,2003,54.7700004577637
Nigeria,NGA,1991,55.4500007629395
North Macedonia,MKD,2002,96.129997253418
North Macedonia,MKD,1994,94.0599975585938
Oman,OMN,2022,97.3399963378906
Oman,OMN,2020,96.9000015258789
Oman,OMN,2018,95.6500015258789
Oman,OMN,2017,95.5800018310547
Oman,OMN,2015,93.0400009155273
Oman,OMN,2010,86.9400024414062
Oman,OMN,2008,86.620002746582
Oman,OMN,2003,66.0999984741211
Pakistan,PAK,2021,58.8600006103516
Pakistan,PAK,2019,58
Pakistan,PAK,2018,57.0099983215332
Pakistan,PAK,2017,59.1300010681152
Pakistan,PAK,2014,56.9799995422363
Pakistan,PAK,2013,55.5900001525879
Pakistan,PAK,2012,56.7599983215332
Pakistan,PAK,2011,54.7400016784668
Pakistan,PAK,2010,55.3800010681152
Pakistan,PAK,2009,54.8899993896484
Pakistan,PAK,2008,55.5299987792969
Pakistan,PAK,2007,52.1399993896484
Pakistan,PAK,2006,54.1500015258789
Pakistan,PAK,2005,49.8699989318848
Pakistan,PAK,1998,42.7000007629395
Pakistan,PAK,1981,25.7299995422363
Palau,PLW,2020,99.8448081264108
Palau,PLW,2015,96.5899963378906
Palau,PLW,2013,99.5
Palau,PLW,1980,91.9199981689453
Panama,PAN,2024,96.2276533152296
Panama,PAN,2023,96.0893871402691
Panama,PAN,2021,96.2119100135584
Panama,PAN,2019,95.7399978637695
Panama,PAN,2018,95.4100036621094
Panama,PAN,2010,94.0899963378906
Panama,PAN,2000,91.9000015258789
Panama,PAN,1990,88.7799987792969
Panama,PAN,1980,88.0699996948242
Papua New Guinea,PNG,2022,87.0046890533686
Papua New Guinea,PNG,2017,70.0599975585938
Papua New Guinea,PNG,2010,68.9689096424639
Papua New Guinea,PNG,2000,57.3400001525879
Paraguay,PRY,2024,94.8600006103516
Paraguay,PRY,2020,94.5400009155273
Paraguay,PRY,2019,93.2099990844727
Paraguay,PRY,2018,94.0199966430664
Paraguay,PRY,2016,94.6500015258789
Paraguay,PRY,2015,95.5500030517578
Paraguay,PRY,2014,95.0299987792969
Paraguay,PRY,2013,95.0599975585938
Paraguay,PRY,2012,94.1999969482422
Paraguay,PRY,2010,93.870002746582
Paraguay,PRY,2009,93.75
Paraguay,PRY,2008,93.2900009155273
Paraguay,PRY,2007,94.5599975585938
Paraguay,PRY,1992,90.2699966430664
Paraguay,PRY,1982,78.4599990844727
Peru,PER,2024,93.6600036621094
Peru,PER,2020,94.5
Peru,PER,2018,94.4100036621094
Peru,PER,2017,94.1500015258789
Peru,PER,2016,94.1699981689453
Peru,PER,2015,94.1600036621094
Peru,PER,2014,93.7099990844727
Peru,PER,2012,93.8399963378906
Peru,PER,2007,89.5899963378906
Peru,PER,2006,88.6999969482422
Peru,PER,2005,87.9100036621094
Peru,PER,2004,87.6699981689453
Peru,PER,1993,87.1500015258789
Peru,PER,1981,81.9199981689453
Philippines,PHL,2020,98.4700012207031
Philippines,PHL,2019,96.2799987792969
Philippines,PHL,2015,98.1800003051758
Philippines,PHL,2013,96.4000015258789
Philippines,PHL,2010,97.0899963378906
Philippines,PHL,2008,95.4199981689453
Philippines,PHL,2003,92.5899963378906
Philippines,PHL,2000,92.5999984741211
Philippines,PHL,1994,93.9199981689453
Philippines,PHL,1990,93.5699996948242
Philippines,PHL,1980,83.3199996948242
Poland,POL,1978,98.7399978637695
Portugal,PRT,2011,94.4800033569336
Portugal,PRT,1991,87.9499969482422
Portugal,PRT,1981,79.4400024414062
Puerto Rico (US),PRI,2017,92.3899993896484
Puerto Rico (US),PRI,2010,91.9700012207031
Puerto Rico (US),PRI,1990,89.620002746582
Puerto Rico (US),PRI,1980,86.75
Qatar,QAT,2014,97.75
Qatar,QAT,2013,97.4800033569336
Qatar,QAT,2012,96.6800003051758
Qatar,QAT,2011,96.4100036621094
Qatar,QAT,2010,96.2799987792969
Qatar,QAT,2009,94.7200012207031
Qatar,QAT,2008,93.9899978637695
Qatar,QAT,2007,93.0800018310547
Qatar,QAT,2004,88.9599990844727
Qatar,QAT,1997,83.2600021362305
Qatar,QAT,1986,75.6399993896484
Romania,ROU,2021,99.1600036621094
Romania,ROU,2011,98.5999984741211
Romania,ROU,2002,97.3000030517578
Romania,ROU,1992,96.7099990844727
Russian Federation,RUS,2021,99.9300003051758
Russian Federation,RUS,2010,99.6800003051758
Russian Federation,RUS,2002,99.4400024414062
Russian Federation,RUS,1989,97.9899978637695
Rwanda,RWA,2022,78.7600021362305
Rwanda,RWA,2020,80.0500030517578
Rwanda,RWA,2018,73.2200012207031
Rwanda,RWA,2014,70.8000030517578
Rwanda,RWA,2012,68.3300018310547
Rwanda,RWA,2000,64.8899993896484
Rwanda,RWA,1991,57.8499984741211
Rwanda,RWA,1978,38.2400016784668
Samoa,WSM,2019,97.9899978637695
Samoa,WSM,2017,99.7071903264793
Samoa,WSM,2016,99.4000015258789
Samoa,WSM,2011,98.9700012207031
Samoa,WSM,1991,97.9400024414062
San Marino,SMR,2022,99.9100036621094
Sao Tome and Principe,STP,2019,87.4400024414062
Sao Tome and Principe,STP,2012,90.1399993896484
Sao Tome and Principe,STP,2001,84.9100036621094
Sao Tome and Principe,STP,1991,73.2399978637695
Sao Tome and Principe,STP,1981,57.3199996948242
Saudi Arabia,SAU,2024,97.9300003051758
Saudi Arabia,SAU,2020,97.5899963378906
Saudi Arabia,SAU,2017,95.3300018310547
Saudi Arabia,SAU,2013,94.4300003051758
Saudi Arabia,SAU,2004,82.8600006103516
Saudi Arabia,SAU,2000,79.3499984741211
Saudi Arabia,SAU,1992,70.8199996948242
Senegal,SEN,2023,50.3600006103516
Senegal,SEN,2019,46.8300018310547
Senegal,SEN,2018,46.6100006103516
Senegal,SEN,2017,51.9000015258789
Senegal,SEN,2016,46.0999984741211
Senegal,SEN,2015,43.5900001525879
Senegal,SEN,2013,43.5299987792969
Senegal,SEN,2011,51.810001373291
Senegal,SEN,2009,48.0400009155273
Senegal,SEN,2006,41.8899993896484
Senegal,SEN,2002,39.2799987792969
Senegal,SEN,1988,26.8700008392334
Serbia,SRB,2022,99.3399963378906
Serbia,SRB,2019,99.4800033569336
Serbia,SRB,2016,98.8399963378906
Serbia,SRB,2011,97.9599990844727
Serbia,SRB,2003,96.4000015258789
Seychelles,SYC,2010,93.9499969482422
Seychelles,SYC,2002,91.8399963378906
Seychelles,SYC,1994,87.8099975585938
Seychelles,SYC,1987,84.2300033569336
Sierra Leone,SLE,2019,43.5800018310547
Sierra Leone,SLE,2018,48.8143667728528
Sierra Leone,SLE,2017,44.8300018310547
Sierra Leone,SLE,2015,49.4000015258789
Sierra Leone,SLE,2014,44.3698913332904
Sierra Leone,SLE,2004,34.8300018310547
Singapore,SGP,2021,97.6500015258789
Singapore,SGP,2020,97.129997253418
Singapore,SGP,2019,97.4800033569336
Singapore,SGP,2018,97.3399963378906
Singapore,SGP,2017,97.1999969482422
Singapore,SGP,2016,97.0500030517578
Singapore,SGP,2015,96.8300018310547
Singapore,SGP,2014,96.7200012207031
Singapore,SGP,2013,96.5500030517578
Singapore,SGP,2012,96.370002746582
Singapore,SGP,2011,96.1900024414062
Singapore,SGP,2010,95.8600006103516
Singapore,SGP,2000,92.5500030517578
Singapore,SGP,1990,89.0999984741211
Singapore,SGP,1980,82.9100036621094
Slovenia,SVN,1991,99.5199966430664
Solomon Islands,SLB,1999,76.5999984741211
"Somalia, Fed. Rep.",SOM,2022,54.1199989318848
"Somalia, Fed. Rep.",SOM,2019,63.6579378279423
South Africa,ZAF,2024,91.1500015258789
South Africa,ZAF,2021,90
South Africa,ZAF,2019,95.0199966430664
South Africa,ZAF,2016,91.7399978637695
South Africa,ZAF,2015,94.370002746582
South Africa,ZAF,2014,94.1399993896484
South Africa,ZAF,2012,93.7300033569336
South Africa,ZAF,2011,93.0999984741211
South Africa,ZAF,2010,92.879997253418
South Africa,ZAF,2009,92.8899993896484
South Africa,ZAF,2007,88.7200012207031
South Africa,ZAF,1996,82.4000015258789
South Africa,ZAF,1980,76.1999969482422
South Sudan,SSD,2008,26.8299999237061
Spain,ESP,2021,99.6999969482422
Spain,ESP,2020,98.5899963378906
Spain,ESP,2018,98.4400024414062
Spain,ESP,2016,98.25
Spain,ESP,2015,98.1399993896484
Spain,ESP,2014,98.0899963378906
Spain,ESP,2013,98.0800018310547
Spain,ESP,2012,97.8899993896484
Spain,ESP,2011,97.7799987792969
Spain,ESP,2010,97.75
Spain,ESP,2009,97.6800003051758
Spain,ESP,2008,97.629997253418
Spain,ESP,2007,97.9400024414062
Spain,ESP,2006,97.75
Spain,ESP,2005,97.75
Spain,ESP,2004,97.1699981689453
Spain,ESP,1991,96.4899978637695
Spain,ESP,1981,92.8099975585938
Sri Lanka,LKA,2024,92.7399978637695
Sri Lanka,LKA,2023,92.6600036621094
Sri Lanka,LKA,2022,92.4899978637695
Sri Lanka,LKA,2021,92.4300003051758
Sri Lanka,LKA,2020,92.379997253418
Sri Lanka,LKA,2019,92.25
Sri Lanka,LKA,2018,91.7099990844727
Sri Lanka,LKA,2017,91.9000015258789
Sri Lanka,LKA,2016,92.3899993896484
Sri Lanka,LKA,2015,92.5537849020454
Sri Lanka,LKA,2014,92.5346618196112
Sri Lanka,LKA,2010,91.1800003051758
Sri Lanka,LKA,2008,90.5599975585938
Sri Lanka,LKA,2006,90.8099975585938
Sri Lanka,LKA,2001,90.6800003051758
Sri Lanka,LKA,1981,86.7799987792969
St. Vincent and the Grenadines,VCT,1970,95.629997253418
Sudan,SDN,2008,53.5200004577637
Sudan,SDN,2000,61.3499984741211
Suriname,SUR,2012,92.870002746582
Suriname,SUR,2010,94.6800003051758
Suriname,SUR,2008,94.620002746582
Suriname,SUR,2004,89.5999984741211
Syrian Arab Republic,SYR,2021,94.4199981689453
Syrian Arab Republic,SYR,2004,80.8399963378906
Syrian Arab Republic,SYR,2002,82.8899993896484
Syrian Arab Republic,SYR,1981,55.6500015258789
Tajikistan,TJK,2009,99.7298704511844
Tajikistan,TJK,2007,98.0293057466938
Tajikistan,TJK,2003,97.3502368564513
Tajikistan,TJK,2000,99.4499969482422
Tajikistan,TJK,1989,97.6900024414062
Tanzania,TZA,2022,78.2099990844727
Tanzania,TZA,2020,82.2361019196766
Tanzania,TZA,2015,77.8899993896484
Tanzania,TZA,2014,79.8949432291161
Tanzania,TZA,2012,78.0999984741211
Tanzania,TZA,2002,69.4300003051758
Tanzania,TZA,1988,59.1100006103516
Thailand,THA,2022,91.0999984741211
Thailand,THA,2019,91.2699966430664
Thailand,THA,2018,93.7699966430664
Thailand,THA,2016,91.9800033569336
Thailand,THA,2015,92.870002746582
Thailand,THA,2013,93.6999969482422
Thailand,THA,2010,96.4300003051758
Thailand,THA,2005,93.5100021362305
Thailand,THA,2000,92.6500015258789
Thailand,THA,1980,87.9800033569336
Timor-Leste,TLS,2022,69.4000015258789
Timor-Leste,TLS,2016,65.7799987792969
Timor-Leste,TLS,2015,64.4499969482422
Timor-Leste,TLS,2010,58.310001373291
Timor-Leste,TLS,2007,50.5999984741211
Timor-Leste,TLS,2001,37.5999984741211
Togo,TGO,2022,72.5999984741211
Togo,TGO,2019,66.5400009155273
Togo,TGO,2017,60.9537021917226
Togo,TGO,2015,63.75
Togo,TGO,2011,60.4099998474121
Togo,TGO,2010,57.2000007629395
Togo,TGO,2009,57.0900001525879
Togo,TGO,2006,56.8899993896484
Togo,TGO,2000,53.1800003051758
Tonga,TON,2023,99.4800033569336
Tonga,TON,2019,91.0500030517578
Tonga,TON,2016,97.1500015258789
Tonga,TON,2011,99.3899993896484
Tonga,TON,2006,99.0199966430664
Tonga,TON,1996,98.9100036621094
Tonga,TON,1976,99.5899963378906
Trinidad and Tobago,TTO,1990,96.9400024414062
Trinidad and Tobago,TTO,1980,94.9700012207031
Tunisia,TUN,2023,86.25
Tunisia,TUN,2021,83.6800003051758
Tunisia,TUN,2019,80.5500030517578
Tunisia,TUN,2018,79.4800033569336
Tunisia,TUN,2014,79.0400009155273
Tunisia,TUN,2012,80.2200012207031
Tunisia,TUN,2011,79.6500015258789
Tunisia,TUN,2010,79.129997253418
Tunisia,TUN,2008,77.7099990844727
Tunisia,TUN,2007,77.1900024414062
Tunisia,TUN,2004,74.3000030517578
Tunisia,TUN,1984,48.189998626709
Turkiye,TUR,2021,97.2600021362305
Turkiye,TUR,2019,96.7399978637695
Turkiye,TUR,2017,96.1500015258789
Turkiye,TUR,2016,95.8600006103516
Turkiye,TUR,2015,95.5999984741211
Turkiye,TUR,2014,95.4400024414062
Turkiye,TUR,2013,95.2600021362305
Turkiye,TUR,2012,94.9199981689453
Turkiye,TUR,2011,94.1100006103516
Turkiye,TUR,2010,92.6600036621094
Turkiye,TUR,2009,90.8199996948242
Turkiye,TUR,2007,88.6600036621094
Turkiye,TUR,2006,88.120002746582
Turkiye,TUR,2005,88.2300033569336
Turkiye,TUR,2004,87.370002746582
Turkiye,TUR,1990,79.2300033569336
Turkiye,TUR,1985,75.9700012207031
Turkiye,TUR,1980,65.6900024414062
Turkiye,TUR,1975,61.6300010681152
Turkmenistan,TKM,2022,99.9000015258789
Turkmenistan,TKM,1995,98.7799987792969
Tuvalu,TUV,2022,100
Uganda,UGA,2024,77.0400009155273
Uganda,UGA,2023,80.5100021362305
Uganda,UGA,2021,79.0476540680567
Uganda,UGA,2016,69.0999984741211
Uganda,UGA,2014,68.5100021362305
Uganda,UGA,2012,70.1999969482422
Uganda,UGA,2010,73.2099990844727
Uganda,UGA,2006,71.370002746582
Uganda,UGA,2002,68.1399993896484
Uganda,UGA,1991,56.1100006103516
Ukraine,UKR,2001,99.4300003051758
United Arab Emirates,ARE,2024,98.8099975585938
United Arab Emirates,ARE,2023,98.0599975585938
United Arab Emirates,ARE,2022,98.2900009155273
United Arab Emirates,ARE,2021,98.129997253418
United Arab Emirates,ARE,2019,97.7799987792969
United Arab Emirates,ARE,2005,90.0299987792969
United Arab Emirates,ARE,1985,71.2399978637695
United Arab Emirates,ARE,1975,53.5099983215332
Uruguay,URY,2024,98.9100036621094
Uruguay,URY,2023,98.8254937778285
Uruguay,URY,2022,98.8499984741211
Uruguay,URY,2020,98.9596198051761
Uruguay,URY,2019,98.7699966430664
Uruguay,URY,2018,98.6999969482422
Uruguay,URY,2017,98.620002746582
Uruguay,URY,2016,98.5599975585938
Uruguay,URY,2015,98.5199966430664
Uruguay,URY,2014,98.4400024414062
Uruguay,URY,2013,98.3600006103516
Uruguay,URY,2012,98.4000015258789
Uruguay,URY,2011,98.3399963378906
Uruguay,URY,2010,98.0699996948242
Uruguay,URY,2009,98.2600021362305
Uruguay,URY,2008,98.1600036621094
Uruguay,URY,2007,97.8600006103516
Uruguay,URY,2006,97.7900009155273
Uruguay,URY,1996,96.7799987792969
Uruguay,URY,1985,95.379997253418
Uruguay,URY,1975,93.8600006103516
Uzbekistan,UZB,2022,100
Uzbekistan,UZB,2021,100
Uzbekistan,UZB,2019,100
Uzbekistan,UZB,2018,99.9899978637695
Uzbekistan,UZB,2016,99.9899978637695
Uzbekistan,UZB,2015,99.9800033569336
Uzbekistan,UZB,2014,99.9800033569336
Uzbekistan,UZB,2013,99.9899978637695
Uzbekistan,UZB,2000,98.6399993896484
Vanuatu,VUT,2023,87.9599990844727
Vanuatu,VUT,2020,89.7930993872856
Vanuatu,VUT,2019,92.4744486976738
Vanuatu,VUT,1999,74
Vanuatu,VUT,1979,52.8699989318848
"Venezuela, RB",VEN,2017,97.1837183128414
"Venezuela, RB",VEN,2016,97.129997253418
"Venezuela, RB",VEN,2015,96.6100006103516
"Venezuela, RB",VEN,2012,95.9871889937429
"Venezuela, RB",VEN,2011,94.7699966430664
"Venezuela, RB",VEN,2010,95.3924213233743
"Venezuela, RB",VEN,2009,95.5100021362305
"Venezuela, RB",VEN,2008,95.3116995541662
"Venezuela, RB",VEN,2007,95.1500015258789
"Venezuela, RB",VEN,2006,94.6620701964151
"Venezuela, RB",VEN,2005,94.3707013803128
"Venezuela, RB",VEN,2001,92.9800033569336
"Venezuela, RB",VEN,1990,89.8300018310547
"Venezuela, RB",VEN,1981,84.7300033569336
Viet Nam,VNM,2022,96.129997253418
Viet Nam,VNM,2019,95.75
Viet Nam,VNM,2009,93.5199966430664
Viet Nam,VNM,2000,90.1600036621094
Viet Nam,VNM,1999,90.2799987792969
Viet Nam,VNM,1989,87.5999984741211
Viet Nam,VNM,1979,83.8300018310547
West Bank and Gaza,PSE,2024,97.9389541214558
West Bank and Gaza,PSE,2022,97.8399963378906
West Bank and Gaza,PSE,2021,97.6840000894857
West Bank and Gaza,PSE,2020,97.5100021362305
West Bank and Gaza,PSE,2019,97.379997253418
West Bank and Gaza,PSE,2018,97.2200012207031
West Bank and Gaza,PSE,2017,96.9199981689453
West Bank and Gaza,PSE,2016,96.7200012207031
West Bank and Gaza,PSE,2015,96.4800033569336
West Bank and Gaza,PSE,2014,96.2099990844727
West Bank and Gaza,PSE,2013,96.0500030517578
West Bank and Gaza,PSE,2012,95.6699981689453
West Bank and Gaza,PSE,2011,95.0299987792969
West Bank and Gaza,PSE,2010,94.7200012207031
West Bank and Gaza,PSE,2009,94.4300003051758
West Bank and Gaza,PSE,2008,94.0100021362305
West Bank and Gaza,PSE,2007,93.7600021362305
West Bank and Gaza,PSE,2006,93.4499969482422
West Bank and Gaza,PSE,2004,92.4800033569336
West Bank and Gaza,PSE,1997,86.0800018310547
"Yemen, Rep.",YEM,1994,37.0900001525879
Zambia,ZMB,2024,71.7699966430664
Zambia,ZMB,2022,79.9841479741156
Zambia,ZMB,2021,79.9494621864846
Zambia,ZMB,2020,81.7530087399265
Zambia,ZMB,2018,71.129997253418
Zambia,ZMB,2010,83.1399993896484
Zambia,ZMB,2002,69.1500015258789
Zambia,ZMB,1999,68
Zambia,ZMB,1990,65
Zimbabwe,ZWE,2019,93.2300033569336
Zimbabwe,ZWE,1992,83.5100021362305
Zimbabwe,ZWE,1982,77.7900009155273