year,Rank,Name,Country,Overall,Teaching,Research Environment,Research Quality,Industry,International Outlook,rank_prefix
2020,1,University of Oxford,United Kingdom,95.4,90.5,99.6,98.4,65.5,96.4,
2020,2,California Institute of Technology,United States,94.5,92.1,97.2,97.9,88.0,82.5,
2020,3,University of Cambridge,United Kingdom,94.4,91.4,98.7,95.8,59.3,95.0,
2020,4,Stanford University,United States,94.3,92.8,96.4,99.9,66.2,79.5,
2020,5,Massachusetts Institute of Technology,United States,93.6,90.5,92.4,99.5,86.9,89.0,
2020,6,Princeton University,United States,93.2,90.3,96.3,98.8,58.6,81.1,
2020,7,Harvard University,United States,93.0,89.2,98.6,99.1,47.3,76.3,
2020,8,Yale University,United States,91.7,92.0,94.8,97.3,52.4,68.7,
2020,9,The University of Chicago,United States,90.2,89.1,91.4,96.7,52.7,76.0,
2020,10,Imperial College London,United Kingdom,89.8,84.5,87.6,97.0,69.9,97.1,
2020,11,University of Pennsylvania,United States,89.6,87.5,90.4,98.2,74.0,65.0,
2020,12,Johns Hopkins University,United States,89.2,81.7,91.4,98.3,91.3,73.2,
2020,13,"University of California, Berkeley",United States,88.3,83.0,90.6,99.2,46.1,70.4,=
2020,13,ETH Zurich,Switzerland,88.3,81.8,92.8,90.3,56.8,98.2,=
2020,15,UCL,United Kingdom,87.1,77.8,88.7,96.1,42.7,96.2,
2020,16,Columbia University,United States,87.0,85.6,82.6,98.2,44.8,79.3,
2020,17,"University of California, Los Angeles",United States,86.8,83.1,88.6,97.3,51.3,64.1,
2020,18,University of Toronto,Canada,85.5,76.6,89.5,93.6,50.5,84.7,
2020,19,Cornell University,United States,85.1,79.7,86.0,96.6,37.1,73.4,
2020,20,Duke University,United States,84.0,82.4,76.8,97.0,99.9,61.5,
2020,21,University of Michigan-Ann Arbor,United States,83.8,79.4,86.1,94.9,47.7,59.2,
2020,22,Northwestern University,United States,83.5,74.2,83.8,97.8,78.4,64.1,
2020,23,Tsinghua University,China,82.6,86.6,94.0,74.6,100.0,47.4,
2020,24,Peking University,China,82.3,89.1,90.0,73.2,86.6,59.6,
2020,25,National University of Singapore,Singapore,81.9,76.8,90.4,76.9,58.8,95.5,
2020,26,University of Washington,United States,81.6,72.2,82.2,98.6,47.5,60.4,
2020,27,Carnegie Mellon University,United States,81.3,65.9,82.7,98.2,50.5,80.6,=
2020,27,London School of Economics and Political Science,United Kingdom,81.3,69.0,83.0,92.8,35.1,93.2,=
2020,29,New York University,United States,81.1,76.8,77.5,96.5,38.7,65.4,
2020,30,University of Edinburgh,United Kingdom,79.4,67.3,74.1,96.4,38.9,93.8,
2020,31,"University of California, San Diego",United States,78.8,62.6,78.9,97.7,90.3,63.7,
2020,32,LMU Munich,Germany,77.8,68.4,77.0,88.8,100.0,67.2,=
2020,32,University of Melbourne,Australia,77.8,65.9,74.1,89.8,76.3,93.1,=
2020,34,University of British Columbia,Canada,76.3,61.5,73.2,92.5,43.8,94.4,
2020,35,University of Hong Kong,Hong Kong,75.9,69.5,77.2,76.6,59.7,98.6,
2020,36,King’s College London,United Kingdom,75.7,61.3,68.5,94.8,45.6,95.6,=
2020,36,The University of Tokyo,Japan,75.7,85.9,89.6,60.7,77.4,38.2,=
2020,38,École Polytechnique Fédérale de Lausanne,Switzerland,75.4,66.6,66.3,88.3,66.4,98.6,=
2020,38,Georgia Institute of Technology,United States,75.4,60.2,76.4,90.4,61.6,77.1,=
2020,38,University of Texas at Austin,United States,75.4,68.2,76.2,93.2,46.6,39.1,=
2020,41,Karolinska Institute,Sweden,74.7,55.4,71.4,96.1,71.2,81.2,
2020,42,McGill University,Canada,74.3,65.0,71.9,84.7,42.8,90.4,
2020,43,Technical University of Munich,Germany,74.1,64.6,70.4,85.5,100.0,72.9,
2020,44,Universität Heidelberg,Germany,73.5,67.1,60.3,96.2,54.6,67.5,
2020,45,KU Leuven,Belgium,73.2,58.7,73.9,85.3,99.3,71.8,=
2020,45,Paris Sciences et Lettres – PSL Research University Paris,France,73.2,71.6,71.4,77.0,52.2,78.7,=
2020,47,The Hong Kong University of Science and Technology,Hong Kong,73.1,57.4,66.1,89.8,71.9,97.7,
2020,48,University of Illinois at Urbana-Champaign,United States,72.9,63.2,78.0,84.4,47.9,54.3,=
2020,48,"Nanyang Technological University, Singapore",Singapore,72.9,57.6,70.4,84.9,76.5,95.1,=
2020,50,Australian National University,Australia,72.1,54.4,69.7,88.4,46.4,95.5,
2020,51,University of Wisconsin-Madison,United States,72.0,68.8,70.3,85.3,46.3,47.4,
2020,52,Washington University in St Louis,United States,71.5,64.2,57.5,98.8,40.7,57.1,
2020,53,Brown University,United States,70.0,64.0,56.1,94.9,36.5,61.4,
2020,54,University of North Carolina at Chapel Hill,United States,69.9,59.7,63.2,96.9,43.9,38.0,
2020,55,"University of California, Davis",United States,69.7,62.4,66.9,83.2,51.4,62.4,=
2020,55,University of Manchester,United Kingdom,69.7,56.9,63.8,85.2,44.7,91.0,=
2020,57,"University of California, Santa Barbara",United States,69.6,47.9,63.6,96.4,84.5,68.1,=
2020,57,The Chinese University of Hong Kong,Hong Kong,69.6,55.8,62.8,84.5,55.2,97.8,=
2020,59,Wageningen University & Research,Netherlands,69.4,49.3,57.1,96.1,100.0,81.9,
2020,60,The University of Sydney,Australia,69.3,51.0,61.5,90.7,67.7,89.2,
2020,61,Boston University,United States,68.5,57.3,55.6,95.7,41.4,64.4,
2020,62,University of Amsterdam,Netherlands,68.1,48.0,63.4,91.2,45.3,82.0,=
2020,62,University of Southern California,United States,68.1,54.7,59.3,93.1,39.7,66.2,=
2020,64,Seoul National University,South Korea,68.0,72.3,71.6,66.5,86.6,35.8,
2020,65,Kyoto University,Japan,67.7,73.7,78.1,59.9,66.2,33.7,
2020,66,The University of Queensland,Australia,67.4,49.3,58.7,86.8,80.9,92.5,
2020,67,Delft University of Technology,Netherlands,66.7,55.3,72.3,63.2,99.4,92.8,=
2020,67,Leiden University,Netherlands,66.7,48.3,65.0,83.1,72.7,79.4,=
2020,69,Erasmus University Rotterdam,Netherlands,66.3,39.4,57.3,97.1,63.6,87.3,
2020,70,Ohio State University (Main campus),United States,66.1,57.5,56.1,87.3,53.3,59.5,
2020,71,UNSW Sydney,Australia,65.9,50.2,58.2,82.9,57.9,93.7,
2020,72,McMaster University,Canada,65.4,44.5,50.1,94.8,94.0,82.7,
2020,73,University of Groningen,Netherlands,65.1,42.3,55.6,91.6,79.8,82.5,
2020,74,Humboldt University of Berlin,Germany,65.0,61.8,66.8,67.9,40.2,67.8,
2020,75,Monash University,Australia,64.7,47.3,56.6,83.8,67.2,89.9,=
2020,75,Utrecht University,Netherlands,64.7,44.1,61.2,88.4,65.3,65.5,=
2020,77,University of Warwick,United Kingdom,64.6,46.9,52.7,88.8,42.8,93.8,
2020,78,Penn State (Main campus),United States,64.2,55.2,67.1,75.7,52.1,47.4,
2020,79,University of Minnesota,United States,64.1,55.2,59.3,82.7,78.2,40.2,
2020,80,Charité - Universitätsmedizin Berlin,Germany,64.0,47.6,47.3,94.9,92.7,63.5,=
2020,80,Emory University,United States,64.0,56.0,40.4,98.8,45.4,57.9,=
2020,80,University of Science and Technology of China,China,64.0,64.6,59.5,74.7,79.6,31.3,=
2020,80,Sorbonne University,France,64.0,62.3,50.6,79.9,38.4,69.2,=
2020,84,Michigan State University,United States,63.9,56.6,57.4,80.0,37.8,63.3,
2020,85,Université de Montréal,Canada,63.4,48.2,49.7,86.4,70.0,84.1,
2020,86,University of Freiburg,Germany,63.3,49.1,51.6,83.1,100.0,75.7,
2020,87,University of Bristol,United Kingdom,63.2,41.8,48.4,95.5,40.9,86.6,
2020,88,Purdue University West Lafayette,United States,63.1,57.5,66.4,63.0,64.3,72.0,
2020,89,Sungkyunkwan University (SKKU),South Korea,63.0,57.6,61.2,70.3,97.3,51.1,
2020,90,University of Zurich,Switzerland,62.8,47.0,46.7,88.2,53.0,92.2,
2020,91,"University of Maryland, College Park",United States,62.7,46.9,59.1,89.6,39.2,41.2,=
2020,91,University of Tübingen,Germany,62.7,51.2,56.2,80.1,67.0,64.0,=
2020,93,École Polytechnique – Institut Polytechnique de Paris,France,62.5,59.6,49.1,70.2,69.6,95.2,
2020,94,University of Basel,Switzerland,62.4,43.0,41.2,91.4,99.4,96.1,=
2020,94,Dartmouth College,United States,62.4,58.4,39.9,96.4,41.0,39.6,=
2020,96,"University of California, Irvine",United States,62.3,43.3,46.5,94.9,58.9,71.9,=
2020,96,University of Helsinki,Finland,62.3,43.4,59.3,88.1,38.1,55.1,=
2020,96,Lund University,Sweden,62.3,40.7,54.3,86.3,81.0,77.7,=
2020,99,University of Glasgow,United Kingdom,62.2,41.1,47.9,91.8,40.0,92.3,=
2020,99,RWTH Aachen University,Germany,62.2,55.6,61.5,67.3,98.1,59.0,=
2020,101,University of Copenhagen,Denmark,62.1,48.1,44.1,89.6,48.1,85.4,
2020,102,Georgetown University,United States,61.9,57.3,37.9,93.9,62.5,47.2,=
2020,102,Uppsala University,Sweden,61.9,41.6,56.4,85.0,74.6,68.1,=
2020,104,University of Arizona,United States,61.8,52.6,53.7,85.3,52.7,40.2,
2020,105,University of Bonn,Germany,61.6,47.6,47.0,88.0,93.3,60.3,=
2020,105,Rice University,United States,61.6,49.1,39.7,93.7,45.4,77.0,=
2020,107,University of Virginia (Main campus),United States,61.5,54.4,43.5,91.3,41.6,48.9,=
2020,107,Zhejiang University,China,61.5,66.0,64.7,50.6,100.0,61.8,=
2020,109,Fudan University,China,61.4,61.9,58.6,68.1,58.6,44.8,
2020,110,Korea Advanced Institute of Science and Technology (KAIST),South Korea,61.3,62.6,66.4,58.1,99.9,35.5,=
2020,110,Queen Mary University of London,United Kingdom,61.3,35.3,43.1,98.0,44.1,96.7,=
2020,112,University of Birmingham,United Kingdom,60.9,39.6,45.6,92.1,39.3,89.2,
2020,113,University of Bern,Switzerland,60.4,44.5,41.2,86.6,85.0,87.3,=
2020,113,University of Pittsburgh-Pittsburgh campus,United States,60.4,47.4,45.5,95.1,40.7,39.3,=
2020,115,Aarhus University,Denmark,60.3,37.2,54.0,85.4,66.7,74.8,
2020,116,Vanderbilt University,United States,60.2,48.7,42.1,95.4,47.5,43.0,
2020,117,Free University of Berlin,Germany,60.1,57.2,63.3,58.4,42.4,71.6,=
2020,117,University of Sheffield,United Kingdom,60.1,45.2,46.4,83.0,45.8,87.3,=
2020,119,Case Western Reserve University,United States,60.0,48.4,39.9,95.3,42.1,52.2,
2020,120,University of Adelaide,Australia,59.9,34.3,41.6,95.3,64.8,91.7,=
2020,120,National Taiwan University (NTU),Taiwan,59.9,57.0,62.7,64.0,65.4,41.9,=
2020,122,University of Southampton,United Kingdom,59.8,40.2,44.3,88.0,40.1,94.2,
2020,123,Ghent University,Belgium,59.7,43.3,55.5,78.4,80.9,59.5,
2020,124,University of Colorado Boulder,United States,59.6,44.8,45.6,93.1,41.7,47.3,
2020,125,University of Göttingen,Germany,59.5,49.6,48.6,82.0,37.0,60.9,
2020,126,City University of Hong Kong,Hong Kong,59.3,41.0,48.9,77.6,62.4,99.6,
2020,127,Maastricht University,Netherlands,59.0,40.2,48.3,77.0,82.9,97.6,
2020,128,Radboud University Nijmegen,Netherlands,58.9,36.0,49.9,88.2,46.2,73.0,=
2020,128,University of York,United Kingdom,58.9,40.3,46.6,85.1,36.4,85.4,=
2020,130,Université Paris Cité,France,58.8,52.0,36.1,88.3,35.6,66.6,
2020,131,University of Oslo,Norway,58.7,39.6,43.8,90.0,40.7,75.5,=
2020,131,The University of Western Australia,Australia,58.7,32.5,43.9,91.0,57.0,94.3,=
2020,133,Durham University,United Kingdom,58.5,45.5,47.8,75.5,37.9,91.7,
2020,134,Indiana University,United States,58.4,50.8,49.7,76.7,49.8,53.5,=
2020,134,University of Vienna,Austria,58.4,48.1,55.3,64.6,37.1,94.2,=
2020,136,University of Alberta,Canada,58.2,47.9,48.8,70.3,60.5,87.5,=
2020,136,University of Cape Town,South Africa,58.2,33.2,42.8,90.3,85.3,81.8,=
2020,138,Vrije Universiteit Amsterdam,Netherlands,58.1,35.7,48.1,88.4,52.5,68.8,
2020,139,Lancaster University,United Kingdom,58.0,34.7,39.4,92.5,36.0,94.2,=
2020,139,Tufts University,United States,58.0,49.1,34.2,94.4,38.6,49.6,=
2020,141,University of Ottawa,Canada,57.9,41.3,42.0,86.2,46.5,77.7,=
2020,141,Ulm University,Germany,57.9,40.6,36.6,94.9,75.7,57.5,=
2020,143,Pompeu Fabra University,Spain,57.8,37.7,40.1,94.4,44.5,66.5,
2020,144,University of Geneva,Switzerland,57.6,38.1,43.7,80.4,63.3,98.4,=
2020,144,Nanjing University,China,57.6,50.7,48.0,71.8,84.9,57.8,=
2020,146,University of Exeter,United Kingdom,57.4,33.9,38.9,92.4,37.8,91.9,=
2020,146,Pohang University of Science and Technology (POSTECH),South Korea,57.4,51.7,50.9,72.2,99.6,32.9,=
2020,146,University of Sussex,United Kingdom,57.4,35.3,37.9,91.8,35.9,93.6,=
2020,149,University of Hamburg,Germany,57.3,44.4,49.8,74.0,98.5,58.1,=
2020,149,Sant’Anna School of Advanced Studies – Pisa,Italy,57.3,45.0,42.3,82.5,84.7,56.0,=
2020,149,Technical University of Berlin,Germany,57.3,50.4,53.9,62.3,92.7,66.2,=
2020,152,Université Catholique de Louvain,Belgium,57.2,38.8,51.5,75.7,53.7,80.5,=
2020,152,University of Nottingham,United Kingdom,57.2,42.7,42.6,80.3,39.4,87.5,=
2020,152,Scuola Normale Superiore di Pisa,Italy,57.2,57.2,38.1,79.2,35.9,52.8,=
2020,155,Arizona State University (Tempe),United States,57.1,39.3,50.7,81.6,38.5,61.8,=
2020,155,University of Leeds,United Kingdom,57.1,41.1,45.9,78.0,39.9,87.5,=
2020,157,Universitat Autònoma de Barcelona (UAB),Spain,56.9,40.9,36.1,92.9,44.8,64.3,=
2020,157,University of Cologne,Germany,56.9,43.6,42.9,81.5,70.6,62.9,=
2020,157,University of Mannheim,Germany,56.9,41.9,50.0,78.2,58.6,58.5,=
2020,157,University of Notre Dame,United States,56.9,52.9,46.2,73.5,38.1,55.3,=
2020,157,Shanghai Jiao Tong University,China,56.9,58.0,63.0,47.9,99.9,49.8,=
2020,157,TU Dresden,Germany,56.9,46.5,48.5,73.0,94.1,55.8,=
2020,163,University of Würzburg,Germany,56.8,38.7,42.4,87.5,65.6,61.5,
2020,164,Trinity College Dublin,Ireland,56.4,41.7,43.9,75.4,41.2,94.4,
2020,165,University of Liverpool,United Kingdom,56.3,35.2,37.5,88.8,38.8,92.2,
2020,166,Bielefeld University,Germany,56.1,36.1,42.7,91.1,59.4,48.6,=
2020,166,University of Leicester,United Kingdom,56.1,30.1,34.8,96.2,38.1,90.7,=
2020,168,University of Aberdeen,United Kingdom,56.0,30.4,33.3,95.2,45.8,95.7,=
2020,168,University of Bologna,Italy,56.0,51.5,34.8,83.8,45.1,50.7,=
2020,168,Rutgers University–New Brunswick,United States,56.0,47.8,48.5,73.9,41.1,51.5,=
2020,171,The Hong Kong Polytechnic University,Hong Kong,55.9,41.0,46.6,71.8,42.3,94.1,
2020,172,University of Alabama at Birmingham,United States,55.7,39.2,33.6,97.3,74.8,37.4,
2020,173,"Northeastern University, US",United States,55.6,38.0,27.9,97.5,38.0,75.0,=
2020,173,University of Rochester,United States,55.6,43.4,30.3,91.4,40.9,67.2,=
2020,175,University of Florida,United States,55.4,54.0,53.8,61.9,57.9,40.0,=
2020,175,Karlsruhe Institute of Technology,Germany,55.4,45.4,47.8,66.5,91.3,69.1,=
2020,175,Stockholm University,Sweden,55.4,30.0,46.4,85.0,36.6,81.3,=
2020,178,Texas A&M University,United States,55.3,49.3,54.8,62.8,45.3,54.3,
2020,179,University of Auckland,New Zealand,55.2,31.4,43.9,80.2,62.4,94.0,=
2020,179,"University of California, Santa Cruz",United States,55.2,33.1,34.9,97.7,39.1,60.6,=
2020,179,Korea University,South Korea,55.2,48.4,50.2,64.5,93.9,52.0,=
2020,179,Queensland University of Technology,Australia,55.2,31.9,40.3,86.4,62.4,81.4,=
2020,183,University of Erlangen-Nuremberg,Germany,54.9,41.1,45.8,75.2,89.6,52.9,
2020,184,Aalto University,Finland,54.8,41.8,39.4,76.7,48.3,82.3,=
2020,184,Technical University of Denmark,Denmark,54.8,39.4,40.2,73.8,71.6,92.8,=
2020,186,Eindhoven University of Technology,Netherlands,54.7,44.6,48.8,61.0,99.8,78.3,=
2020,186,University of Gothenburg,Sweden,54.7,27.5,41.5,93.5,40.1,65.7,=
2020,188,Télécom Paris – Institut Polytechnique de Paris,France,54.6,42.6,38.3,74.4,76.6,81.7,
2020,189,Lomonosov Moscow State University,Russian Federation,54.3,78.2,63.0,15.6,90.7,66.6,=
2020,189,University of Münster,Germany,54.3,41.0,42.5,81.3,47.5,48.7,=
2020,189,Tel Aviv University,Israel,54.3,41.3,51.3,71.2,41.8,54.7,=
2020,192,University of East Anglia,United Kingdom,54.2,28.3,30.1,97.2,35.7,87.7,
2020,193,University of Canberra,Australia,54.1,25.2,31.1,99.2,38.6,86.9,
2020,194,University of Duisburg-Essen,Germany,54.0,34.4,32.8,91.8,71.6,60.0,=
2020,194,University of Technology Sydney,Australia,54.0,33.5,42.9,75.3,50.3,96.1,=
2020,194,University of the Witwatersrand,South Africa,54.0,31.2,43.2,78.8,100.0,73.7,=
2020,197,Yonsei University (Seoul campus),South Korea,53.9,51.2,52.6,53.0,98.9,58.4,
2020,198,University of Antwerp,Belgium,53.8,35.6,44.5,75.8,72.2,69.6,=
2020,198,Cardiff University,United Kingdom,53.8,32.5,35.5,87.1,37.8,85.1,=
2020,198,George Washington University,United States,53.8,48.6,32.4,81.5,35.0,55.5,=
2020,198,University of Lausanne,Switzerland,53.8,33.1,44.2,73.3,67.8,92.7,=
2020,198,University of St Andrews,United Kingdom,53.8,42.2,41.8,67.8,37.6,96.6,=
2020,201–250,Aalborg University,Denmark,50.1–53.7,28.5,39.1,87.1,48.0,75.1,
2020,201–250,University of Barcelona,Spain,50.1–53.7,37.3,32.5,87.6,41.2,54.7,
2020,201–250,University of Bergen,Norway,50.1–53.7,29.5,29.4,94.1,37.1,78.3,
2020,201–250,Brandeis University,United States,50.1–53.7,28.5,22.9,100.0,35.6,53.4,
2020,201–250,University of Calgary,Canada,50.1–53.7,33.9,34.2,84.7,48.1,77.2,
2020,201–250,Copenhagen Business School,Denmark,50.1–53.7,25.3,32.4,83.7,43.6,92.2,
2020,201–250,University of Dundee,United Kingdom,50.1–53.7,24.8,31.2,90.5,46.5,80.4,
2020,201–250,École Normale Supérieure de Lyon,France,50.1–53.7,45.2,43.5,63.9,47.0,70.7,
2020,201–250,Griffith University,Australia,50.1–53.7,25.5,32.7,86.0,42.0,81.8,
2020,201–250,University of Hawai’i at Mānoa,United States,50.1–53.7,36.3,38.9,73.8,51.5,65.5,
2020,201–250,Hebrew University of Jerusalem,Israel,50.1–53.7,48.2,45.1,62.3,41.4,60.3,
2020,201–250,University of Hohenheim,Germany,50.1–53.7,34.4,31.0,92.0,50.0,55.7,
2020,201–250,Howard University,United States,50.1–53.7,42.8,15.3,99.0,34.4,34.0,
2020,201–250,University of Iowa,United States,50.1–53.7,43.1,29.5,82.3,54.0,46.5,
2020,201–250,James Cook University,Australia,50.1–53.7,23.3,28.4,93.3,45.9,75.7,
2020,201–250,King Abdulaziz University,Saudi Arabia,50.1–53.7,29.5,16.5,96.4,78.9,93.1,
2020,201–250,University of Konstanz,Germany,50.1–53.7,38.8,44.2,66.4,72.1,65.6,
2020,201–250,KTH Royal Institute of Technology,Sweden,50.1–53.7,40.5,42.7,62.3,50.5,89.0,
2020,201–250,Université Libre de Bruxelles,Belgium,50.1–53.7,30.2,41.5,73.6,42.7,87.0,
2020,201–250,University of Luxembourg,Luxembourg,50.1–53.7,37.9,36.5,75.8,45.2,99.7,
2020,201–250,Macquarie University,Australia,50.1–53.7,37.8,42.6,71.8,53.1,83.9,
2020,201–250,University of Massachusetts,United States,50.1–53.7,38.5,31.1,87.0,49.9,61.7,
2020,201–250,Medical University of Graz,Austria,50.1–53.7,30.9,25.1,91.7,62.1,74.2,
2020,201–250,Medical University of Vienna,Austria,50.1–53.7,33.4,23.5,90.3,53.0,78.8,
2020,201–250,University of Miami,United States,50.1–53.7,44.0,25.2,83.2,41.3,59.1,
2020,201–250,Moscow Institute of Physics and Technology (MIPT),Russian Federation,50.1–53.7,53.3,45.6,47.2,99.9,58.7,
2020,201–250,Newcastle University,United Kingdom,50.1–53.7,31.5,36.2,85.5,41.7,87.8,
2020,201–250,University of Otago,New Zealand,50.1–53.7,30.2,32.1,84.7,37.0,89.8,
2020,201–250,University of Padua,Italy,50.1–53.7,42.5,30.9,80.2,38.4,45.1,
2020,201–250,Paris-Sud University,France,50.1–53.7,33.7,32.3,85.9,35.1,65.3,
2020,201–250,Queen’s University Belfast,United Kingdom,50.1–53.7,31.2,35.5,83.7,38.7,96.4,
2020,201–250,RCSI University of Medicine and Health Sciences,Ireland,50.1–53.7,30.1,26.9,90.0,47.5,93.7,
2020,201–250,University of Reading,United Kingdom,50.1–53.7,32.1,35.2,76.9,40.3,91.9,
2020,201–250,"St George’s, University of London",United Kingdom,50.1–53.7,24.0,22.0,98.2,36.9,79.6,
2020,201–250,University of South Florida (Tampa),United States,50.1–53.7,30.5,34.2,87.3,89.0,54.7,
2020,201–250,Tilburg University,Netherlands,50.1–53.7,36.8,48.8,62.1,55.9,78.2,
2020,201–250,University of Twente,Netherlands,50.1–53.7,35.2,46.8,55.6,85.0,90.8,
2020,201–250,Ulsan National Institute of Science and Technology (UNIST),South Korea,50.1–53.7,27.8,38.6,91.3,80.5,51.9,
2020,201–250,University College Dublin,Ireland,50.1–53.7,30.8,36.5,73.6,43.9,92.5,
2020,201–250,University of Utah,United States,50.1–53.7,39.0,34.7,86.4,48.3,33.0,
2020,201–250,Virginia Polytechnic Institute and State University,United States,50.1–53.7,37.5,42.3,70.9,47.5,54.0,
2020,201–250,Vita-Salute San Raffaele University,Italy,50.1–53.7,38.7,22.4,97.6,35.9,43.1,
2020,201–250,Vrije Universiteit Brussel,Belgium,50.1–53.7,37.4,42.3,62.7,87.0,75.4,
2020,201–250,Wake Forest University,United States,50.1–53.7,42.8,18.8,94.1,43.6,31.2,
2020,201–250,University of Waterloo,Canada,50.1–53.7,35.0,42.1,66.3,45.1,84.1,
2020,201–250,Western University,Canada,50.1–53.7,40.2,35.7,76.4,59.1,80.0,
2020,201–250,William & Mary,United States,50.1–53.7,47.5,21.1,87.4,35.3,37.3,
2020,201–250,University of Wollongong,Australia,50.1–53.7,29.9,35.0,75.5,55.7,93.4,
2020,251–300,Alfaisal University,Saudi Arabia,46.9–50.0,19.6,21.2,95.0,50.4,98.1,
2020,251–300,Auckland University of Technology,New Zealand,46.9–50.0,19.7,18.4,98.0,36.7,95.8,
2020,251–300,Autonomous University of Madrid,Spain,46.9–50.0,40.1,28.7,74.5,38.6,51.5,
2020,251–300,University of Bath,United Kingdom,46.9–50.0,28.6,31.1,75.7,37.5,90.3,
2020,251–300,Brighton and Sussex Medical School,United Kingdom,46.9–50.0,15.9,19.9,100.0,34.4,77.7,
2020,251–300,University at Buffalo,United States,46.9–50.0,37.2,32.7,73.8,42.1,64.7,
2020,251–300,"University of California, Riverside",United States,46.9–50.0,31.2,30.3,85.9,39.4,64.7,
2020,251–300,Chalmers University of Technology,Sweden,46.9–50.0,36.1,42.1,60.0,74.1,82.9,
2020,251–300,University of Cincinnati – Uptown,United States,46.9–50.0,35.5,30.8,83.9,39.4,40.9,
2020,251–300,Curtin University,Australia,46.9–50.0,23.4,30.4,83.2,44.8,94.2,
2020,251–300,Dalhousie University,Canada,46.9–50.0,27.7,29.6,79.5,44.4,85.4,
2020,251–300,University of Delaware,United States,46.9–50.0,28.5,38.2,71.5,90.6,47.2,
2020,251–300,École Nationale des Ponts et Chaussées - Institut Polytechnique de Paris,France,46.9–50.0,39.9,24.5,73.1,57.5,82.3,
2020,251–300,University of Essex,United Kingdom,46.9–50.0,31.6,34.3,68.6,35.0,96.5,
2020,251–300,Flinders University,Australia,46.9–50.0,22.5,29.9,84.4,37.7,88.0,
2020,251–300,Florida State University,United States,46.9–50.0,38.0,40.1,69.2,39.4,43.5,
2020,251–300,George Mason University,United States,46.9–50.0,29.9,26.3,89.5,35.8,46.2,
2020,251–300,Heriot-Watt University,United Kingdom,46.9–50.0,28.4,26.7,75.2,42.0,94.0,
2020,251–300,HSE University,Russian Federation,46.9–50.0,35.9,37.3,78.1,56.5,42.0,
2020,251–300,University of Illinois Chicago,United States,46.9–50.0,45.0,33.4,69.7,43.2,54.9,
2020,251–300,University of Kiel,Germany,46.9–50.0,30.6,27.5,86.8,34.4,54.9,
2020,251–300,La Trobe University,Australia,46.9–50.0,27.1,33.1,73.3,51.3,83.8,
2020,251–300,Université Laval,Canada,46.9–50.0,40.1,31.8,67.6,59.6,69.2,
2020,251–300,Macau University of Science and Technology,Macao,46.9–50.0,27.1,22.4,83.0,34.8,99.6,
2020,251–300,Medical University of Innsbruck,Austria,46.9–50.0,30.5,14.2,89.1,51.5,93.9,
2020,251–300,University of Galway,Ireland,46.9–50.0,27.1,29.9,76.3,42.4,79.8,
2020,251–300,University of Navarra,Spain,46.9–50.0,30.4,27.9,80.3,85.5,65.1,
2020,251–300,University of Oregon,United States,46.9–50.0,34.0,29.3,83.7,34.7,37.0,
2020,251–300,Oregon Health and Science University,United States,46.9–50.0,35.7,16.7,99.7,47.6,26.6,
2020,251–300,University of Oulu,Finland,46.9–50.0,30.3,34.4,76.4,43.0,54.3,
2020,251–300,University of Passau,Germany,46.9–50.0,32.8,39.3,75.5,47.5,59.1,
2020,251–300,University of Potsdam,Germany,46.9–50.0,36.8,40.8,65.2,56.2,57.4,
2020,251–300,Queen’s University,Canada,46.9–50.0,41.5,37.8,62.6,65.7,66.3,
2020,251–300,"Royal Holloway, University of London",United Kingdom,46.9–50.0,30.6,30.2,73.4,37.1,92.8,
2020,251–300,Ruhr University Bochum,Germany,46.9–50.0,39.7,45.0,57.9,54.5,55.0,
2020,251–300,University of São Paulo,Brazil,46.9–50.0,56.4,54.0,40.6,39.9,33.9,
2020,251–300,Sapienza University of Rome,Italy,46.9–50.0,40.4,40.0,69.8,43.6,40.5,
2020,251–300,Simon Fraser University,Canada,46.9–50.0,24.1,35.5,75.3,47.0,91.1,
2020,251–300,University of South Australia,Australia,46.9–50.0,31.5,39.4,65.8,82.5,89.3,
2020,251–300,University of Southern Denmark,Denmark,46.9–50.0,21.4,28.1,85.1,69.7,80.9,
2020,251–300,Stellenbosch University,South Africa,46.9–50.0,29.5,34.6,74.4,59.1,54.8,
2020,251–300,University of Stuttgart,Germany,46.9–50.0,41.8,45.4,52.4,61.1,53.1,
2020,251–300,Sun Yat-sen University,China,46.9–50.0,43.6,35.8,63.5,56.4,34.9,
2020,251–300,University of Surrey,United Kingdom,46.9–50.0,30.2,34.3,71.9,46.8,93.7,
2020,251–300,Swansea University,United Kingdom,46.9–50.0,21.3,24.1,93.3,36.8,83.2,
2020,251–300,Syracuse University,United States,46.9–50.0,35.1,29.6,78.1,35.3,48.7,
2020,251–300,Tampere University,Finland,46.9–50.0,26.4,34.7,81.8,52.6,49.3,
2020,251–300,Technical University of Darmstadt,Germany,46.9–50.0,42.4,44.2,50.4,89.5,57.2,
2020,251–300,Tohoku University,Japan,46.9–50.0,52.7,54.4,39.8,86.4,38.1,
2020,251–300,Tokyo Institute of Technology,Japan,46.9–50.0,51.2,51.8,37.4,69.3,40.5,
2020,251–300,Western Sydney University,Australia,46.9–50.0,23.5,29.1,82.8,40.4,83.7,
2020,301–350,Aix-Marseille University,France,44.5–46.8,41.3,25.3,67.1,36.8,60.5,
2020,301–350,Anglia Ruskin University (ARU),United Kingdom,44.5–46.8,17.9,14.4,99.9,35.1,83.7,
2020,301–350,Beijing Normal University,China,44.5–46.8,46.5,39.6,48.6,57.1,42.9,
2020,301–350,Boston College,United States,44.5–46.8,36.7,33.7,69.2,34.4,42.3,
2020,301–350,University of Canterbury,New Zealand,44.5–46.8,24.3,27.2,72.7,38.5,93.1,
2020,301–350,Colorado School of Mines,United States,44.5–46.8,30.1,25.1,79.6,46.6,42.1,
2020,301–350,Cyprus University of Technology,Cyprus,44.5–46.8,17.2,16.3,98.0,35.3,72.0,
2020,301–350,Deakin University,Australia,44.5–46.8,23.8,29.6,73.5,40.6,85.2,
2020,301–350,University of Fribourg,Switzerland,44.5–46.8,31.8,32.4,64.7,54.1,87.3,
2020,301–350,Goethe University Frankfurt,Germany,44.5–46.8,31.7,29.5,75.6,43.2,59.9,
2020,301–350,Grenoble Alpes University,France,44.5–46.8,34.0,30.4,69.7,36.0,59.9,
2020,301–350,Huazhong University of Science and Technology,China,44.5–46.8,41.0,39.1,59.8,90.4,25.8,
2020,301–350,Indian Institute of Science,India,44.5–46.8,58.6,55.3,32.4,57.1,20.2,
2020,301–350,Indian Institute of Technology Ropar,India,44.5–46.8,28.1,12.8,100.0,36.2,18.0,
2020,301–350,Constructor University,Germany,44.5–46.8,40.6,33.2,50.7,55.1,88.7,
2020,301–350,Johannes Gutenberg University of Mainz,Germany,44.5–46.8,35.2,22.6,77.4,68.9,56.7,
2020,301–350,University of Klagenfurt,Austria,44.5–46.8,25.3,16.5,86.5,37.2,87.3,
2020,301–350,Kyung Hee University,South Korea,44.5–46.8,33.8,40.5,56.4,84.9,62.6,
2020,301–350,University of Liège,Belgium,44.5–46.8,27.6,38.2,60.5,95.9,70.6,
2020,301–350,University of Macau,Macao,44.5–46.8,32.3,32.6,61.9,41.0,98.5,
2020,301–350,University of Malaya,Malaysia,44.5–46.8,41.6,30.5,56.6,48.1,81.6,
2020,301–350,University of Marburg,Germany,44.5–46.8,33.8,29.1,73.4,39.1,53.6,
2020,301–350,Maynooth University,Ireland,44.5–46.8,20.3,29.8,80.3,37.3,78.2,
2020,301–350,University of Milan,Italy,44.5–46.8,35.9,28.9,72.2,37.7,42.6,
2020,301–350,Montpellier University,France,44.5–46.8,36.3,27.1,67.1,37.3,61.6,
2020,301–350,Nagoya University,Japan,44.5–46.8,47.8,47.8,43.4,76.8,32.8,
2020,301–350,University of Newcastle,Australia,44.5–46.8,24.5,28.3,76.6,49.9,83.1,
2020,301–350,University of New Mexico (Main campus),United States,44.5–46.8,29.2,31.8,83.6,37.4,33.2,
2020,301–350,North Carolina State University,United States,44.5–46.8,36.7,35.3,64.7,43.2,57.8,
2020,301–350,Nova Southeastern University,United States,44.5–46.8,33.8,10.3,99.5,34.4,29.5,
2020,301–350,The University of Osaka,Japan,44.5–46.8,51.5,49.0,34.6,63.0,36.0,
2020,301–350,Politecnico di Milano,Italy,44.5–46.8,33.1,35.2,59.6,72.5,59.0,
2020,301–350,Reykjavík University,Iceland,44.5–46.8,14.4,18.2,100.0,36.5,64.1,
2020,301–350,Rush University,United States,44.5–46.8,37.2,12.9,92.1,41.3,19.7,
2020,301–350,Southern University of Science and Technology (SUSTech),China,44.5–46.8,23.9,23.5,85.3,70.5,59.7,
2020,301–350,Stony Brook University,United States,44.5–46.8,34.4,23.5,77.0,36.1,71.5,
2020,301–350,Università della Svizzera italiana,Switzerland,44.5–46.8,24.6,21.9,74.6,44.0,99.6,
2020,301–350,Swedish University of Agricultural Sciences,Sweden,44.5–46.8,31.1,29.5,73.5,94.8,47.6,
2020,301–350,University of Tartu,Estonia,44.5–46.8,26.8,27.1,82.4,37.5,55.4,
2020,301–350,University of Tasmania,Australia,44.5–46.8,26.0,33.7,63.0,50.1,88.2,
2020,301–350,Temple University,United States,44.5–46.8,39.3,23.5,79.3,34.4,37.7,
2020,301–350,The University of Tennessee-Knoxville,United States,44.5–46.8,32.9,23.4,80.3,43.9,45.7,
2020,301–350,University of Texas at Dallas,United States,44.5–46.8,23.7,29.3,82.1,39.9,60.2,
2020,301–350,University of Trento,Italy,44.5–46.8,27.7,31.7,77.8,41.5,57.7,
2020,301–350,Tulane University,United States,44.5–46.8,42.3,24.1,72.7,37.0,41.9,
2020,301–350,Umeå University,Sweden,44.5–46.8,23.5,28.5,79.1,36.2,63.4,
2020,301–350,United Arab Emirates University,United Arab Emirates,44.5–46.8,23.7,19.1,84.7,43.3,91.6,
2020,301–350,University College Cork,Ireland,44.5–46.8,24.9,23.1,77.5,44.5,81.3,
2020,301–350,Victoria University,Australia,44.5–46.8,24.0,26.0,75.3,42.8,77.9,
2020,351–400,University of Alaska Fairbanks,United States,42.4–44.4,27.5,25.0,72.5,43.8,53.9,
2020,351–400,American University of Beirut,Lebanon,42.4–44.4,28.7,14.9,77.1,36.7,78.2,
2020,351–400,Australian Catholic University,Australia,42.4–44.4,20.6,27.5,73.4,39.4,74.3,
2020,351–400,Babol Noshirvani University of Technology,Iran,42.4–44.4,15.3,21.2,99.8,42.2,17.1,
2020,351–400,University of Bayreuth,Germany,42.4–44.4,34.7,34.5,55.8,59.9,55.4,
2020,351–400,"Birkbeck, University of London",United Kingdom,42.4–44.4,27.6,31.5,62.8,34.5,87.4,
2020,351–400,University of Bremen,Germany,42.4–44.4,36.9,36.1,56.0,49.0,55.7,
2020,351–400,Brunel University of London,United Kingdom,42.4–44.4,26.9,26.9,63.2,36.8,95.3,
2020,351–400,"University of California, Merced",United States,42.4–44.4,17.1,21.6,95.3,38.0,42.4,
2020,351–400,Catholic University of Portugal,Portugal,42.4–44.4,18.3,15.0,94.6,35.9,47.4,
2020,351–400,Clark University,United States,42.4–44.4,24.0,22.7,79.3,34.4,57.5,
2020,351–400,University of Connecticut,United States,42.4–44.4,36.5,29.7,60.6,37.9,49.0,
2020,351–400,University of Crete,Greece,42.4–44.4,17.7,20.1,91.4,38.7,48.0,
2020,351–400,University of Denver,United States,42.4–44.4,40.5,22.3,75.4,35.8,27.8,
2020,351–400,University of Florence,Italy,42.4–44.4,37.9,25.1,65.8,42.3,46.2,
2020,351–400,"Goldsmiths, University of London",United Kingdom,42.4–44.4,33.8,28.6,60.4,35.1,79.4,
2020,351–400,Hanyang University,South Korea,42.4–44.4,39.1,40.0,40.1,92.3,62.3,
2020,351–400,Hasselt University,Belgium,42.4–44.4,28.3,38.1,56.6,49.7,68.1,
2020,351–400,Hofstra University,United States,42.4–44.4,38.4,13.2,79.3,34.4,29.8,
2020,351–400,University of Iceland,Iceland,42.4–44.4,19.5,30.0,75.0,62.7,63.6,
2020,351–400,IMT Atlantique,France,42.4–44.4,34.4,28.5,53.1,91.6,75.2,
2020,351–400,Indian Institute of Technology Indore,India,42.4–44.4,32.5,23.7,77.1,39.9,19.7,
2020,351–400,Iowa State University,United States,42.4–44.4,29.5,33.0,60.5,49.6,56.7,
2020,351–400,Jordan University of Science and Technology,Jordan,42.4–44.4,15.8,9.0,100.0,40.2,62.3,
2020,351–400,Justus Liebig University Giessen,Germany,42.4–44.4,37.7,34.1,53.8,41.6,53.9,
2020,351–400,University of Kent,United Kingdom,42.4–44.4,24.1,28.4,67.9,35.0,91.5,
2020,351–400,Khalifa University,United Arab Emirates,42.4–44.4,27.7,32.9,54.0,100.0,95.4,
2020,351–400,Loughborough University,United Kingdom,42.4–44.4,33.8,34.3,52.9,39.0,80.1,
2020,351–400,University of Manitoba,Canada,42.4–44.4,28.0,30.8,69.9,36.5,53.4,
2020,351–400,Nankai University,China,42.4–44.4,35.7,21.8,75.8,41.5,35.4,
2020,351–400,University of Naples Federico II,Italy,42.4–44.4,35.4,23.4,71.9,38.2,31.2,
2020,351–400,National Tsing Hua University,Taiwan,42.4–44.4,35.4,46.2,50.1,64.8,36.2,
2020,351–400,Northumbria University,United Kingdom,42.4–44.4,19.4,18.1,85.6,35.1,72.4,
2020,351–400,"University of Occupational and Environmental Health, Japan",Japan,42.4–44.4,26.9,9.6,99.8,40.2,18.1,
2020,351–400,Örebro University,Sweden,42.4–44.4,17.6,21.1,88.7,36.0,52.2,
2020,351–400,Oregon State University,United States,42.4–44.4,30.9,30.1,67.2,37.7,52.9,
2020,351–400,University of Perugia,Italy,42.4–44.4,18.6,22.8,87.5,45.2,44.6,
2020,351–400,University of Pisa,Italy,42.4–44.4,31.2,26.5,74.3,40.5,40.9,
2020,351–400,RMIT University,Australia,42.4–44.4,25.7,26.1,64.5,42.5,91.8,
2020,351–400,University of Salerno,Italy,42.4–44.4,20.2,19.5,94.0,37.3,33.9,
2020,351–400,University of Stirling,United Kingdom,42.4–44.4,23.6,25.3,75.5,35.2,82.1,
2020,351–400,SUNY University at Albany,United States,42.4–44.4,24.0,35.4,72.8,40.1,49.6,
2020,351–400,Swinburne University of Technology,Australia,42.4–44.4,24.5,28.9,66.5,41.0,79.3,
2020,351–400,Taipei Medical University,Taiwan,42.4–44.4,28.7,31.8,67.9,94.9,38.0,
2020,351–400,TU Dortmund University,Germany,42.4–44.4,37.6,41.4,54.2,45.8,42.2,
2020,351–400,University of Turku,Finland,42.4–44.4,27.1,30.8,73.5,37.3,52.6,
2020,351–400,TU Wien,Austria,42.4–44.4,38.4,36.8,45.5,63.7,84.0,
2020,351–400,Université de Versailles Saint-Quentin-en-Yvelines,France,42.4–44.4,17.3,21.1,89.9,35.4,64.2,
2020,351–400,Washington State University,United States,42.4–44.4,30.7,28.6,71.8,48.4,49.3,
2020,351–400,Wayne State University,United States,42.4–44.4,33.3,18.1,83.3,45.4,37.6,
2020,351–400,Wuhan University,China,42.4–44.4,44.0,34.0,52.5,84.7,40.4,
2020,401–500,Aberystwyth University,United Kingdom,38.8–42.3,24.8,22.9,66.3,39.7,78.1,
2020,401–500,The University of Alabama,United States,38.8–42.3,26.9,22.4,77.4,35.3,28.9,
2020,401–500,American University,United States,38.8–42.3,40.9,19.5,65.7,39.1,32.3,
2020,401–500,Aswan University,Egypt,38.8–42.3,11.9,8.7,100.0,34.4,44.6,
2020,401–500,Bangor University,United Kingdom,38.8–42.3,22.4,20.7,66.3,35.7,81.8,
2020,401–500,University of Bari Aldo Moro,Italy,38.8–42.3,16.7,17.1,87.3,36.2,32.2,
2020,401–500,Bond University,Australia,38.8–42.3,21.1,19.6,64.6,35.9,89.2,
2020,401–500,University of Bordeaux,France,38.8–42.3,30.0,22.7,66.8,36.4,58.4,
2020,401–500,Bournemouth University,United Kingdom,38.8–42.3,33.2,18.7,55.5,34.8,79.8,
2020,401–500,Universiti Brunei Darussalam,Brunei Darussalam,38.8–42.3,23.0,19.3,74.4,34.8,85.8,
2020,401–500,Cankaya University,Turkey,38.8–42.3,14.9,11.4,99.7,34.9,43.2,
2020,401–500,Centrale Nantes,France,38.8–42.3,30.4,29.6,48.6,83.2,84.1,
2020,401–500,Central South University,China,38.8–42.3,32.0,33.9,56.0,84.1,26.0,
2020,401–500,Charles University,Czechia,38.8–42.3,32.9,25.9,53.0,34.8,58.7,
2020,401–500,"City, University of London",United Kingdom,38.8–42.3,26.1,27.8,57.7,35.5,94.9,
2020,401–500,"Colorado State University, Fort Collins",United States,38.8–42.3,27.8,25.3,64.1,38.4,38.4,
2020,401–500,Université Côte d'Azur,France,38.8–42.3,30.0,18.3,68.5,40.4,83.2,
2020,401–500,Covenant University,Nigeria,38.8–42.3,27.2,14.7,78.4,43.8,26.2,
2020,401–500,University of Cyprus,Cyprus,38.8–42.3,24.0,24.6,62.3,47.7,81.0,
2020,401–500,Universidad del Desarrollo,Chile,38.8–42.3,13.5,8.8,99.1,36.8,48.1,
2020,401–500,Diego Portales University,Chile,38.8–42.3,14.7,10.5,95.3,34.4,50.4,
2020,401–500,Drexel University,United States,38.8–42.3,35.8,20.4,64.7,41.5,50.3,
2020,401–500,University of Eastern Finland,Finland,38.8–42.3,24.7,27.9,70.7,39.2,50.2,
2020,401–500,École des Mines de Saint-Étienne,France,38.8–42.3,35.5,11.7,64.3,47.8,68.5,
2020,401–500,Edith Cowan University,Australia,38.8–42.3,18.7,21.9,67.8,39.1,82.9,
2020,401–500,University of Toulouse,France,38.8–42.3,28.5,25.9,60.6,37.0,63.0,
2020,401–500,University of Ferrara,Italy,38.8–42.3,21.0,20.2,75.0,40.3,45.5,
2020,401–500,Free University of Bozen-Bolzano,Italy,38.8–42.3,20.6,13.1,77.9,35.4,76.4,
2020,401–500,Fujita Health University,Japan,38.8–42.3,24.5,9.7,91.1,36.8,18.6,
2020,401–500,University of Genoa,Italy,38.8–42.3,32.1,23.1,63.8,42.9,43.9,
2020,401–500,University of Georgia (USA),United States,38.8–42.3,34.9,35.8,55.8,37.2,46.0,
2020,401–500,Georgia State University,United States,38.8–42.3,33.9,27.2,62.9,35.4,41.9,
2020,401–500,Gwangju Institute of Science and Technology (GIST),South Korea,38.8–42.3,40.0,39.3,39.3,57.0,33.9,
2020,401–500,Harbin Institute of Technology,China,38.8–42.3,39.5,36.8,44.0,99.3,36.7,
2020,401–500,Hokkaido University,Japan,38.8–42.3,45.7,40.1,30.0,58.7,39.2,
2020,401–500,Hong Kong Baptist University,Hong Kong,38.8–42.3,27.9,22.0,58.1,38.4,97.6,
2020,401–500,University of Houston,United States,38.8–42.3,33.6,25.9,58.0,36.8,42.5,
2020,401–500,Hunan University,China,38.8–42.3,23.6,24.1,74.9,52.6,22.4,
2020,401–500,Indian Institute of Technology Bombay,India,38.8–42.3,44.7,39.6,34.9,80.3,21.0,
2020,401–500,Indian Institute of Technology Delhi,India,38.8–42.3,48.5,27.9,49.0,73.9,17.6,
2020,401–500,Indian Institute of Technology Kharagpur,India,38.8–42.3,41.3,38.9,39.0,91.9,18.8,
2020,401–500,University of Innsbruck,Austria,38.8–42.3,27.6,21.8,62.0,43.1,97.4,
2020,401–500,ITMO University,Russian Federation,38.8–42.3,30.6,28.0,49.8,84.6,62.1,
2020,401–500,University of Kansas,United States,38.8–42.3,36.9,22.6,68.3,43.5,35.4,
2020,401–500,University of Kentucky,United States,38.8–42.3,37.0,24.9,55.5,38.4,38.0,
2020,401–500,University of KwaZulu-Natal,South Africa,38.8–42.3,25.4,28.7,70.1,36.8,55.0,
2020,401–500,Kyushu University,Japan,38.8–42.3,44.2,39.2,34.3,75.3,38.8,
2020,401–500,Leibniz University Hannover,Germany,38.8–42.3,36.8,29.9,46.1,52.3,48.6,
2020,401–500,Linköping University,Sweden,38.8–42.3,22.7,23.6,75.4,48.1,59.3,
2020,401–500,Liverpool John Moores University,United Kingdom,38.8–42.3,17.7,17.5,78.2,34.9,71.8,
2020,401–500,Mansoura University,Egypt,38.8–42.3,19.1,9.2,88.1,39.6,44.3,
2020,401–500,Middlesex University,United Kingdom,38.8–42.3,19.4,17.3,74.2,34.6,88.3,
2020,401–500,University of Milan-Bicocca,Italy,38.8–42.3,23.7,20.2,80.7,39.1,44.3,
2020,401–500,University of Missouri-St Louis,United States,38.8–42.3,30.0,24.7,70.3,40.4,40.6,
2020,401–500,Mizzou - University of Missouri,United States,38.8–42.3,34.9,24.2,65.7,35.5,39.9,
2020,401–500,University of Modena and Reggio Emilia,Italy,38.8–42.3,32.1,19.7,69.3,43.5,39.2,
2020,401–500,Murdoch University,Australia,38.8–42.3,18.5,24.9,61.9,51.0,90.8,
2020,401–500,National Research Nuclear University MEPhI,Russian Federation,38.8–42.3,37.5,36.1,33.6,100.0,63.7,
2020,401–500,University of Nebraska-Lincoln,United States,38.8–42.3,30.1,28.0,63.2,38.6,56.7,
2020,401–500,New Mexico Institute of Mining and Technology,United States,38.8–42.3,22.3,14.6,70.6,78.1,62.9,
2020,401–500,Norwegian University of Science and Technology,Norway,38.8–42.3,26.2,28.3,64.3,38.5,62.2,
2020,401–500,Oklahoma State University,United States,38.8–42.3,24.1,21.5,71.1,36.9,44.3,
2020,401–500,University of Pavia,Italy,38.8–42.3,24.6,25.7,65.5,55.5,47.0,
2020,401–500,University of Peradeniya,Sri Lanka,38.8–42.3,16.5,7.6,100.0,35.4,43.3,
2020,401–500,University of the Philippines,Philippines,38.8–42.3,24.1,17.2,86.9,39.4,37.9,
2020,401–500,Polytechnic University of Bari,Italy,38.8–42.3,17.3,22.1,84.1,37.1,30.9,
2020,401–500,Pontificia Universidad Javeriana,Colombia,38.8–42.3,15.3,8.9,98.6,34.8,44.6,
2020,401–500,University of Porto,Portugal,38.8–42.3,27.4,27.9,62.1,38.7,53.9,
2020,401–500,University of Portsmouth,United Kingdom,38.8–42.3,17.8,16.2,71.0,34.9,87.7,
2020,401–500,Qatar University,Qatar,38.8–42.3,19.6,27.2,64.7,49.3,99.6,
2020,401–500,Quaid-i-Azam University,Pakistan,38.8–42.3,20.5,18.6,81.5,34.4,45.5,
2020,401–500,Rensselaer Polytechnic Institute,United States,38.8–42.3,30.0,28.7,58.9,67.0,52.1,
2020,401–500,Royal Veterinary College,United Kingdom,38.8–42.3,27.2,18.3,69.1,43.5,86.6,
2020,401–500,Sabancı University,Turkey,38.8–42.3,27.8,35.3,55.8,65.4,52.0,
2020,401–500,University of St Gallen,Switzerland,38.8–42.3,30.6,19.6,59.0,43.4,95.7,
2020,401–500,University of Saskatchewan,Canada,38.8–42.3,35.9,26.9,48.1,59.2,72.6,
2020,401–500,Sciences Po,France,38.8–42.3,29.8,27.0,56.8,38.2,76.0,
2020,401–500,Sejong University,South Korea,38.8–42.3,23.4,20.8,75.4,40.0,42.6,
2020,401–500,Semmelweis University,Hungary,38.8–42.3,26.2,12.3,74.0,36.2,75.0,
2020,401–500,University of Siena,Italy,38.8–42.3,37.9,21.6,67.6,37.5,43.1,
2020,401–500,SOAS University of London,United Kingdom,38.8–42.3,41.9,37.7,31.2,34.4,79.5,
2020,401–500,University of South Carolina-Columbia,United States,38.8–42.3,33.2,25.5,63.7,36.2,43.2,
2020,401–500,University of Strasbourg,France,38.8–42.3,28.7,21.1,62.3,37.7,71.9,
2020,401–500,University of Strathclyde,United Kingdom,38.8–42.3,28.3,31.6,51.9,43.6,86.2,
2020,401–500,Technion Israel Institute of Technology,Israel,38.8–42.3,32.4,31.5,56.8,36.5,63.7,
2020,401–500,Teikyo University,Japan,38.8–42.3,14.8,10.8,95.9,36.5,19.2,
2020,401–500,The University of Texas at San Antonio,United States,38.8–42.3,18.1,21.1,78.0,36.2,36.4,
2020,401–500,Tokyo Medical and Dental University (TMDU),Japan,38.8–42.3,45.2,24.2,58.1,63.1,27.1,
2020,401–500,Tongji University,China,38.8–42.3,35.5,43.6,34.6,98.2,56.0,
2020,401–500,University of Trieste,Italy,38.8–42.3,30.1,22.7,66.9,37.7,47.8,
2020,401–500,University of Tsukuba,Japan,38.8–42.3,43.3,37.2,34.4,44.6,44.3,
2020,401–500,The University of Tulsa,United States,38.8–42.3,33.5,16.2,68.9,50.5,39.6,
2020,401–500,University of Turin,Italy,38.8–42.3,22.6,27.3,75.3,45.4,44.3,
2020,401–500,UiT The Arctic University of Norway,Norway,38.8–42.3,21.5,18.0,80.0,36.0,64.5,
2020,401–500,University of Urbino Carlo Bo,Italy,38.8–42.3,17.1,14.6,88.4,37.4,49.8,
2020,401–500,University of Valencia,Spain,38.8–42.3,24.6,20.8,70.8,37.0,47.0,
2020,401–500,Verona University,Italy,38.8–42.3,31.5,20.3,63.7,42.4,41.2,
2020,401–500,University of Victoria,Canada,38.8–42.3,23.6,15.9,70.1,44.9,87.2,
2020,401–500,Yasouj University,Iran,38.8–42.3,15.1,15.5,91.8,35.7,15.6,
2020,401–500,York University,Canada,38.8–42.3,28.2,37.6,50.7,45.4,75.0,
2020,501–600,University of Alabama in Huntsville,United States,35.3–38.7,22.2,22.4,58.1,68.4,44.9,
2020,501–600,Amirkabir University of Technology,Iran,35.3–38.7,34.2,31.8,43.2,76.5,21.9,
2020,501–600,University of L’Aquila,Italy,35.3–38.7,30.8,18.7,65.4,41.4,32.3,
2020,501–600,Aston University,United Kingdom,35.3–38.7,21.0,24.2,55.1,37.1,92.4,
2020,501–600,Universidad Autónoma de Chile,Chile,35.3–38.7,12.3,8.9,81.6,34.4,50.7,
2020,501–600,Bar-Ilan University,Israel,35.3–38.7,29.9,36.5,44.2,46.6,52.9,
2020,501–600,Beihang University,China,35.3–38.7,30.4,34.2,38.1,98.2,28.7,
2020,501–600,Bilkent University,Turkey,35.3–38.7,24.5,24.7,53.1,55.1,62.8,
2020,501–600,Université Bourgogne Franche-Comté (UBFC),France,35.3–38.7,23.2,13.8,71.1,38.6,52.3,
2020,501–600,University of Brescia,Italy,35.3–38.7,15.4,17.0,71.2,38.1,43.1,
2020,501–600,University of Campinas,Brazil,35.3–38.7,44.6,38.0,34.8,44.8,30.6,
2020,501–600,Carleton University,Canada,35.3–38.7,20.2,27.2,57.1,36.1,69.0,
2020,501–600,University of Catania,Italy,35.3–38.7,33.1,17.7,67.6,36.9,29.8,
2020,501–600,Università Cattolica del Sacro Cuore,Italy,35.3–38.7,18.4,20.9,72.6,44.8,45.3,
2020,501–600,CentraleSupélec,France,35.3–38.7,29.4,21.1,48.9,60.9,81.8,
2020,501–600,Charles Darwin University,Australia,35.3–38.7,19.9,24.3,51.4,45.2,81.1,
2020,501–600,Institute of Chemical Technology,India,35.3–38.7,38.3,24.1,47.1,77.4,14.4,
2020,501–600,"China Medical University, Taiwan",Taiwan,35.3–38.7,25.8,32.4,45.9,87.7,31.4,
2020,501–600,Chung-Ang University,South Korea,35.3–38.7,37.9,37.0,25.2,64.6,49.7,
2020,501–600,Claude Bernard University Lyon 1,France,35.3–38.7,26.0,24.0,58.0,38.6,56.7,
2020,501–600,Complutense University of Madrid,Spain,35.3–38.7,35.4,28.9,47.2,36.1,44.0,
2020,501–600,East China Normal University,China,35.3–38.7,30.5,23.5,50.5,50.6,58.4,
2020,501–600,Florida International University,United States,35.3–38.7,30.4,22.6,62.3,38.0,39.7,
2020,501–600,University of Graz,Austria,35.3–38.7,22.9,18.3,56.1,35.8,76.0,
2020,501–600,Graz University of Technology,Austria,35.3–38.7,30.5,17.5,50.1,71.5,78.2,
2020,501–600,University of Greifswald,Germany,35.3–38.7,30.0,22.4,60.2,39.1,47.0,
2020,501–600,University of Guelph,Canada,35.3–38.7,26.2,29.4,47.4,48.6,57.7,
2020,501–600,Hacettepe University,Turkey,35.3–38.7,28.4,13.1,70.5,37.5,25.0,
2020,501–600,University of Haifa,Israel,35.3–38.7,26.7,31.9,52.8,36.3,35.9,
2020,501–600,Hamburg University of Technology,Germany,35.3–38.7,36.2,23.9,42.5,79.1,52.7,
2020,501–600,University of Hull,United Kingdom,35.3–38.7,22.3,23.0,56.1,36.3,76.5,
2020,501–600,University of Ibadan,Nigeria,35.3–38.7,23.4,12.1,77.6,41.4,37.1,
2020,501–600,University of Idaho,United States,35.3–38.7,33.3,21.1,53.4,36.2,45.9,
2020,501–600,Indian Institute of Technology Gandhinagar,India,35.3–38.7,21.1,11.5,76.0,45.1,28.0,
2020,501–600,Indian Institute of Technology Roorkee,India,35.3–38.7,38.9,28.2,46.6,72.5,16.5,
2020,501–600,University of Insubria,Italy,35.3–38.7,18.5,19.5,72.1,36.6,40.2,
2020,501–600,University of Jyväskylä,Finland,35.3–38.7,26.7,30.8,54.3,35.8,50.7,
2020,501–600,Kansai Medical University,Japan,35.3–38.7,32.3,8.7,70.0,35.6,17.7,
2020,501–600,University of Kashan,Iran,35.3–38.7,19.6,18.2,75.2,35.6,18.7,
2020,501–600,Keele University,United Kingdom,35.3–38.7,20.3,22.4,64.1,35.5,73.8,
2020,501–600,King Fahd University of Petroleum and Minerals,Saudi Arabia,35.3–38.7,27.2,15.9,51.7,64.4,78.7,
2020,501–600,King Saud University,Saudi Arabia,35.3–38.7,24.6,25.8,49.6,83.4,80.3,
2020,501–600,King Saud bin Abdulaziz University for Health Sciences,Saudi Arabia,35.3–38.7,29.9,7.7,67.1,35.8,68.5,
2020,501–600,Koç University,Turkey,35.3–38.7,26.9,34.4,49.2,60.2,49.7,
2020,501–600,LUT University,Finland,35.3–38.7,28.3,30.1,43.1,53.8,61.5,
2020,501–600,University of Limerick,Ireland,35.3–38.7,20.1,23.5,54.6,39.2,83.7,
2020,501–600,Lincoln University (New Zealand),New Zealand,35.3–38.7,24.4,19.9,47.9,51.5,94.2,
2020,501–600,University of Lisbon,Portugal,35.3–38.7,25.2,29.8,52.7,39.2,53.8,
2020,501–600,Louisiana State University,United States,35.3–38.7,34.5,26.3,55.3,35.4,35.5,
2020,501–600,Marche Polytechnic University,Italy,35.3–38.7,22.1,18.9,65.8,40.8,31.2,
2020,501–600,Mashhad University of Medical Sciences,Iran,35.3–38.7,28.1,12.3,73.0,34.5,19.9,
2020,501–600,Massey University,New Zealand,35.3–38.7,22.9,18.9,49.1,41.5,92.8,
2020,501–600,Memorial University of Newfoundland,Canada,35.3–38.7,20.5,19.9,57.7,61.0,74.1,
2020,501–600,Missouri University of Science and Technology,United States,35.3–38.7,24.2,24.6,59.2,52.9,66.0,
2020,501–600,National and Kapodistrian University of Athens,Greece,35.3–38.7,21.8,15.0,72.9,55.4,52.0,
2020,501–600,National Chiao Tung University,Taiwan,35.3–38.7,35.8,43.3,25.6,87.0,35.9,
2020,501–600,National Taiwan University of Science and Technology (Taiwan Tech),Taiwan,35.3–38.7,29.7,41.8,39.5,62.2,40.0,
2020,501–600,National Yang-Ming University,Taiwan,35.3–38.7,38.7,18.8,60.0,38.1,21.5,
2020,501–600,University of Nebraska Medical Center,United States,35.3–38.7,35.8,12.1,57.5,38.1,43.5,
2020,501–600,University of Neuchâtel,Switzerland,35.3–38.7,23.7,29.3,48.3,37.2,90.4,
2020,501–600,New Jersey Institute of Technology,United States,35.3–38.7,21.3,19.2,58.2,36.7,76.8,
2020,501–600,Northern Arizona University,United States,35.3–38.7,20.2,14.7,82.3,35.1,31.5,
2020,501–600,North-West University,South Africa,35.3–38.7,20.1,17.1,69.9,41.1,43.3,
2020,501–600,Norwegian University of Life Sciences,Norway,35.3–38.7,26.5,10.5,66.2,39.9,78.4,
2020,501–600,Novosibirsk State University,Russian Federation,35.3–38.7,42.8,31.9,30.3,35.7,43.8,
2020,501–600,The Open University,United Kingdom,35.3–38.7,18.2,16.1,66.5,34.8,57.0,
2020,501–600,Open University of Catalonia,Spain,35.3–38.7,16.5,14.2,74.2,35.8,40.2,
2020,501–600,Universidad Peruana Cayetano Heredia,Peru,35.3–38.7,17.0,11.3,83.1,34.7,46.4,
2020,501–600,Peter the Great St Petersburg Polytechnic University,Russian Federation,35.3–38.7,26.2,15.9,61.8,71.2,52.6,
2020,501–600,University of Plymouth,United Kingdom,35.3–38.7,20.3,19.3,67.5,35.0,70.3,
2020,501–600,Polytechnic University of Turin,Italy,35.3–38.7,26.2,25.4,55.3,50.8,46.5,
2020,501–600,Pontificia Universidad Católica de Chile,Chile,35.3–38.7,24.2,28.3,48.6,64.5,57.1,
2020,501–600,Renmin University of China,China,35.3–38.7,42.5,21.2,47.4,43.9,42.5,
2020,501–600,University of Rhode Island,United States,35.3–38.7,23.9,17.7,66.0,34.4,35.4,
2020,501–600,University of Rome II – Tor Vergata,Italy,35.3–38.7,23.2,17.8,67.1,37.2,51.3,
2020,501–600,University of Rome III,Italy,35.3–38.7,23.4,22.7,61.2,40.4,41.4,
2020,501–600,Rovira i Virgili University,Spain,35.3–38.7,23.7,21.0,67.6,36.6,51.1,
2020,501–600,San Diego State University,United States,35.3–38.7,23.7,24.4,62.0,35.1,33.9,
2020,501–600,Sharif University of Technology,Iran,35.3–38.7,28.9,36.7,41.0,99.8,23.7,
2020,501–600,Shenzhen University,China,35.3–38.7,22.3,22.8,70.4,51.4,34.9,
2020,501–600,University of Siegen,Germany,35.3–38.7,21.3,25.3,57.1,40.2,54.4,
2020,501–600,"Soochow University, China",China,35.3–38.7,23.4,20.8,68.2,37.5,28.3,
2020,501–600,South China University of Technology,China,35.3–38.7,24.0,29.1,61.2,85.4,30.8,
2020,501–600,Southeast University,China,35.3–38.7,29.6,33.4,42.7,97.3,26.9,
2020,501–600,Suez Canal University,Egypt,35.3–38.7,19.9,8.7,82.6,37.9,46.0,
2020,501–600,SUNY Binghamton University,United States,35.3–38.7,22.8,21.9,62.0,36.8,42.7,
2020,501–600,Tehran University of Medical Sciences,Iran,35.3–38.7,44.5,16.0,48.0,59.3,22.8,
2020,501–600,Tianjin University,China,35.3–38.7,32.7,35.7,38.8,97.9,26.5,
2020,501–600,Tomsk State University,Russian Federation,35.3–38.7,41.0,33.7,23.4,53.0,71.6,
2020,501–600,Universiti Tunku Abdul Rahman (UTAR),Malaysia,35.3–38.7,14.8,12.2,81.4,38.0,30.3,
2020,501–600,University of Udine,Italy,35.3–38.7,26.2,16.1,68.7,38.0,41.5,
2020,501–600,Victoria University of Wellington,New Zealand,35.3–38.7,23.0,31.8,45.5,57.2,88.7,
2020,501–600,University of Waikato,New Zealand,35.3–38.7,20.8,26.3,48.8,43.4,86.2,
2020,501–600,The University of the West Indies,Jamaica,35.3–38.7,17.8,11.1,73.4,38.9,57.2,
2020,501–600,University of the West of Scotland,United Kingdom,35.3–38.7,13.9,13.9,76.8,35.0,74.6,
2020,501–600,University of Wisconsin-Milwaukee,United States,35.3–38.7,21.7,22.7,66.9,36.2,33.2,
2020,501–600,University of Wuppertal,Germany,35.3–38.7,25.0,17.9,60.2,44.5,51.2,
2020,501–600,Xiamen University,China,35.3–38.7,27.3,22.9,57.1,53.3,31.5,
2020,501–600,Xi’an Jiaotong University,China,35.3–38.7,35.1,30.7,41.3,61.4,39.1,
2020,501–600,Yokohama City University,Japan,35.3–38.7,25.9,8.5,86.2,40.3,20.3,
2020,601–800,Åbo Akademi University,Finland,28.3–35.2,22.6,29.2,33.1,38.5,66.9,
2020,601–800,The University of Aizu,Japan,28.3–35.2,20.8,12.5,41.7,36.0,68.3,
2020,601–800,University of Alcalá,Spain,28.3–35.2,18.5,15.7,43.2,42.5,59.0,
2020,601–800,Amedeo Avogadro University of Eastern Piedmont,Italy,28.3–35.2,14.7,18.9,66.2,35.1,41.8,
2020,601–800,Amrita Vishwa Vidyapeetham,India,28.3–35.2,26.1,17.0,47.7,82.5,46.2,
2020,601–800,"University of the Andes, Colombia",Colombia,28.3–35.2,21.1,15.9,45.0,37.4,55.7,
2020,601–800,Aristotle University of Thessaloniki,Greece,28.3–35.2,19.2,16.8,64.3,41.3,41.2,
2020,601–800,University of Arkansas,United States,28.3–35.2,26.9,23.0,37.0,39.4,30.9,
2020,601–800,Auburn University,United States,28.3–35.2,32.7,21.1,43.3,40.2,43.8,
2020,601–800,University of Aveiro,Portugal,28.3–35.2,24.7,25.5,40.7,41.4,52.5,
2020,601–800,University of the Balearic Islands,Spain,28.3–35.2,20.3,13.6,59.1,34.7,46.7,
2020,601–800,Banaras Hindu University,India,28.3–35.2,30.8,16.4,46.7,34.6,17.7,
2020,601–800,University of the Basque Country,Spain,28.3–35.2,22.0,17.1,47.3,37.1,41.5,
2020,601–800,Baylor University,United States,28.3–35.2,32.1,18.2,53.9,35.3,33.2,
2020,601–800,Beijing Institute of Technology,China,28.3–35.2,30.6,32.1,32.7,98.1,24.3,
2020,601–800,University of Beira Interior,Portugal,28.3–35.2,17.9,16.5,48.7,34.7,52.7,
2020,601–800,Beni-Suef University,Egypt,28.3–35.2,14.7,7.4,60.8,34.4,45.9,
2020,601–800,University of Bergamo,Italy,28.3–35.2,19.5,21.0,59.3,40.9,36.6,
2020,601–800,Boğaziçi University,Turkey,28.3–35.2,23.2,21.2,49.4,50.8,41.8,
2020,601–800,University of Brighton,United Kingdom,28.3–35.2,17.1,14.2,43.4,35.1,75.6,
2020,601–800,Ca’ Foscari University of Venice,Italy,28.3–35.2,25.1,25.7,36.5,37.1,53.9,
2020,601–800,Cairo University,Egypt,28.3–35.2,21.8,13.7,51.5,35.4,35.3,
2020,601–800,University of Calabria,Italy,28.3–35.2,17.6,17.5,59.8,87.9,38.3,
2020,601–800,University of Central Florida,United States,28.3–35.2,26.5,28.7,49.7,42.6,32.9,
2020,601–800,Central Queensland University,Australia,28.3–35.2,16.9,12.9,50.2,36.4,60.4,
2020,601–800,Chemnitz University of Technology,Germany,28.3–35.2,33.0,26.5,26.8,67.8,53.6,
2020,601–800,China Agricultural University,China,28.3–35.2,34.9,26.2,40.7,52.2,22.0,
2020,601–800,"China University of Petroleum, Beijing",China,28.3–35.2,24.0,26.1,39.2,88.0,21.7,
2020,601–800,Clemson University,United States,28.3–35.2,25.0,21.2,43.0,40.1,39.2,
2020,601–800,University of Clermont Auvergne,France,28.3–35.2,19.2,10.0,57.0,38.0,61.8,
2020,601–800,University of Coimbra,Portugal,28.3–35.2,23.7,28.1,47.4,41.0,58.7,
2020,601–800,COMSATS University Islamabad,Pakistan,28.3–35.2,16.9,9.9,65.5,34.5,45.7,
2020,601–800,Concordia University,Canada,28.3–35.2,20.9,25.9,46.0,36.9,82.5,
2020,601–800,University of Costa Rica,Costa Rica,28.3–35.2,16.2,7.9,77.1,34.4,48.2,
2020,601–800,Coventry University,United Kingdom,28.3–35.2,17.4,12.7,44.1,34.7,89.3,
2020,601–800,Creighton University,United States,28.3–35.2,42.0,11.6,41.5,35.7,29.8,
2020,601–800,Dalian University of Technology,China,28.3–35.2,24.6,23.7,40.2,77.1,28.5,
2020,601–800,University of Delhi,India,28.3–35.2,37.6,17.8,42.8,34.5,17.3,
2020,601–800,De Montfort University,United Kingdom,28.3–35.2,16.9,13.8,50.4,34.6,75.6,
2020,601–800,Dublin City University,Ireland,28.3–35.2,21.0,25.2,49.7,42.8,71.8,
2020,601–800,East China University of Science and Technology,China,28.3–35.2,22.0,19.1,44.0,56.1,17.9,
2020,601–800,École Centrale de Lyon,France,28.3–35.2,31.1,20.2,23.6,59.7,67.2,
2020,601–800,École normale supérieure Paris-Saclay,France,28.3–35.2,36.5,29.6,27.7,51.1,55.3,
2020,601–800,University of Electronic Science and Technology of China,China,28.3–35.2,23.5,22.2,55.1,71.8,28.8,
2020,601–800,Eötvös Loránd University,Hungary,28.3–35.2,21.4,17.7,48.2,35.1,52.6,
2020,601–800,Ewha Womans University,South Korea,28.3–35.2,29.9,30.8,31.4,69.9,46.7,
2020,601–800,Federal University of Minas Gerais,Brazil,28.3–35.2,30.2,17.9,52.0,38.8,29.6,
2020,601–800,Universidade Federal do Rio Grande do Sul,Brazil,28.3–35.2,29.6,18.3,49.3,46.5,26.3,
2020,601–800,Universidade Federal de Santa Catarina,Brazil,28.3–35.2,28.4,13.1,52.6,38.7,29.4,
2020,601–800,Universidade Federal de São Paulo (UNIFESP),Brazil,28.3–35.2,32.6,17.8,43.3,35.7,28.6,
2020,601–800,Ferhat Abbas Sétif University 1,Algeria,28.3–35.2,17.7,7.7,73.0,34.4,41.8,
2020,601–800,University of Girona,Spain,28.3–35.2,18.9,18.2,57.6,37.4,53.9,
2020,601–800,Glasgow Caledonian University,United Kingdom,28.3–35.2,15.7,12.2,56.2,35.2,61.1,
2020,601–800,University of Granada,Spain,28.3–35.2,19.4,20.9,52.0,35.6,48.1,
2020,601–800,University of Greenwich,United Kingdom,28.3–35.2,17.1,15.2,39.5,35.4,89.4,
2020,601–800,University of Hertfordshire,United Kingdom,28.3–35.2,17.5,13.0,42.7,35.3,80.1,
2020,601–800,Hiroshima University,Japan,28.3–35.2,28.9,22.4,31.5,49.9,33.7,
2020,601–800,Huazhong Agricultural University,China,28.3–35.2,21.8,15.1,49.7,43.1,22.5,
2020,601–800,University of Huddersfield,United Kingdom,28.3–35.2,22.8,20.0,44.8,36.6,72.0,
2020,601–800,Reichman University,Israel,28.3–35.2,14.1,10.1,62.6,34.4,63.2,
2020,601–800,Imam Khomeini International University,Iran,28.3–35.2,12.3,8.5,78.0,34.7,20.7,
2020,601–800,"Indian Institute of Science Education and Research, Pune",India,28.3–35.2,31.7,19.5,54.1,35.1,21.5,
2020,601–800,Indian Institute of Technology Bhubaneswar,India,28.3–35.2,27.0,11.3,52.9,35.8,17.1,
2020,601–800,Indian Institute of Technology Guwahati,India,28.3–35.2,33.7,22.0,37.2,41.0,15.3,
2020,601–800,Indian Institute of Technology Hyderabad,India,28.3–35.2,25.3,18.0,52.4,39.4,17.7,
2020,601–800,Indian Institute of Technology Kanpur,India,28.3–35.2,37.8,24.5,35.2,94.3,18.8,
2020,601–800,Indian Institute of Technology Madras,India,28.3–35.2,44.9,30.6,25.4,80.0,19.3,
2020,601–800,University of Indonesia,Indonesia,28.3–35.2,38.7,19.2,16.7,81.6,53.7,
2020,601–800,University of International Business and Economics,China,28.3–35.2,25.3,16.1,35.2,35.7,61.5,
2020,601–800,University of Ioannina,Greece,28.3–35.2,16.5,14.7,60.2,37.3,43.4,
2020,601–800,Iran University of Medical Sciences,Iran,28.3–35.2,37.7,10.0,52.6,43.4,20.7,
2020,601–800,Iran University of Science and Technology,Iran,28.3–35.2,27.8,33.0,42.6,96.3,16.8,
2020,601–800,ISCTE-University Institute of Lisbon,Portugal,28.3–35.2,23.0,26.4,29.3,39.8,49.3,
2020,601–800,Isfahan University of Technology,Iran,28.3–35.2,25.4,23.4,41.7,85.5,22.6,
2020,601–800,Istanbul Technical University,Turkey,28.3–35.2,25.2,28.0,30.2,100.0,26.8,
2020,601–800,Jagiellonian University,Poland,28.3–35.2,25.5,17.0,61.4,35.3,37.7,
2020,601–800,Jamia Millia Islamia,India,28.3–35.2,29.4,8.7,47.6,35.2,24.9,
2020,601–800,Jaume I University,Spain,28.3–35.2,22.5,16.3,49.6,37.5,43.5,
2020,601–800,Jawaharlal Nehru University,India,28.3–35.2,43.9,17.3,26.6,43.0,19.3,
2020,601–800,Jiangsu Normal University,China,28.3–35.2,15.1,11.0,60.7,39.7,23.2,
2020,601–800,The Jikei University School of Medicine,Japan,28.3–35.2,28.4,8.6,51.4,38.3,15.9,
2020,601–800,University of Johannesburg,South Africa,28.3–35.2,19.7,25.8,42.5,40.4,69.2,
2020,601–800,Johannes Kepler University of Linz,Austria,28.3–35.2,28.1,19.7,46.8,54.1,64.4,
2020,601–800,Kafrelsheikh University,Egypt,28.3–35.2,13.0,7.9,67.4,38.0,47.1,
2020,601–800,RPTU University Kaiserslautern-Landau,Germany,28.3–35.2,33.6,24.1,41.3,64.5,52.3,
2020,601–800,Kansas State University,United States,28.3–35.2,25.0,20.4,45.8,41.9,47.2,
2020,601–800,Kazan Federal University,Russian Federation,28.3–35.2,28.7,16.9,47.8,40.0,42.6,
2020,601–800,Universiti Kebangsaan Malaysia,Malaysia,28.3–35.2,34.2,19.6,32.3,37.1,52.9,
2020,601–800,Keio University,Japan,28.3–35.2,32.1,25.7,36.8,42.7,31.5,
2020,601–800,Kent State University,United States,28.3–35.2,23.6,19.0,55.6,34.8,42.6,
2020,601–800,Kindai University,Japan,28.3–35.2,20.1,11.4,58.4,38.8,23.0,
2020,601–800,King Khalid University,Saudi Arabia,28.3–35.2,21.6,7.1,53.6,34.5,82.7,
2020,601–800,Kobe University,Japan,28.3–35.2,32.4,22.8,31.1,44.3,28.7,
2020,601–800,Konkuk University,South Korea,28.3–35.2,33.0,37.9,27.5,44.3,47.7,
2020,601–800,Kurume University,Japan,28.3–35.2,21.5,10.1,54.5,36.5,21.0,
2020,601–800,Lakehead University,Canada,28.3–35.2,17.6,19.5,46.9,37.3,49.4,
2020,601–800,University of La Laguna,Spain,28.3–35.2,19.3,11.5,67.8,35.2,46.9,
2020,601–800,Lehigh University,United States,28.3–35.2,27.4,20.8,51.0,40.3,45.1,
2020,601–800,Montanuniversität Leoben,Austria,28.3–35.2,28.1,11.2,35.6,56.2,70.2,
2020,601–800,University of Lille,France,28.3–35.2,20.3,17.3,53.0,39.0,60.7,
2020,601–800,University of Lincoln,United Kingdom,28.3–35.2,16.5,14.1,64.3,35.3,71.2,
2020,601–800,University of Ljubljana,Slovenia,28.3–35.2,21.1,18.7,44.8,39.7,42.3,
2020,601–800,University of Lleida,Spain,28.3–35.2,23.6,15.2,48.8,37.8,41.6,
2020,601–800,University of Lorraine,France,28.3–35.2,21.8,13.5,61.3,37.3,61.6,
2020,601–800,"Lumière University, Lyon 2",France,28.3–35.2,28.8,18.1,29.0,34.7,62.4,
2020,601–800,Mae Fah Luang University,Thailand,28.3–35.2,14.4,9.0,74.4,34.5,50.6,
2020,601–800,Mahidol University,Thailand,28.3–35.2,31.6,21.0,45.2,73.4,46.1,
2020,601–800,Makerere University,Uganda,28.3–35.2,16.7,12.7,69.6,40.9,58.7,
2020,601–800,Universiti Malaysia Perlis,Malaysia,28.3–35.2,16.5,12.0,62.4,35.7,28.0,
2020,601–800,University of Malta,Malta,28.3–35.2,16.9,13.7,48.1,34.7,57.9,
2020,601–800,Manchester Metropolitan University,United Kingdom,28.3–35.2,20.1,14.2,55.4,34.8,65.3,
2020,601–800,"University of Maryland, Baltimore County",United States,28.3–35.2,22.9,17.4,57.8,35.7,34.3,
2020,601–800,Masaryk University,Czechia,28.3–35.2,22.6,25.4,36.3,35.6,61.5,
2020,601–800,Metropolitan Autonomous University,Mexico,28.3–35.2,16.6,16.3,68.6,36.4,25.1,
2020,601–800,Middle East Technical University,Turkey,28.3–35.2,28.7,23.2,30.7,62.1,30.4,
2020,601–800,Miguel Hernández University of Elche,Spain,28.3–35.2,30.3,12.7,45.4,38.0,34.2,
2020,601–800,University of Minho,Portugal,28.3–35.2,22.5,19.4,34.6,62.6,50.3,
2020,601–800,Montana State University,United States,28.3–35.2,18.6,19.4,67.0,48.4,28.4,
2020,601–800,Tecnológico de Monterrey,Mexico,28.3–35.2,20.5,18.2,41.8,74.7,57.3,
2020,601–800,Nanjing University of Information Science and Technology,China,28.3–35.2,16.7,14.9,69.9,38.9,29.5,
2020,601–800,Nanjing Medical University,China,28.3–35.2,38.2,25.9,36.0,35.8,20.8,
2020,601–800,Nanjing Normal University,China,28.3–35.2,20.2,12.1,54.4,47.5,22.9,
2020,601–800,Nantes Université,France,28.3–35.2,19.8,21.0,57.4,39.5,50.4,
2020,601–800,National Autonomous University of Mexico,Mexico,28.3–35.2,31.9,30.4,18.9,61.7,44.2,
2020,601–800,National Cheng Kung University (NCKU),Taiwan,28.3–35.2,32.8,41.1,22.9,99.8,36.3,
2020,601–800,National Institute of Applied Sciences of Lyon (INSA Lyon),France,28.3–35.2,29.8,25.5,33.7,91.3,71.7,
2020,601–800,National University of Science and Technology (MISiS),Russian Federation,28.3–35.2,24.3,23.7,29.1,84.2,68.9,
2020,601–800,National Taiwan Normal University,Taiwan,28.3–35.2,32.0,37.3,22.8,78.4,51.4,
2020,601–800,National Technical University of Athens,Greece,28.3–35.2,23.0,12.8,45.0,71.5,38.6,
2020,601–800,"University of Nevada, Las Vegas",United States,28.3–35.2,28.7,22.6,41.3,35.1,32.2,
2020,601–800,New Mexico State University (Main campus),United States,28.3–35.2,21.5,14.7,53.9,38.8,37.7,
2020,601–800,Nippon Medical School,Japan,28.3–35.2,25.7,8.8,55.1,34.8,16.9,
2020,601–800,University of North Carolina at Greensboro,United States,28.3–35.2,20.9,19.3,50.0,35.4,21.3,
2020,601–800,Northwestern Polytechnical University,China,28.3–35.2,26.2,33.6,40.2,83.3,24.7,
2020,601–800,Nottingham Trent University,United Kingdom,28.3–35.2,17.7,12.9,59.5,34.9,69.0,
2020,601–800,NOVA University of Lisbon,Portugal,28.3–35.2,24.9,25.7,46.6,46.7,60.2,
2020,601–800,Ohio University (Main campus),United States,28.3–35.2,28.5,17.4,43.5,35.4,30.6,
2020,601–800,Old Dominion University,United States,28.3–35.2,22.7,19.2,51.9,34.4,30.4,
2020,601–800,University of Oviedo,Spain,28.3–35.2,16.8,15.2,54.8,38.5,34.4,
2020,601–800,Oxford Brookes University,United Kingdom,28.3–35.2,28.5,24.0,37.4,34.6,78.4,
2020,601–800,Palacký University Olomouc,Czechia,28.3–35.2,20.9,18.3,46.9,35.4,57.3,
2020,601–800,University of Palermo,Italy,28.3–35.2,21.1,17.9,63.0,35.0,27.3,
2020,601–800,Panjab University,India,28.3–35.2,27.0,14.4,56.6,34.9,16.5,
2020,601–800,Panthéon-Sorbonne University – Paris 1,France,28.3–35.2,45.4,32.9,11.2,34.8,57.3,
2020,601–800,University of Parma,Italy,28.3–35.2,18.1,18.9,65.7,39.4,38.1,
2020,601–800,Universitat Politècnica de Catalunya,Spain,28.3–35.2,23.7,17.2,56.9,41.2,59.1,
2020,601–800,Pontifical Catholic University of Rio de Janeiro (PUC-Rio),Brazil,28.3–35.2,27.4,25.6,27.9,99.5,41.5,
2020,601–800,Portland State University,United States,28.3–35.2,21.1,18.4,44.6,35.7,30.4,
2020,601–800,University of Pretoria,South Africa,28.3–35.2,25.1,30.1,33.0,41.8,52.0,
2020,601–800,Pusan National University,South Korea,28.3–35.2,27.0,30.0,24.9,63.4,35.7,
2020,601–800,Universiti Putra Malaysia,Malaysia,28.3–35.2,32.0,31.4,19.1,41.3,69.5,
2020,601–800,Université du Québec,Canada,28.3–35.2,24.9,23.6,39.1,42.1,67.2,
2020,601–800,University of Regina,Canada,28.3–35.2,16.8,15.6,45.1,35.8,63.0,
2020,601–800,University of Rennes 1,France,28.3–35.2,21.0,15.5,50.9,36.9,55.9,
2020,601–800,Roskilde University,Denmark,28.3–35.2,21.4,32.7,37.8,38.2,52.1,
2020,601–800,Toronto Metropolitan University,Canada,28.3–35.2,19.4,26.0,38.6,36.2,52.4,
2020,601–800,Universiti Sains Malaysia,Malaysia,28.3–35.2,35.6,22.7,26.7,45.7,52.8,
2020,601–800,Saint Petersburg State University,Russian Federation,28.3–35.2,46.1,31.0,19.7,36.4,39.3,
2020,601–800,University of Salamanca,Spain,28.3–35.2,26.4,17.5,37.9,37.0,51.4,
2020,601–800,University of Salento,Italy,28.3–35.2,27.5,21.0,56.3,36.8,26.9,
2020,601–800,University of Santiago de Compostela,Spain,28.3–35.2,21.8,16.6,46.9,40.3,44.7,
2020,601–800,University of Sassari,Italy,28.3–35.2,22.2,17.2,47.8,36.4,36.6,
2020,601–800,Savitribai Phule Pune University,India,28.3–35.2,38.9,18.5,46.6,36.1,17.5,
2020,601–800,Shahid Beheshti University of Medical Sciences,Iran,28.3–35.2,42.9,14.6,37.3,64.0,17.2,
2020,601–800,Shandong University,China,28.3–35.2,32.3,29.1,35.4,72.3,30.6,
2020,601–800,University of Sharjah,United Arab Emirates,28.3–35.2,19.5,11.8,38.8,38.3,99.1,
2020,601–800,Université de Sherbrooke,Canada,28.3–35.2,29.6,14.5,51.0,38.1,58.5,
2020,601–800,Shiraz University of Technology,Iran,28.3–35.2,23.7,20.3,46.6,47.9,16.7,
2020,601–800,Sichuan University,China,28.3–35.2,30.6,24.8,38.3,63.8,25.3,
2020,601–800,Sidi Mohamed Ben Abdellah University,Morocco,28.3–35.2,25.2,7.6,53.2,34.4,23.6,
2020,601–800,University of South Dakota,United States,28.3–35.2,31.2,15.6,46.8,39.0,25.3,
2020,601–800,Southern Cross University,Australia,28.3–35.2,18.5,21.5,49.7,39.8,66.6,
2020,601–800,University of Southern Queensland,Australia,28.3–35.2,19.3,19.8,54.9,37.4,72.6,
2020,601–800,University of Split,Croatia,28.3–35.2,15.7,12.3,56.8,40.1,41.3,
2020,601–800,Stevens Institute of Technology,United States,28.3–35.2,22.5,15.8,58.4,35.6,68.7,
2020,601–800,University of the Sunshine Coast,Australia,28.3–35.2,17.3,23.5,46.0,40.3,68.6,
2020,601–800,University of Tabriz,Iran,28.3–35.2,27.9,19.9,42.2,42.9,19.5,
2020,601–800,Tabriz University of Medical Sciences,Iran,28.3–35.2,45.0,12.0,36.7,34.5,15.9,
2020,601–800,University of Technology of Compiègne,France,28.3–35.2,23.2,10.1,37.2,42.6,82.4,
2020,601–800,University of Tehran,Iran,28.3–35.2,36.7,23.5,38.7,34.4,23.3,
2020,601–800,Universiti Teknologi Malaysia,Malaysia,28.3–35.2,36.4,25.2,29.2,35.6,56.4,
2020,601–800,Universiti Teknologi Petronas,Malaysia,28.3–35.2,27.1,30.1,26.8,78.2,66.0,
2020,601–800,University of Texas at Arlington,United States,28.3–35.2,21.0,18.3,50.0,39.7,46.0,
2020,601–800,Texas Tech University,United States,28.3–35.2,30.8,20.9,46.5,36.2,48.4,
2020,601–800,Thapar Institute of Engineering and Technology,India,28.3–35.2,19.1,9.7,66.5,36.0,20.9,
2020,601–800,University of Thessaly,Greece,28.3–35.2,15.7,20.2,48.7,42.8,39.1,
2020,601–800,Tokyo Metropolitan University,Japan,28.3–35.2,24.9,17.2,54.6,38.4,26.2,
2020,601–800,University of Toledo,United States,28.3–35.2,33.7,13.9,48.7,42.8,46.2,
2020,601–800,Tomsk Polytechnic University,Russian Federation,28.3–35.2,26.3,20.6,35.7,60.7,54.4,
2020,601–800,University of Tours,France,28.3–35.2,30.2,12.5,48.5,35.7,48.8,
2020,601–800,TU Braunschweig,Germany,28.3–35.2,25.2,16.0,48.9,42.6,53.7,
2020,601–800,University of Ulsan,South Korea,28.3–35.2,20.6,23.4,61.8,58.2,21.7,
2020,601–800,Ulster University,United Kingdom,28.3–35.2,21.0,18.0,40.9,35.6,75.7,
2020,601–800,University of Warsaw,Poland,28.3–35.2,25.8,21.5,41.4,35.1,45.6,
2020,601–800,Waseda University,Japan,28.3–35.2,31.3,22.8,28.2,38.1,38.0,
2020,601–800,UWE Bristol (University of the West of England),United Kingdom,28.3–35.2,17.1,15.2,48.4,34.9,64.3,
2020,601–800,University of the Western Cape,South Africa,28.3–35.2,18.3,20.0,60.3,34.4,62.1,
2020,601–800,Western Washington University,United States,28.3–35.2,16.2,10.6,62.2,34.5,22.9,
2020,601–800,University of Westminster,United Kingdom,28.3–35.2,18.2,16.2,36.7,34.8,86.7,
2020,601–800,West Virginia University,United States,28.3–35.2,27.8,17.1,59.3,34.4,40.8,
2020,601–800,University of Windsor,Canada,28.3–35.2,33.7,26.6,33.5,36.8,79.9,
2020,601–800,Worcester Polytechnic Institute,United States,28.3–35.2,20.1,17.7,59.1,36.5,56.2,
2020,801–1000,Acharya Nagarjuna University,India,22.2–28.2,39.9,9.2,15.7,41.8,23.5,
2020,801–1000,University of A Coruña,Spain,22.2–28.2,20.3,13.7,32.5,36.3,31.6,
2020,801–1000,"Adam Mickiewicz University, Poznań",Poland,22.2–28.2,18.1,13.4,32.7,35.4,32.7,
2020,801–1000,University of the Aegean,Greece,22.2–28.2,18.1,17.8,44.3,37.0,37.5,
2020,801–1000,"University of Agriculture, Faisalabad",Pakistan,22.2–28.2,17.5,16.5,28.6,41.9,36.6,
2020,801–1000,Aichi Medical University,Japan,22.2–28.2,26.0,10.8,32.4,34.4,17.4,
2020,801–1000,Ain Shams University,Egypt,22.2–28.2,21.0,10.1,31.5,35.6,36.0,
2020,801–1000,Ajou University,South Korea,22.2–28.2,23.9,23.4,29.8,60.9,30.1,
2020,801–1000,Al-Balqa Applied University,Jordan,22.2–28.2,11.9,8.9,52.8,40.5,46.4,
2020,801–1000,University of Algarve,Portugal,22.2–28.2,17.3,13.5,40.2,35.3,63.1,
2020,801–1000,University of Alicante,Spain,22.2–28.2,20.0,14.8,28.7,37.1,41.0,
2020,801–1000,Aligarh Muslim University,India,22.2–28.2,29.0,10.4,41.1,34.5,23.6,
2020,801–1000,American University in Cairo,Egypt,22.2–28.2,27.0,25.1,20.2,35.5,64.1,
2020,801–1000,American University of Sharjah,United Arab Emirates,22.2–28.2,19.2,14.8,23.0,37.5,94.8,
2020,801–1000,"Asia University, Taiwan",Taiwan,22.2–28.2,17.3,33.7,23.0,100.0,34.1,
2020,801–1000,Athens University of Economics and Business,Greece,22.2–28.2,17.8,21.2,39.3,37.8,45.4,
2020,801–1000,Atılım University,Turkey,22.2–28.2,14.7,8.8,39.2,37.0,35.3,
2020,801–1000,Babeş-Bolyai University,Romania,22.2–28.2,16.7,14.1,36.8,34.9,50.6,
2020,801–1000,University of Baghdad,Iraq,22.2–28.2,19.5,7.9,43.5,35.2,31.1,
2020,801–1000,Bauman Moscow State Technical University,Russian Federation,22.2–28.2,34.0,17.4,16.8,61.8,26.3,
2020,801–1000,University of Bedfordshire,United Kingdom,22.2–28.2,16.9,13.6,29.3,34.9,77.1,
2020,801–1000,Beijing Jiaotong University,China,22.2–28.2,23.4,23.5,20.3,65.2,28.0,
2020,801–1000,University of Béjaïa,Algeria,22.2–28.2,16.4,7.4,53.3,34.4,43.1,
2020,801–1000,Benha University,Egypt,22.2–28.2,14.8,7.5,54.6,35.6,42.5,
2020,801–1000,Birmingham City University,United Kingdom,22.2–28.2,16.0,10.3,37.4,34.6,62.8,
2020,801–1000,University of Bradford,United Kingdom,22.2–28.2,19.3,16.4,33.0,36.9,81.2,
2020,801–1000,University of Brasília,Brazil,22.2–28.2,25.8,14.4,36.8,34.5,30.9,
2020,801–1000,Bucharest University of Economic Studies,Romania,22.2–28.2,15.4,10.0,53.1,34.8,19.4,
2020,801–1000,University of Cadiz,Spain,22.2–28.2,27.0,14.8,28.7,35.9,36.4,
2020,801–1000,Capital Medical University,China,22.2–28.2,30.2,20.2,24.7,35.0,23.5,
2020,801–1000,Cardiff Metropolitan University,United Kingdom,22.2–28.2,16.5,10.8,41.0,34.7,61.0,
2020,801–1000,Carlos III University of Madrid,Spain,22.2–28.2,24.4,16.3,34.9,38.2,60.2,
2020,801–1000,University of Castilla-La Mancha,Spain,22.2–28.2,16.6,12.5,32.7,36.0,37.0,
2020,801–1000,University of Lancashire,United Kingdom,22.2–28.2,15.7,12.7,39.7,34.8,64.6,
2020,801–1000,Chang Gung University,Taiwan,22.2–28.2,23.3,26.3,29.8,84.9,24.5,
2020,801–1000,Chiba University,Japan,22.2–28.2,28.7,19.1,32.8,51.4,25.9,
2020,801–1000,University of Chile,Chile,22.2–28.2,23.2,17.1,33.9,34.5,51.2,
2020,801–1000,"China University of Geosciences, Beijing",China,22.2–28.2,24.7,14.2,39.7,43.0,25.3,
2020,801–1000,"China University of Geosciences, Wuhan",China,22.2–28.2,20.5,17.2,43.1,45.6,25.5,
2020,801–1000,China University of Mining and Technology,China,22.2–28.2,19.9,13.6,47.4,52.8,18.4,
2020,801–1000,China Pharmaceutical University,China,22.2–28.2,22.9,13.1,35.5,57.2,17.4,
2020,801–1000,Chongqing University,China,22.2–28.2,23.2,21.3,35.2,60.3,21.4,
2020,801–1000,Chonnam National University,South Korea,22.2–28.2,21.3,20.2,29.6,38.9,27.5,
2020,801–1000,Chulalongkorn University,Thailand,22.2–28.2,31.5,21.7,22.2,64.8,37.8,
2020,801–1000,University of Córdoba,Spain,22.2–28.2,21.2,16.6,36.4,37.1,41.9,
2020,801–1000,Czech Technical University in Prague,Czechia,22.2–28.2,20.8,17.4,23.4,44.6,53.7,
2020,801–1000,University of Debrecen,Hungary,22.2–28.2,19.9,10.6,28.0,37.7,55.7,
2020,801–1000,University of Derby,United Kingdom,22.2–28.2,16.2,10.3,32.0,35.1,58.8,
2020,801–1000,University of Deusto,Spain,22.2–28.2,21.5,17.6,39.6,38.1,45.7,
2020,801–1000,Eastern Mediterranean University,Northern Cyprus,22.2–28.2,17.0,11.7,30.6,34.4,86.6,
2020,801–1000,University of East London,United Kingdom,22.2–28.2,20.4,14.5,32.8,34.4,78.6,
2020,801–1000,Edinburgh Napier University,United Kingdom,22.2–28.2,16.7,13.9,40.4,35.6,80.0,
2020,801–1000,Embry-Riddle Aeronautical University,United States,22.2–28.2,16.9,9.2,44.5,34.6,30.2,
2020,801–1000,Universidade Estadual Paulista (Unesp),Brazil,22.2–28.2,34.4,23.0,16.8,36.9,25.1,
2020,801–1000,University of Évora,Portugal,22.2–28.2,19.6,14.6,31.3,35.6,53.7,
2020,801–1000,Federal University of Pelotas,Brazil,22.2–28.2,17.9,11.0,48.6,34.4,20.0,
2020,801–1000,Federal University of Rio de Janeiro,Brazil,22.2–28.2,34.4,22.0,26.1,35.5,28.7,
2020,801–1000,Federico Santa María Technical University,Chile,22.2–28.2,13.6,9.8,40.2,44.9,54.5,
2020,801–1000,Ferdowsi University of Mashhad,Iran,22.2–28.2,25.9,18.5,23.1,41.8,21.2,
2020,801–1000,Florida Atlantic University,United States,22.2–28.2,21.0,19.1,37.5,37.9,44.6,
2020,801–1000,Florida Institute of Technology,United States,22.2–28.2,22.7,14.6,31.4,37.7,56.8,
2020,801–1000,University of La Frontera,Chile,22.2–28.2,15.1,16.0,34.0,34.5,47.9,
2020,801–1000,Fu Jen Catholic University,Taiwan,22.2–28.2,18.7,19.9,31.3,53.5,30.4,
2020,801–1000,Fuzhou University,China,22.2–28.2,16.6,12.1,54.6,49.5,25.6,
2020,801–1000,Gdańsk University of Technology,Poland,22.2–28.2,17.1,12.1,37.0,38.3,23.3,
2020,801–1000,University of Ghana,Ghana,22.2–28.2,15.6,15.5,28.1,48.0,49.5,
2020,801–1000,Guangdong University of Technology,China,22.2–28.2,14.2,13.1,54.6,57.3,25.8,
2020,801–1000,Hamamatsu University School of Medicine,Japan,22.2–28.2,29.0,13.7,24.3,37.5,17.8,
2020,801–1000,Hanoi University of Science and Technology,Vietnam,22.2–28.2,14.7,8.4,42.3,37.2,44.6,
2020,801–1000,Hyogo College of Medicine,Japan,22.2–28.2,30.2,12.4,43.5,34.4,16.3,
2020,801–1000,Technische Universität Ilmenau,Germany,22.2–28.2,25.1,16.8,29.9,50.7,55.5,
2020,801–1000,Indian Institute of Science Education and Research Kolkata,India,22.2–28.2,28.1,10.8,28.5,35.4,17.2,
2020,801–1000,Indian Institute of Technology (Indian School of Mines) Dhanbad,India,22.2–28.2,21.5,13.5,37.3,49.3,14.1,
2020,801–1000,Indian Institute of Technology Patna,India,22.2–28.2,17.6,8.3,41.9,34.7,15.4,
2020,801–1000,Inha University,South Korea,22.2–28.2,23.8,20.7,23.8,64.0,32.1,
2020,801–1000,"International Islamic University, Islamabad",Pakistan,22.2–28.2,14.4,7.5,53.1,34.4,46.6,
2020,801–1000,University of Isfahan,Iran,22.2–28.2,30.9,22.6,13.4,45.5,17.5,
2020,801–1000,Isfahan University of Medical Sciences,Iran,22.2–28.2,40.9,11.9,22.4,37.4,16.1,
2020,801–1000,Istanbul University,Turkey,22.2–28.2,25.8,24.4,23.6,49.8,27.1,
2020,801–1000,Jadavpur University,India,22.2–28.2,33.8,22.3,28.5,40.8,15.4,
2020,801–1000,University of Jaén,Spain,22.2–28.2,16.7,14.1,34.7,35.8,38.8,
2020,801–1000,Jeonbuk National University,South Korea,22.2–28.2,22.9,20.4,23.8,39.6,29.0,
2020,801–1000,Jiangsu University,China,22.2–28.2,18.8,10.4,33.1,55.5,37.0,
2020,801–1000,Jilin University,China,22.2–28.2,27.3,16.2,27.4,43.3,20.4,
2020,801–1000,Jinan University (China),China,22.2–28.2,21.6,14.9,38.5,40.4,54.6,
2020,801–1000,The University of Jordan,Jordan,22.2–28.2,25.1,10.2,29.1,39.3,67.2,
2020,801–1000,Juntendo University,Japan,22.2–28.2,34.6,13.5,27.8,47.4,20.4,
2020,801–1000,Kanazawa University,Japan,22.2–28.2,26.8,17.7,28.4,36.9,24.2,
2020,801–1000,Kaohsiung Medical University,Taiwan,22.2–28.2,22.5,23.3,25.9,54.8,26.0,
2020,801–1000,Karabük University,Turkey,22.2–28.2,18.3,7.6,39.2,34.4,30.6,
2020,801–1000,Karlstad University,Sweden,22.2–28.2,16.8,13.2,47.6,35.2,37.2,
2020,801–1000,Kingston University,United Kingdom,22.2–28.2,17.6,15.6,33.3,34.7,84.2,
2020,801–1000,K.N. Toosi University of Technology,Iran,22.2–28.2,24.6,23.7,25.1,46.4,19.7,
2020,801–1000,Kumamoto University,Japan,22.2–28.2,26.0,14.1,23.2,44.8,28.2,
2020,801–1000,University of Kurdistan,Iran,22.2–28.2,14.5,13.1,46.6,39.3,17.5,
2020,801–1000,Kuwait University,Kuwait,22.2–28.2,19.1,9.9,31.7,37.4,69.9,
2020,801–1000,Kyoto Prefectural University of Medicine,Japan,22.2–28.2,32.6,13.3,33.7,44.2,16.1,
2020,801–1000,Kyungpook National University (KNU),South Korea,22.2–28.2,24.5,28.0,25.0,43.4,29.3,
2020,801–1000,University of Lagos,Nigeria,22.2–28.2,15.5,9.0,58.7,34.5,27.4,
2020,801–1000,Lahore University of Management Sciences,Pakistan,22.2–28.2,19.5,12.7,33.9,35.1,49.0,
2020,801–1000,University of Las Palmas de Gran Canaria,Spain,22.2–28.2,17.8,11.9,44.4,34.4,36.8,
2020,801–1000,University of Latvia,Latvia,22.2–28.2,17.0,19.3,24.4,41.6,48.9,
2020,801–1000,Lebanese American University,Lebanon,22.2–28.2,30.5,10.1,25.1,34.8,84.7,
2020,801–1000,Leeds Beckett University,United Kingdom,22.2–28.2,16.6,13.9,39.5,35.0,49.8,
2020,801–1000,Louisiana Tech University,United States,22.2–28.2,17.3,9.7,43.9,34.8,32.7,
2020,801–1000,Lviv Polytechnic National University,Ukraine,22.2–28.2,17.9,8.7,49.5,34.7,24.4,
2020,801–1000,University of Malaga,Spain,22.2–28.2,20.1,11.5,33.1,36.2,41.2,
2020,801–1000,University of Maribor,Slovenia,22.2–28.2,17.0,15.8,31.0,40.0,37.9,
2020,801–1000,Marquette University,United States,22.2–28.2,36.0,14.4,34.3,36.3,24.6,
2020,801–1000,University of Mazandaran,Iran,22.2–28.2,28.2,11.6,32.9,37.4,17.2,
2020,801–1000,Mississippi State University,United States,22.2–28.2,21.8,15.8,43.6,40.3,25.9,
2020,801–1000,University of Murcia,Spain,22.2–28.2,22.3,13.8,32.6,35.9,38.5,
2020,801–1000,Muroran Institute of Technology,Japan,22.2–28.2,15.4,9.4,42.6,37.7,30.7,
2020,801–1000,University of Nairobi,Kenya,22.2–28.2,14.6,10.2,48.3,34.8,47.0,
2020,801–1000,Nanjing Agricultural University,China,22.2–28.2,23.4,17.2,43.2,47.4,21.2,
2020,801–1000,Nanjing Tech University,China,22.2–28.2,17.7,12.1,53.0,59.7,24.3,
2020,801–1000,National Central University,Taiwan,22.2–28.2,25.0,22.6,22.1,65.6,40.8,
2020,801–1000,National Chengchi University,Taiwan,22.2–28.2,23.4,29.3,13.2,42.0,46.4,
2020,801–1000,National Dong Hwa University,Taiwan,22.2–28.2,16.3,24.6,28.9,37.8,38.6,
2020,801–1000,National Institute of Technology Rourkela,India,22.2–28.2,26.4,15.1,44.8,37.5,17.1,
2020,801–1000,"National Institute of Technology, Tiruchirappalli",India,22.2–28.2,25.0,17.4,32.8,51.9,22.1,
2020,801–1000,National University of Sciences and Technology,Pakistan,22.2–28.2,21.1,11.7,35.1,34.8,40.0,
2020,801–1000,National Sun Yat-Sen University,Taiwan,22.2–28.2,24.4,28.0,21.9,58.9,30.6,
2020,801–1000,National Taipei University of Technology,Taiwan,22.2–28.2,21.8,20.2,22.4,86.7,28.8,
2020,801–1000,The New School,United States,22.2–28.2,23.9,15.2,30.2,38.4,50.3,
2020,801–1000,Niigata University,Japan,22.2–28.2,23.9,13.0,41.3,40.0,23.3,
2020,801–1000,Normandy University,France,22.2–28.2,17.4,12.9,38.8,35.8,53.3,
2020,801–1000,"Northeastern University, China",China,22.2–28.2,24.8,22.1,19.3,96.9,37.5,
2020,801–1000,Northeast Normal University,China,22.2–28.2,24.3,10.3,48.6,37.1,18.3,
2020,801–1000,University of Northern British Columbia (UNBC),Canada,22.2–28.2,19.3,18.5,42.0,34.8,37.3,
2020,801–1000,Northwest University (China),China,22.2–28.2,19.3,12.7,37.5,40.6,21.5,
2020,801–1000,NorthWest A&F University,China,22.2–28.2,20.1,13.1,37.8,45.2,22.8,
2020,801–1000,Okayama University,Japan,22.2–28.2,25.6,16.6,27.0,51.6,28.2,
2020,801–1000,Osaka City University,Japan,22.2–28.2,24.9,14.3,26.8,39.3,24.6,
2020,801–1000,Osmania University,India,22.2–28.2,36.0,10.2,31.5,39.6,15.4,
2020,801–1000,Pablo de Olavide University,Spain,22.2–28.2,21.5,14.2,42.0,35.2,50.2,
2020,801–1000,University of Patras,Greece,22.2–28.2,16.5,11.6,39.4,39.4,37.7,
2020,801–1000,University of Pécs,Hungary,22.2–28.2,19.6,16.1,40.9,37.5,55.9,
2020,801–1000,Polytechnic Institute of Porto,Portugal,22.2–28.2,13.5,8.7,48.5,34.6,32.8,
2020,801–1000,Polytechnic University of Valencia,Spain,22.2–28.2,22.1,11.8,41.3,44.8,50.0,
2020,801–1000,Pondicherry University,India,22.2–28.2,36.5,19.2,18.3,34.5,14.5,
2020,801–1000,Pontifical Catholic University of Peru,Peru,22.2–28.2,19.9,8.6,33.8,35.9,47.4,
2020,801–1000,Pontifical Catholic University of Rio Grande do Sul (PUCRS),Brazil,22.2–28.2,18.7,13.5,41.1,49.7,25.8,
2020,801–1000,University of Puerto Rico,Puerto Rico,22.2–28.2,18.1,8.5,43.7,34.9,43.7,
2020,801–1000,University of the Punjab,Pakistan,22.2–28.2,19.5,10.4,34.1,35.2,32.5,
2020,801–1000,University Rey Juan Carlos,Spain,22.2–28.2,18.6,10.8,40.9,36.7,45.5,
2020,801–1000,Rikkyo University,Japan,22.2–28.2,16.6,8.9,47.5,34.8,42.7,
2020,801–1000,Rochester Institute of Technology,United States,22.2–28.2,20.0,18.1,39.0,35.9,41.6,
2020,801–1000,University of Roehampton,United Kingdom,22.2–28.2,18.7,19.9,31.3,34.5,76.0,
2020,801–1000,RUDN University,Russian Federation,22.2–28.2,36.3,11.3,25.2,37.0,51.6,
2020,801–1000,Université Saint-Joseph de Beyrouth,Lebanon,22.2–28.2,26.2,10.4,24.0,35.8,70.7,
2020,801–1000,Empress Catherine II Saint Petersburg Mining University,Russian Federation,22.2–28.2,20.2,10.3,48.9,71.1,28.1,
2020,801–1000,University of Salford,United Kingdom,22.2–28.2,18.7,14.8,38.7,34.8,70.1,
2020,801–1000,Sapporo Medical University,Japan,22.2–28.2,29.6,11.7,32.3,44.1,15.1,
2020,801–1000,University of Science and Technology Beijing,China,22.2–28.2,27.2,25.2,29.5,54.4,20.3,
2020,801–1000,University of Seoul,South Korea,22.2–28.2,22.6,18.2,24.7,40.9,29.2,
2020,801–1000,University of Seville,Spain,22.2–28.2,25.4,18.7,36.5,36.6,38.2,
2020,801–1000,Shahid Beheshti University,Iran,22.2–28.2,22.1,19.0,38.0,66.9,19.6,
2020,801–1000,Shanghai University,China,22.2–28.2,21.2,24.8,29.6,60.0,31.0,
2020,801–1000,Shanghai University of Finance and Economics (SUFE),China,22.2–28.2,27.6,14.1,32.7,38.2,48.8,
2020,801–1000,Shanghai Maritime University,China,22.2–28.2,14.5,9.8,40.3,51.2,36.3,
2020,801–1000,Shantou University,China,22.2–28.2,22.0,14.2,39.5,44.1,41.8,
2020,801–1000,Sheffield Hallam University,United Kingdom,22.2–28.2,17.5,13.2,41.4,34.8,52.9,
2020,801–1000,Shiraz University,Iran,22.2–28.2,24.8,25.0,27.2,57.0,18.1,
2020,801–1000,Sogang University,South Korea,22.2–28.2,24.4,28.2,23.6,47.7,34.9,
2020,801–1000,University of South Bohemia in České Budějovice,Czechia,22.2–28.2,17.7,13.3,46.1,34.5,47.3,
2020,801–1000,Southwestern University of Finance and Economics,China,22.2–28.2,18.1,11.6,48.0,37.1,44.7,
2020,801–1000,Sri Venkateswara University,India,22.2–28.2,37.3,10.0,32.6,35.0,20.4,
2020,801–1000,University of Staffordshire,United Kingdom,22.2–28.2,16.8,9.8,42.8,34.6,52.2,
2020,801–1000,St Marianna University School of Medicine,Japan,22.2–28.2,27.0,7.9,36.9,34.6,16.0,
2020,801–1000,Sultan Qaboos University,Oman,22.2–28.2,23.8,10.6,19.1,47.4,73.1,
2020,801–1000,University of Szeged,Hungary,22.2–28.2,21.8,12.4,36.6,36.5,54.4,
2020,801–1000,Tallinn University,Estonia,22.2–28.2,16.9,20.1,29.5,38.2,63.0,
2020,801–1000,Tallinn University of Technology,Estonia,22.2–28.2,17.6,13.2,27.8,47.3,60.2,
2020,801–1000,Tanta University,Egypt,22.2–28.2,20.7,7.3,34.7,34.8,40.9,
2020,801–1000,Technical University of Madrid,Spain,22.2–28.2,22.6,14.9,37.7,42.4,49.1,
2020,801–1000,Technological University Dublin,Ireland,22.2–28.2,15.7,13.3,32.9,35.1,73.0,
2020,801–1000,Teesside University,United Kingdom,22.2–28.2,15.5,10.6,43.9,34.8,53.7,
2020,801–1000,Universiti Tenaga Nasional (UNITEN),Malaysia,22.2–28.2,17.9,13.8,33.9,91.5,37.1,
2020,801–1000,University of Texas at El Paso,United States,22.2–28.2,21.0,22.9,36.3,34.4,40.7,
2020,801–1000,Tezpur University,India,22.2–28.2,26.3,12.4,29.0,41.7,14.1,
2020,801–1000,Tokyo University of Agriculture and Technology,Japan,22.2–28.2,23.9,23.2,18.0,45.9,25.7,
2020,801–1000,Tokyo Medical University,Japan,22.2–28.2,29.6,10.7,35.0,35.7,17.1,
2020,801–1000,Tokyo University of Science,Japan,22.2–28.2,21.9,24.3,19.1,41.9,21.3,
2020,801–1000,University of Trás-os-Montes and Alto Douro,Portugal,22.2–28.2,21.2,13.9,32.3,34.4,37.5,
2020,801–1000,Tshwane University of Technology,South Africa,22.2–28.2,14.4,7.0,42.9,36.1,43.2,
2020,801–1000,Universiti Utara Malaysia,Malaysia,22.2–28.2,30.9,20.8,9.3,36.8,54.3,
2020,801–1000,"Vietnam National University, Hanoi",Vietnam,22.2–28.2,21.9,9.1,38.8,36.5,47.4,
2020,801–1000,University of Vigo,Spain,22.2–28.2,17.7,14.6,39.5,38.4,41.6,
2020,801–1000,Vilnius University,Lithuania,22.2–28.2,19.9,14.3,37.1,46.6,55.6,
2020,801–1000,VIT University,India,22.2–28.2,20.5,12.6,44.0,36.3,20.3,
2020,801–1000,University of Wolverhampton,United Kingdom,22.2–28.2,15.8,13.3,35.0,34.5,65.3,
2020,801–1000,Wuhan University of Technology,China,22.2–28.2,18.8,13.4,40.8,53.8,23.1,
2020,801–1000,Xiangtan University,China,22.2–28.2,14.8,12.0,46.1,38.5,19.3,
2020,801–1000,Xidian University,China,22.2–28.2,21.0,17.2,32.9,75.2,19.4,
2020,801–1000,Yangzhou University,China,22.2–28.2,15.3,10.7,40.8,41.3,21.5,
2020,801–1000,Yeungnam University,South Korea,22.2–28.2,18.4,12.8,45.5,40.0,36.4,
2020,801–1000,University of Zaragoza,Spain,22.2–28.2,22.0,13.4,43.8,38.6,39.4,
2020,1001+,University of Abou Bekr Belkaïd Tlemcen,Algeria,10.7–22.1,29.1,8.8,5.6,34.8,37.0,
2020,1001+,Acıbadem University,Turkey,10.7–22.1,22.0,8.6,7.5,34.8,19.8,
2020,1001+,AGH University of Krakow,Poland,10.7–22.1,17.7,13.5,23.6,38.3,20.7,
2020,1001+,Akdeniz University,Turkey,10.7–22.1,15.2,9.0,13.9,35.2,17.2,
2020,1001+,Akita University,Japan,10.7–22.1,21.0,10.7,9.2,40.9,22.2,
2020,1001+,Al-Azhar University,Egypt,10.7–22.1,15.2,8.3,16.5,34.5,46.7,
2020,1001+,Alexandria University,Egypt,10.7–22.1,18.9,13.1,24.1,39.6,44.5,
2020,1001+,Alexandru Ioan Cuza University,Romania,10.7–22.1,16.7,11.1,9.7,34.5,31.9,
2020,1001+,Al-Farabi Kazakh National University,Kazakhstan,10.7–22.1,24.3,9.6,20.7,42.8,61.2,
2020,1001+,University of Almería,Spain,10.7–22.1,17.1,13.2,26.2,36.1,41.3,
2020,1001+,Alzahra University,Iran,10.7–22.1,18.1,9.9,16.8,36.8,15.2,
2020,1001+,"Amity University, Noida",India,10.7–22.1,15.7,9.3,18.8,35.8,18.8,
2020,1001+,Anadolu University,Turkey,10.7–22.1,13.0,24.1,16.5,100.0,17.3,
2020,1001+,"University of the Andes, Chile",Chile,10.7–22.1,16.1,10.5,15.6,34.6,47.8,
2020,1001+,"University of the Andes, Venezuela",Venezuela,10.7–22.1,15.0,7.9,9.1,34.4,45.6,
2020,1001+,Andhra University,India,10.7–22.1,37.4,10.8,8.0,42.5,15.5,
2020,1001+,Universidad Andrés Bello (UNAB),Chile,10.7–22.1,13.3,8.0,29.8,34.6,47.3,
2020,1001+,Ankara University,Turkey,10.7–22.1,19.2,10.0,13.9,35.1,22.5,
2020,1001+,Anna University,India,10.7–22.1,22.6,14.1,18.5,41.9,14.8,
2020,1001+,Annamalai University,India,10.7–22.1,29.2,8.6,18.7,35.3,16.8,
2020,1001+,University of Antioquia,Colombia,10.7–22.1,16.7,17.0,17.2,40.6,37.7,
2020,1001+,Aoyama Gakuin University,Japan,10.7–22.1,16.3,7.9,20.9,34.8,29.0,
2020,1001+,Assiut University,Egypt,10.7–22.1,15.2,9.0,25.7,34.4,46.7,
2020,1001+,Austral University of Chile,Chile,10.7–22.1,15.0,12.2,22.7,46.9,50.2,
2020,1001+,Universidad Autónoma del Estado de Hidalgo,Mexico,10.7–22.1,15.0,8.2,8.4,36.2,22.1,
2020,1001+,Universidad Autónoma del Estado de Mexico (UAEMex),Mexico,10.7–22.1,14.4,9.2,6.9,39.0,25.6,
2020,1001+,Universidad Autónoma de Nuevo León (UANL),Mexico,10.7–22.1,12.5,7.7,12.1,35.4,29.2,
2020,1001+,Universidad Autónoma de Querétaro,Mexico,10.7–22.1,15.4,9.2,17.3,38.7,25.9,
2020,1001+,Universidad Autónoma de Yucatán,Mexico,10.7–22.1,15.8,8.1,15.9,40.2,29.3,
2020,1001+,Autonomous University of Baja California,Mexico,10.7–22.1,13.7,8.8,7.7,35.2,30.0,
2020,1001+,Autonomous University of San Luis Potosi,Mexico,10.7–22.1,17.8,7.4,11.9,34.6,29.0,
2020,1001+,Autonomous University of Sinaloa,Mexico,10.7–22.1,13.3,7.9,14.3,35.3,26.2,
2020,1001+,Azarbaijan Shahid Madani University,Iran,10.7–22.1,18.1,12.6,23.7,36.6,14.8,
2020,1001+,Bahauddin Zakariya University,Pakistan,10.7–22.1,13.6,9.0,19.8,34.4,35.1,
2020,1001+,Bahçeşehir University,Turkey,10.7–22.1,18.5,14.8,14.7,53.7,40.8,
2020,1001+,Banasthali University,India,10.7–22.1,33.0,10.0,11.1,39.3,18.7,
2020,1001+,Institut Teknologi Bandung,Indonesia,10.7–22.1,22.0,16.7,16.3,89.9,34.0,
2020,1001+,Bashkir State University,Russian Federation,10.7–22.1,17.0,8.1,4.5,36.9,16.7,
2020,1001+,Başkent University,Turkey,10.7–22.1,21.4,10.9,4.8,40.1,14.2,
2020,1001+,Belarusian State University,Belarus,10.7–22.1,21.3,9.7,13.3,42.4,58.1,
2020,1001+,Belgorod State National Research University,Russian Federation,10.7–22.1,19.1,9.9,20.4,43.7,41.8,
2020,1001+,Benemérita Universidad Autónoma de Puebla,Mexico,10.7–22.1,16.0,7.9,12.2,34.7,25.7,
2020,1001+,University of Bío-Bío,Chile,10.7–22.1,13.2,8.4,7.9,37.3,46.6,
2020,1001+,University of Birjand,Iran,10.7–22.1,16.4,8.0,8.6,34.6,16.7,
2020,1001+,"Birla Institute of Technology and Science, Pilani",India,10.7–22.1,19.7,10.9,30.8,35.3,16.4,
2020,1001+,University of Biskra,Algeria,10.7–22.1,15.7,7.3,14.0,34.4,32.5,
2020,1001+,University of Brawijaya,Indonesia,10.7–22.1,16.0,8.5,8.3,36.3,21.4,
2020,1001+,Brno University of Technology,Czechia,10.7–22.1,18.6,15.6,21.7,41.2,52.2,
2020,1001+,Bu-Ali Sina University,Iran,10.7–22.1,22.2,15.3,25.8,35.3,16.0,
2020,1001+,University of Bucharest,Romania,10.7–22.1,18.2,10.6,15.1,36.2,27.4,
2020,1001+,Budapest University of Technology and Economics,Hungary,10.7–22.1,17.4,15.8,25.3,44.0,34.7,
2020,1001+,University of Burgos,Spain,10.7–22.1,20.8,12.0,25.7,37.5,34.2,
2020,1001+,"California State University, Long Beach",United States,10.7–22.1,23.1,10.1,27.3,35.9,37.3,
2020,1001+,Canterbury Christ Church University,United Kingdom,10.7–22.1,16.4,11.3,20.1,34.4,42.4,
2020,1001+,Technical University of Cartagena,Spain,10.7–22.1,22.6,11.1,23.3,37.9,32.4,
2020,1001+,University of Carthage,Tunisia,10.7–22.1,19.6,8.3,19.4,34.7,43.3,
2020,1001+,Catholic University of the North,Chile,10.7–22.1,14.8,14.2,18.9,35.6,52.9,
2020,1001+,University of Caxias do Sul,Brazil,10.7–22.1,13.8,7.8,7.6,35.0,17.7,
2020,1001+,Ceará State University,Brazil,10.7–22.1,16.2,8.3,6.1,35.6,16.3,
2020,1001+,University of Cergy-Pontoise,France,10.7–22.1,15.9,13.6,23.6,35.0,62.5,
2020,1001+,Chaoyang University of Technology,Taiwan,10.7–22.1,13.7,12.2,7.1,41.5,25.1,
2020,1001+,"University of Chemistry and Technology, Prague",Czechia,10.7–22.1,24.2,14.6,17.8,40.7,49.3,
2020,1001+,University of Chester,United Kingdom,10.7–22.1,15.8,12.7,24.8,34.8,46.6,
2020,1001+,Chiang Mai University,Thailand,10.7–22.1,20.8,14.2,18.0,48.6,32.8,
2020,1001+,Chiba Institute of Technology,Japan,10.7–22.1,14.6,9.1,6.8,38.9,16.9,
2020,1001+,Chubu University,Japan,10.7–22.1,13.6,9.7,17.6,36.4,27.5,
2020,1001+,Chungnam National University,South Korea,10.7–22.1,22.7,21.1,12.1,46.6,23.0,
2020,1001+,Chung Yuan Christian University,Taiwan,10.7–22.1,16.8,24.6,14.8,47.2,35.2,
2020,1001+,Chuo University,Japan,10.7–22.1,27.2,10.3,23.0,36.8,23.0,
2020,1001+,Cochin University of Science and Technology,India,10.7–22.1,23.3,10.7,7.7,34.7,14.5,
2020,1001+,University of Colombo,Sri Lanka,10.7–22.1,13.5,8.0,13.9,34.8,38.2,
2020,1001+,Comenius University Bratislava,Slovakia,10.7–22.1,22.2,13.1,22.3,34.6,52.0,
2020,1001+,University of Concepción,Chile,10.7–22.1,15.4,11.6,19.7,56.6,48.7,
2020,1001+,Corvinus University of Budapest,Hungary,10.7–22.1,17.8,13.7,23.6,34.4,44.7,
2020,1001+,Cukurova University,Turkey,10.7–22.1,15.2,12.5,15.6,87.5,19.4,
2020,1001+,Czech University of Life Sciences Prague (CZU),Czechia,10.7–22.1,17.4,13.1,18.7,49.9,53.7,
2020,1001+,University of Dar es Salaam,Tanzania,10.7–22.1,14.0,7.3,20.4,34.4,46.3,
2020,1001+,De La Salle University,Philippines,10.7–22.1,17.1,12.9,26.4,34.4,30.7,
2020,1001+,Delhi Technological University,India,10.7–22.1,15.8,13.1,37.5,35.3,13.5,
2020,1001+,Del Rosario University,Colombia,10.7–22.1,16.5,9.6,15.4,35.1,47.5,
2020,1001+,Democritus University of Thrace,Greece,10.7–22.1,14.9,11.6,32.0,35.8,31.4,
2020,1001+,University of Dhaka,Bangladesh,10.7–22.1,16.0,8.8,16.4,36.6,40.8,
2020,1001+,Dokuz Eylül University,Turkey,10.7–22.1,15.1,9.5,19.7,40.7,18.4,
2020,1001+,Doshisha University,Japan,10.7–22.1,15.6,9.8,7.7,35.7,27.6,
2020,1001+,Prague University of Economics and Business (VŠE),Czechia,10.7–22.1,18.9,13.3,5.5,35.1,43.5,
2020,1001+,Edge Hill University,United Kingdom,10.7–22.1,14.8,10.2,33.1,34.4,42.4,
2020,1001+,Ege University,Turkey,10.7–22.1,17.2,10.2,13.5,37.9,22.1,
2020,1001+,Ehime University,Japan,10.7–22.1,21.3,14.6,20.5,42.7,25.9,
2020,1001+,The University of Electro-Communications,Japan,10.7–22.1,19.3,18.6,14.1,39.1,29.0,
2020,1001+,University of Engineering & Technology (UET) Lahore,Pakistan,10.7–22.1,15.3,9.2,19.4,34.7,44.4,
2020,1001+,Erciyes University,Turkey,10.7–22.1,19.7,16.3,20.6,84.4,21.5,
2020,1001+,Universidade do Estado do Rio de Janeiro (UERJ),Brazil,10.7–22.1,24.2,10.9,15.2,38.1,21.6,
2020,1001+,Universidade do Estado de Santa Catarina,Brazil,10.7–22.1,18.1,9.3,19.6,34.5,16.0,
2020,1001+,Universidade Estadual de Maringá,Brazil,10.7–22.1,19.6,10.0,8.8,34.7,17.4,
2020,1001+,Universidade Estadual do Oeste do Paraná (Unioeste),Brazil,10.7–22.1,18.8,10.7,4.0,34.9,15.2,
2020,1001+,Far Eastern Federal University,Russian Federation,10.7–22.1,21.2,11.1,11.9,40.4,47.0,
2020,1001+,Fayoum University,Egypt,10.7–22.1,15.7,9.8,32.7,36.0,39.3,
2020,1001+,Universidade Federal do ABC (UFABC),Brazil,10.7–22.1,15.9,11.8,24.1,35.8,33.4,
2020,1001+,Federal University of Alagoas,Brazil,10.7–22.1,16.5,6.8,12.2,34.9,21.5,
2020,1001+,Universidade Federal da Bahia,Brazil,10.7–22.1,21.8,13.7,18.7,34.4,23.9,
2020,1001+,Universidade Federal do Ceará (UFC),Brazil,10.7–22.1,22.4,11.8,20.7,38.6,25.8,
2020,1001+,Universidade Federal de Ciências da Saúde de Porto Alegre (UFCSPA),Brazil,10.7–22.1,20.3,10.5,12.9,34.4,18.0,
2020,1001+,Federal University of Espírito Santo,Brazil,10.7–22.1,17.9,9.3,16.2,36.1,22.4,
2020,1001+,Federal University of Goiás,Brazil,10.7–22.1,23.3,9.7,14.2,39.6,20.4,
2020,1001+,Federal University of Itajubá,Brazil,10.7–22.1,16.3,8.9,19.8,36.5,22.7,
2020,1001+,Federal University of Lavras,Brazil,10.7–22.1,23.9,16.8,11.2,54.8,18.8,
2020,1001+,Federal University of Mato Grosso do Sul,Brazil,10.7–22.1,17.1,6.9,7.4,34.4,16.8,
2020,1001+,Universidade Federal de Ouro Preto (UFOP),Brazil,10.7–22.1,16.3,9.6,19.4,36.4,20.6,
2020,1001+,Federal University of Pará,Brazil,10.7–22.1,17.1,9.6,11.8,34.8,24.0,
2020,1001+,Universidade Federal do Paraná (UFPR),Brazil,10.7–22.1,24.4,11.5,12.7,35.1,22.2,
2020,1001+,Universidade Federal de Pernambuco,Brazil,10.7–22.1,26.9,9.2,14.3,35.9,20.8,
2020,1001+,Federal University of Rio Grande do Norte (UFRN),Brazil,10.7–22.1,19.6,8.7,19.0,41.6,23.2,
2020,1001+,Universidade Federal Rural do Semi-Arido,Brazil,10.7–22.1,27.5,7.7,1.7,34.4,14.0,
2020,1001+,Federal University of Santa Maria,Brazil,10.7–22.1,20.4,8.8,13.5,35.0,17.4,
2020,1001+,Federal University of São Carlos,Brazil,10.7–22.1,26.2,13.4,17.3,41.2,24.5,
2020,1001+,Federal University of Viçosa,Brazil,10.7–22.1,28.1,14.3,12.3,47.6,20.1,
2020,1001+,Feng Chia University,Taiwan,10.7–22.1,17.7,17.3,17.2,39.5,40.6,
2020,1001+,Fluminense Federal University,Brazil,10.7–22.1,20.0,11.3,14.8,35.2,23.5,
2020,1001+,University of Fortaleza (UNIFOR),Brazil,10.7–22.1,14.8,7.3,41.4,34.4,29.1,
2020,1001+,Université Frères Mentouri Constantine 1,Algeria,10.7–22.1,19.4,7.5,7.9,35.4,37.8,
2020,1001+,University of Fukui,Japan,10.7–22.1,19.7,10.7,9.7,39.7,21.6,
2020,1001+,Universitas Gadjah Mada,Indonesia,10.7–22.1,23.4,11.0,15.7,61.4,34.1,
2020,1001+,Gazi University,Turkey,10.7–22.1,18.8,10.6,13.2,40.5,16.6,
2020,1001+,Gaziantep University,Turkey,10.7–22.1,17.3,9.0,15.6,34.7,23.8,
2020,1001+,University of Gdańsk,Poland,10.7–22.1,15.7,10.6,19.7,34.7,29.9,
2020,1001+,Gebze Technical University,Turkey,10.7–22.1,21.0,14.1,19.4,36.7,27.5,
2020,1001+,Gifu University,Japan,10.7–22.1,23.5,11.8,16.9,38.5,23.1,
2020,1001+,GITAM University,India,10.7–22.1,16.7,7.7,15.0,35.2,19.6,
2020,1001+,Government College University Lahore,Pakistan,10.7–22.1,14.0,9.1,5.7,34.4,35.3,
2020,1001+,Grigore T. Popa University of Medicine and Pharmacy,Romania,10.7–22.1,17.6,7.7,14.5,34.6,41.2,
2020,1001+,University of Guadalajara,Mexico,10.7–22.1,15.4,7.8,10.0,34.4,28.3,
2020,1001+,University of Guanajuato,Mexico,10.7–22.1,16.4,8.7,13.5,34.6,35.7,
2020,1001+,Guangxi University,China,10.7–22.1,16.1,11.3,17.9,42.8,20.6,
2020,1001+,Gubkin Russian State University of Oil and Gas,Russian Federation,10.7–22.1,17.8,11.5,8.2,61.5,22.8,
2020,1001+,University of Guilan,Iran,10.7–22.1,20.4,13.6,29.5,34.8,15.7,
2020,1001+,Gunma University,Japan,10.7–22.1,27.4,12.9,17.8,37.6,19.4,
2020,1001+,Hallym University,South Korea,10.7–22.1,19.0,15.2,16.0,35.4,21.5,
2020,1001+,The Hashemite University,Jordan,10.7–22.1,13.5,11.3,8.3,34.4,50.9,
2020,1001+,Université Hassan II de Casablanca,Morocco,10.7–22.1,15.9,7.6,24.8,36.4,34.4,
2020,1001+,University of Havana,Cuba,10.7–22.1,21.6,9.0,9.5,40.2,52.5,
2020,1001+,Capital University,Egypt,10.7–22.1,14.7,8.6,20.0,35.1,40.2,
2020,1001+,Hosei University,Japan,10.7–22.1,16.8,9.7,25.9,35.2,25.8,
2020,1001+,University of Hradec Králové,Czechia,10.7–22.1,16.8,10.8,12.7,34.7,33.1,
2020,1001+,Huaqiao University,China,10.7–22.1,14.7,11.3,27.3,37.2,48.0,
2020,1001+,University of Hyogo,Japan,10.7–22.1,16.7,12.1,10.4,46.4,18.5,
2020,1001+,Ibaraki University,Japan,10.7–22.1,16.4,10.0,8.1,40.2,23.4,
2020,1001+,Ibn Tofaïl University,Morocco,10.7–22.1,18.1,8.9,17.9,35.5,25.3,
2020,1001+,Imam Abdulrahman Bin Faisal University,Saudi Arabia,10.7–22.1,21.1,8.0,15.3,34.8,73.2,
2020,1001+,Incheon National University,South Korea,10.7–22.1,16.1,17.0,21.9,37.0,29.3,
2020,1001+,Universidad Industrial de Santander (UIS),Colombia,10.7–22.1,14.5,9.9,35.1,34.7,38.7,
2020,1001+,Instituto Politécnico Nacional (IPN),Mexico,10.7–22.1,17.6,9.0,10.7,40.4,21.8,
2020,1001+,IPB University,Indonesia,10.7–22.1,19.0,10.6,8.9,70.7,42.3,
2020,1001+,I-Shou University,Taiwan,10.7–22.1,15.1,17.0,13.3,45.3,35.2,
2020,1001+,Istanbul Medipol University,Turkey,10.7–22.1,12.5,9.3,10.8,35.9,20.9,
2020,1001+,Ivane Javakhishvili Tbilisi State University,Georgia,10.7–22.1,14.7,9.4,4.6,34.8,45.9,
2020,1001+,Ivan Franko National University of Lviv,Ukraine,10.7–22.1,21.6,7.9,4.3,34.4,36.6,
2020,1001+,Iwate University,Japan,10.7–22.1,19.5,9.8,12.0,42.1,22.4,
2020,1001+,Izmir Institute of Technology,Turkey,10.7–22.1,19.4,11.0,29.4,38.9,30.4,
2020,1001+,Kagawa University,Japan,10.7–22.1,20.9,11.7,28.5,40.0,28.0,
2020,1001+,Kagoshima University,Japan,10.7–22.1,21.4,11.4,18.0,42.9,23.0,
2020,1001+,Kanagawa University,Japan,10.7–22.1,14.6,7.5,12.3,34.8,27.7,
2020,1001+,Kangwon National University,South Korea,10.7–22.1,17.6,15.0,17.8,36.3,21.1,
2020,1001+,Kansai University,Japan,10.7–22.1,24.3,8.0,6.9,35.4,24.6,
2020,1001+,Kasetsart University,Thailand,10.7–22.1,18.6,12.8,10.3,59.8,37.1,
2020,1001+,Kaunas University of Technology,Lithuania,10.7–22.1,16.5,11.4,5.6,38.9,30.4,
2020,1001+,Kazan National Research Technological University,Russian Federation,10.7–22.1,17.8,8.4,10.5,49.0,25.2,
2020,1001+,Kharazmi University,Iran,10.7–22.1,28.0,12.7,21.2,44.7,17.1,
2020,1001+,Khon Kaen University,Thailand,10.7–22.1,21.6,12.0,18.0,55.2,31.1,
2020,1001+,KIIT University,India,10.7–22.1,16.9,11.5,25.9,59.5,15.9,
2020,1001+,KMITL – King Mongkut’s Institute of Technology Ladkrabang,Thailand,10.7–22.1,17.8,19.5,6.7,82.0,19.6,
2020,1001+,King Mongkut's University of Technology North Bangkok,Thailand,10.7–22.1,15.1,9.9,10.1,41.9,20.9,
2020,1001+,King Mongkut’s University of Technology Thonburi,Thailand,10.7–22.1,17.3,16.7,23.6,74.0,29.2,
2020,1001+,Kitasato University,Japan,10.7–22.1,24.0,9.9,18.2,39.5,16.3,
2020,1001+,Kochi University,Japan,10.7–22.1,19.9,10.7,20.7,40.9,24.2,
2020,1001+,Kogakuin University,Japan,10.7–22.1,17.2,9.8,8.8,42.0,18.7,
2020,1001+,Kookmin University,South Korea,10.7–22.1,18.2,10.4,16.4,38.4,29.3,
2020,1001+,Kwansei Gakuin University,Japan,10.7–22.1,15.4,9.0,13.4,35.3,32.3,
2020,1001+,Kyoto Institute of Technology,Japan,10.7–22.1,21.5,15.9,10.3,41.3,22.1,
2020,1001+,Kyushu Institute of Technology (Kyutech),Japan,10.7–22.1,18.7,12.4,31.0,47.4,29.3,
2020,1001+,Latvia University of Life Sciences and Technologies,Latvia,10.7–22.1,17.4,17.6,5.2,36.9,16.6,
2020,1001+,University of León,Spain,10.7–22.1,17.9,11.2,25.4,36.7,43.4,
2020,1001+,University of Lethbridge,Canada,10.7–22.1,16.7,12.4,22.3,34.5,57.6,
2020,1001+,L.N. Gumilyov Eurasian National University,Kazakhstan,10.7–22.1,21.6,7.5,16.6,34.4,51.0,
2020,1001+,Lobachevsky State University of Nizhni Novgorod,Russian Federation,10.7–22.1,25.6,11.6,12.4,43.7,28.6,
2020,1001+,University of Lodz,Poland,10.7–22.1,17.1,10.3,13.4,34.7,24.4,
2020,1001+,Lodz University of Technology,Poland,10.7–22.1,16.3,11.1,18.0,37.8,23.0,
2020,1001+,London South Bank University,United Kingdom,10.7–22.1,15.4,10.4,18.1,34.8,75.3,
2020,1001+,Londrina State University,Brazil,10.7–22.1,21.4,13.3,16.3,34.4,18.7,
2020,1001+,Maharaja Sayajirao University of Baroda,India,10.7–22.1,14.1,9.3,17.2,34.9,14.4,
2020,1001+,Mahasarakham University,Thailand,10.7–22.1,18.5,8.0,11.0,35.5,26.1,
2020,1001+,Universiti Malaysia Sarawak (UNIMAS),Malaysia,10.7–22.1,17.8,8.5,10.2,34.7,39.5,
2020,1001+,Manipal Academy of Higher Education,India,10.7–22.1,24.1,11.6,9.3,40.3,31.5,
2020,1001+,University of Manouba,Tunisia,10.7–22.1,19.4,7.7,24.5,34.4,41.1,
2020,1001+,Marmara University,Turkey,10.7–22.1,21.3,8.9,19.4,34.6,22.9,
2020,1001+,University Cadi Ayyad of Marrakech,Morocco,10.7–22.1,18.0,8.5,22.7,35.4,41.1,
2020,1001+,Meiji University,Japan,10.7–22.1,17.7,8.6,11.3,35.6,25.9,
2020,1001+,Meijo University,Japan,10.7–22.1,15.6,10.0,11.6,35.5,26.2,
2020,1001+,Mendel University in Brno,Czechia,10.7–22.1,18.4,14.7,7.3,36.0,39.2,
2020,1001+,Menoufia University,Egypt,10.7–22.1,15.0,7.9,24.9,36.5,35.2,
2020,1001+,M’Hamed Bougara University of Boumerdès,Algeria,10.7–22.1,13.3,7.0,11.1,34.5,29.2,
2020,1001+,Universidad Michoacana de San Nicolás de Hidalgo,Mexico,10.7–22.1,13.4,10.2,11.3,35.4,29.8,
2020,1001+,Mie University,Japan,10.7–22.1,20.9,11.8,20.7,43.7,20.5,
2020,1001+,Ming Chuan University,Taiwan,10.7–22.1,13.6,11.1,10.3,35.0,30.4,
2020,1001+,Minia University,Egypt,10.7–22.1,15.5,7.2,23.5,34.5,45.0,
2020,1001+,MIREA - Russian Technological University,Russian Federation,10.7–22.1,15.1,9.6,4.3,58.4,17.5,
2020,1001+,University of Miyazaki,Japan,10.7–22.1,20.5,9.9,21.1,36.3,23.1,
2020,1001+,Mohammed V University of Rabat,Morocco,10.7–22.1,28.2,9.9,16.7,41.6,27.8,
2020,1001+,University of Monastir,Tunisia,10.7–22.1,20.5,8.9,12.5,34.4,43.2,
2020,1001+,University of Montenegro,Montenegro,10.7–22.1,12.6,9.7,15.2,34.8,43.8,
2020,1001+,Moscow Aviation Institute,Russian Federation,10.7–22.1,24.1,11.7,3.0,64.6,23.5,
2020,1001+,Moscow Power Engineering Institute,Russian Federation,10.7–22.1,18.7,10.7,5.8,56.5,27.4,
2020,1001+,Multimedia University,Malaysia,10.7–22.1,16.5,9.6,11.4,37.4,37.1,
2020,1001+,University of Mumbai,India,10.7–22.1,31.1,10.2,17.2,35.0,17.6,
2020,1001+,University of Mysore,India,10.7–22.1,31.3,8.2,8.4,34.8,30.6,
2020,1001+,Nagaoka University of Technology,Japan,10.7–22.1,24.7,14.6,11.7,41.7,32.8,
2020,1001+,Nagasaki University,Japan,10.7–22.1,25.9,14.4,23.3,39.0,27.8,
2020,1001+,Nagoya City University,Japan,10.7–22.1,23.2,14.0,27.7,45.5,19.4,
2020,1001+,Nagoya Institute of Technology,Japan,10.7–22.1,18.8,19.4,12.8,49.0,22.7,
2020,1001+,Nanjing University of Aeronautics and Astronautics,China,10.7–22.1,20.8,21.1,19.8,65.5,18.4,
2020,1001+,Nara Medical University,Japan,10.7–22.1,24.8,11.0,21.2,39.3,15.3,
2020,1001+,Naresuan University,Thailand,10.7–22.1,16.7,7.8,12.6,34.9,35.9,
2020,1001+,National Changhua University of Education,Taiwan,10.7–22.1,20.3,18.6,12.1,37.4,24.3,
2020,1001+,National Chiayi University,Taiwan,10.7–22.1,14.8,12.1,8.2,65.6,18.0,
2020,1001+,National Chin-Yi University of Technology,Taiwan,10.7–22.1,14.0,19.4,4.4,44.7,16.9,
2020,1001+,National Chung Cheng University,Taiwan,10.7–22.1,19.1,18.3,13.7,41.3,21.2,
2020,1001+,National Chung Hsing University,Taiwan,10.7–22.1,20.8,16.5,19.0,47.1,24.2,
2020,1001+,National University of Colombia,Colombia,10.7–22.1,19.0,14.5,26.1,35.4,35.7,
2020,1001+,National University of Córdoba,Argentina,10.7–22.1,20.6,9.2,21.2,35.1,34.3,
2020,1001+,National University of Cuyo,Argentina,10.7–22.1,18.0,7.1,25.7,34.4,37.2,
2020,1001+,National University of Kaohsiung,Taiwan,10.7–22.1,13.6,16.1,6.1,38.6,25.5,
2020,1001+,National Research Saratov State University,Russian Federation,10.7–22.1,20.7,11.7,25.7,38.1,29.7,
2020,1001+,National University of San Martín,Argentina,10.7–22.1,16.5,8.8,31.9,35.0,39.1,
2020,1001+,National University of the South,Argentina,10.7–22.1,16.4,7.4,7.7,35.8,25.9,
2020,1001+,National Taipei University,Taiwan,10.7–22.1,19.5,14.9,25.3,35.8,25.1,
2020,1001+,National Taiwan Ocean University,Taiwan,10.7–22.1,18.5,21.5,17.1,52.8,29.9,
2020,1001+,National Technical University Kharkiv Polytechnic Institute,Ukraine,10.7–22.1,19.6,7.8,5.4,34.9,27.5,
2020,1001+,National Yunlin University of Science and Technology,Taiwan,10.7–22.1,17.2,26.4,7.3,89.9,18.7,
2020,1001+,Nicolaus Copernicus University in Toruń,Poland,10.7–22.1,18.8,10.5,22.3,35.4,25.9,
2020,1001+,University of Nigeria Nsukka,Nigeria,10.7–22.1,23.0,8.6,18.6,35.2,23.8,
2020,1001+,Slovak University of Agriculture in Nitra,Slovakia,10.7–22.1,17.7,8.4,9.7,36.2,37.5,
2020,1001+,University of North Carolina Wilmington,United States,10.7–22.1,15.9,7.7,23.3,35.1,26.5,
2020,1001+,North China Electric Power University,China,10.7–22.1,17.3,11.9,28.5,55.9,16.6,
2020,1001+,"University of the North, Colombia",Colombia,10.7–22.1,15.0,10.9,11.5,36.7,51.4,
2020,1001+,University of North Florida,United States,10.7–22.1,24.8,10.5,25.7,34.6,24.0,
2020,1001+,Novosibirsk State Technical University,Russian Federation,10.7–22.1,20.5,12.6,14.9,38.2,34.6,
2020,1001+,Oakland University,United States,10.7–22.1,25.5,12.7,24.5,35.3,28.9,
2020,1001+,Ocean University of China,China,10.7–22.1,20.3,15.6,26.1,44.7,23.0,
2020,1001+,Ochanomizu University,Japan,10.7–22.1,23.3,12.7,13.0,37.8,23.9,
2020,1001+,Oita University,Japan,10.7–22.1,19.4,9.2,20.4,37.5,17.9,
2020,1001+,Ondokuz Mayis University,Turkey,10.7–22.1,15.5,8.9,6.7,38.4,22.1,
2020,1001+,Osaka Medical College,Japan,10.7–22.1,27.2,10.3,12.4,36.5,15.4,
2020,1001+,Osaka Prefecture University,Japan,10.7–22.1,22.4,13.5,20.2,41.5,22.4,
2020,1001+,University of Ostrava,Czechia,10.7–22.1,16.7,13.5,29.2,34.5,40.4,
2020,1001+,University of Pardubice,Czechia,10.7–22.1,17.8,15.4,10.3,35.5,28.2,
2020,1001+,Paris Nanterre University,France,10.7–22.1,23.8,16.8,13.9,34.7,50.9,
2020,1001+,Perm National Research Polytechnic University,Russian Federation,10.7–22.1,19.3,10.5,2.1,54.9,20.3,
2020,1001+,Perm State University,Russian Federation,10.7–22.1,18.1,9.7,3.3,37.9,18.5,
2020,1001+,University of Peshawar,Pakistan,10.7–22.1,25.2,10.7,15.0,34.4,34.2,
2020,1001+,Pirogov Russian National Research Medical University,Russian Federation,10.7–22.1,23.2,9.5,3.5,37.9,21.0,
2020,1001+,PMAS Arid Agriculture University Rawalpindi,Pakistan,10.7–22.1,13.9,8.8,19.1,34.4,34.7,
2020,1001+,Polytechnic University of Bucharest,Romania,10.7–22.1,16.8,10.0,12.9,34.4,21.4,
2020,1001+,Polytechnic University of Timişoara,Romania,10.7–22.1,14.2,8.2,17.1,35.5,20.0,
2020,1001+,Pontifical Catholic University of Minas Gerais,Brazil,10.7–22.1,15.3,7.7,6.7,35.1,19.4,
2020,1001+,Pontifical Catholic University of Valparaíso,Chile,10.7–22.1,17.3,15.9,16.0,50.0,48.6,
2020,1001+,Universidad Pontificia Bolivariana (UPB),Colombia,10.7–22.1,17.5,8.9,7.8,34.7,35.2,
2020,1001+,Pontifícia Universidade Católica do Paraná,Brazil,10.7–22.1,17.4,10.2,23.7,35.9,27.1,
2020,1001+,Prince of Songkla University,Thailand,10.7–22.1,18.1,10.1,17.6,35.4,32.6,
2020,1001+,PSG College of Technology,India,10.7–22.1,19.8,9.5,12.8,34.9,13.6,
2020,1001+,Riga Technical University,Latvia,10.7–22.1,19.5,17.5,20.1,55.5,43.0,
2020,1001+,Ritsumeikan University,Japan,10.7–22.1,19.1,13.2,16.6,36.8,33.6,
2020,1001+,Robert Gordon University,United Kingdom,10.7–22.1,16.8,11.3,23.3,35.2,75.0,
2020,1001+,University of the Ryukyus,Japan,10.7–22.1,19.2,11.8,15.1,45.2,26.7,
2020,1001+,Saga University,Japan,10.7–22.1,21.5,12.4,18.8,47.6,22.9,
2020,1001+,Saitama University,Japan,10.7–22.1,19.1,13.0,22.8,36.4,31.7,
2020,1001+,Saitama Medical University,Japan,10.7–22.1,23.6,9.6,28.0,38.1,15.1,
2020,1001+,Samara National Research University (Samara University),Russian Federation,10.7–22.1,18.3,12.4,31.0,46.6,30.2,
2020,1001+,"University of Santiago, Chile (USACH)",Chile,10.7–22.1,16.2,14.2,12.1,38.1,45.6,
2020,1001+,University of Sargodha,Pakistan,10.7–22.1,11.7,8.3,10.5,34.4,39.5,
2020,1001+,SASTRA University,India,10.7–22.1,17.0,11.9,31.9,34.9,14.0,
2020,1001+,Sathyabama Institute of Science and Technology,India,10.7–22.1,18.3,9.0,10.2,35.0,15.8,
2020,1001+,University of Sciences and Technology Houari Boumediene,Algeria,10.7–22.1,16.1,7.5,8.1,34.9,35.6,
2020,1001+,University of Science and Technology of Oran Mohamed-Boudiaf,Algeria,10.7–22.1,18.9,7.1,7.1,34.8,38.3,
2020,1001+,Sechenov University,Russian Federation,10.7–22.1,24.5,10.0,2.6,37.8,36.7,
2020,1001+,Selçuk University,Turkey,10.7–22.1,15.5,8.5,17.7,34.7,19.8,
2020,1001+,Semnan University,Iran,10.7–22.1,16.9,9.9,39.3,34.4,16.5,
2020,1001+,Seoul National University of Science and Technology (SeoulTech),South Korea,10.7–22.1,17.7,13.5,15.7,39.4,21.5,
2020,1001+,University of Sfax,Tunisia,10.7–22.1,28.9,10.4,17.3,34.4,39.7,
2020,1001+,Shahed University,Iran,10.7–22.1,19.3,11.6,10.6,37.2,14.5,
2020,1001+,Shahid Bahonar University of Kerman,Iran,10.7–22.1,17.8,13.7,15.1,41.6,15.1,
2020,1001+,​Shahid Chamran University of Ahvaz,Iran,10.7–22.1,27.2,18.4,16.2,66.2,16.3,
2020,1001+,Shahrekord University,Iran,10.7–22.1,15.6,11.1,35.5,34.8,15.6,
2020,1001+,Shahrood University of Technology,Iran,10.7–22.1,17.7,13.8,27.8,35.9,18.2,
2020,1001+,Shibaura Institute of Technology,Japan,10.7–22.1,16.4,12.5,10.0,41.3,39.3,
2020,1001+,Shiga University of Medical Science,Japan,10.7–22.1,25.5,10.2,27.2,42.3,20.0,
2020,1001+,Shimane University,Japan,10.7–22.1,21.5,11.2,14.8,37.8,20.7,
2020,1001+,Shinshu University,Japan,10.7–22.1,21.5,14.4,27.9,40.8,24.5,
2020,1001+,Shiraz University of Medical Sciences,Iran,10.7–22.1,16.2,10.7,20.7,35.1,16.5,
2020,1001+,Shizuoka University,Japan,10.7–22.1,17.7,13.4,14.7,38.9,27.6,
2020,1001+,University of Shizuoka,Japan,10.7–22.1,20.9,11.9,13.5,38.1,20.3,
2020,1001+,Showa University,Japan,10.7–22.1,30.3,8.7,20.0,36.4,16.6,
2020,1001+,Siberian Federal University,Russian Federation,10.7–22.1,18.1,12.8,6.8,60.5,29.0,
2020,1001+,Siksha ‘O’ Anusandhan,India,10.7–22.1,19.1,7.9,19.9,34.7,13.1,
2020,1001+,University of Silesia in Katowice,Poland,10.7–22.1,18.1,8.8,18.9,34.5,26.0,
2020,1001+,Silesian University of Technology,Poland,10.7–22.1,16.4,9.3,31.7,36.9,16.0,
2020,1001+,Silpakorn University,Thailand,10.7–22.1,15.5,8.3,13.6,39.9,27.5,
2020,1001+,Simón Bolívar University,Venezuela,10.7–22.1,16.9,9.9,13.8,61.1,45.9,
2020,1001+,Slovak University of Technology in Bratislava,Slovakia,10.7–22.1,22.5,12.4,9.8,37.1,27.8,
2020,1001+,Sofia University,Bulgaria,10.7–22.1,20.7,9.6,14.2,35.3,43.7,
2020,1001+,Sohag University,Egypt,10.7–22.1,13.8,7.4,35.3,34.7,43.5,
2020,1001+,University of Sonora,Mexico,10.7–22.1,13.9,7.4,9.2,34.5,28.2,
2020,1001+,Soongsil University,South Korea,10.7–22.1,20.8,10.7,15.2,36.1,25.7,
2020,1001+,Sophia University,Japan,10.7–22.1,21.6,11.6,14.3,36.0,40.3,
2020,1001+,University of Sousse,Tunisia,10.7–22.1,22.7,7.8,13.6,34.4,36.1,
2020,1001+,University of South Africa,South Africa,10.7–22.1,22.1,19.1,15.0,35.2,43.7,
2020,1001+,University of South China,China,10.7–22.1,19.2,9.7,10.9,38.3,14.7,
2020,1001+,Southern Federal University,Russian Federation,10.7–22.1,20.4,10.0,20.4,41.9,27.1,
2020,1001+,Southern Medical University,China,10.7–22.1,27.2,12.2,24.9,39.5,23.5,
2020,1001+,South Ural State University,Russian Federation,10.7–22.1,16.1,10.5,20.7,39.5,20.0,
2020,1001+,South Valley University  (Egypt),Egypt,10.7–22.1,12.8,7.9,37.8,34.6,45.7,
2020,1001+,University of South Wales,United Kingdom,10.7–22.1,16.2,9.2,27.9,34.9,64.0,
2020,1001+,Southwest Jiaotong University,China,10.7–22.1,17.9,16.6,20.8,81.0,24.3,
2020,1001+,Srinakharinwirot University,Thailand,10.7–22.1,19.9,8.4,12.6,40.6,20.9,
2020,1001+,SRM Institute of Science and Technology,India,10.7–22.1,16.9,8.2,18.1,34.6,18.1,
2020,1001+,State University of Ponta Grossa,Brazil,10.7–22.1,17.6,8.5,26.5,34.4,18.4,
2020,1001+,Universidade Estadual de Santa Cruz,Brazil,10.7–22.1,27.4,7.6,8.5,35.7,23.4,
2020,1001+,St Petersburg Electrotechnical University (LETI),Russian Federation,10.7–22.1,19.8,13.0,20.5,54.7,32.6,
2020,1001+,Süleyman Demirel University,Turkey,10.7–22.1,11.2,8.4,11.5,34.5,17.6,
2020,1001+,Sumy State University,Ukraine,10.7–22.1,19.8,10.0,13.3,37.8,39.8,
2020,1001+,Suranaree University of Technology,Thailand,10.7–22.1,19.7,12.3,27.0,44.5,32.1,
2020,1001+,SWPS University,Poland,10.7–22.1,15.1,12.3,21.0,34.5,51.8,
2020,1001+,Szent István University,Hungary,10.7–22.1,16.5,10.5,17.8,35.4,40.1,
2020,1001+,University of Talca,Chile,10.7–22.1,15.3,11.2,27.5,44.7,49.5,
2020,1001+,Tamil Nadu Agricultural University,India,10.7–22.1,23.5,8.9,2.7,40.5,14.8,
2020,1001+,Tamkang University,Taiwan,10.7–22.1,16.4,13.0,12.8,35.9,30.2,
2020,1001+,University of Tarapacá,Chile,10.7–22.1,12.7,13.7,10.8,34.4,50.2,
2020,1001+,Taras Shevchenko National University of Kyiv,Ukraine,10.7–22.1,23.5,9.8,8.3,35.0,31.5,
2020,1001+,Technical University of Cluj-Napoca,Romania,10.7–22.1,15.2,9.9,16.9,35.2,21.5,
2020,1001+,Technical University of Košice,Slovakia,10.7–22.1,20.8,12.5,10.2,44.0,27.6,
2020,1001+,Technical University of Liberec,Czechia,10.7–22.1,19.8,11.9,5.9,40.5,38.8,
2020,1001+,"University of Technology, Iraq",Iraq,10.7–22.1,20.5,6.9,20.3,34.6,37.5,
2020,1001+,Universidade Tecnológica Federal do Paraná (UTFPR),Brazil,10.7–22.1,15.4,9.2,8.6,37.3,19.3,
2020,1001+,Universiti Teknologi MARA,Malaysia,10.7–22.1,18.1,12.8,10.9,34.7,18.3,
2020,1001+,Institut Teknologi Sepuluh Nopember,Indonesia,10.7–22.1,19.6,11.1,23.4,62.6,34.7,
2020,1001+,Texas State University,United States,10.7–22.1,17.4,14.3,27.3,36.4,30.4,
2020,1001+,Thammasat University,Thailand,10.7–22.1,18.6,11.7,11.7,38.9,34.4,
2020,1001+,TOBB University of Economics and Technology,Turkey,10.7–22.1,15.7,11.1,23.4,35.3,24.9,
2020,1001+,Toho University,Japan,10.7–22.1,21.7,13.5,25.8,39.1,17.3,
2020,1001+,Tokai University,Japan,10.7–22.1,18.9,9.7,20.8,36.8,23.4,
2020,1001+,Tokat Gaziosmanpaşa University,Turkey,10.7–22.1,13.1,7.7,17.8,34.6,16.6,
2020,1001+,Tokushima University,Japan,10.7–22.1,26.5,19.1,15.0,55.1,22.6,
2020,1001+,Tokyo University of Agriculture,Japan,10.7–22.1,16.0,9.8,10.5,36.4,19.1,
2020,1001+,Tokyo City University,Japan,10.7–22.1,16.7,10.3,6.8,41.6,19.0,
2020,1001+,Tokyo Denki University,Japan,10.7–22.1,15.2,9.3,3.4,39.6,17.7,
2020,1001+,Tokyo University of Marine Science and Technology,Japan,10.7–22.1,24.3,13.9,10.4,47.7,33.3,
2020,1001+,Tomas Bata University in Zlín,Czechia,10.7–22.1,18.7,17.4,12.6,37.2,42.0,
2020,1001+,Tottori University,Japan,10.7–22.1,21.6,10.8,12.4,37.3,19.9,
2020,1001+,University of Toyama,Japan,10.7–22.1,21.1,13.0,20.3,44.4,27.3,
2020,1001+,Toyo University,Japan,10.7–22.1,15.0,8.7,6.6,35.3,30.8,
2020,1001+,Toyohashi University of Technology (TUT),Japan,10.7–22.1,21.9,16.7,16.3,51.1,26.0,
2020,1001+,Tribhuvan University,Nepal,10.7–22.1,11.4,6.9,30.8,34.4,45.8,
2020,1001+,Tunghai University,Taiwan,10.7–22.1,15.0,12.6,10.6,37.7,34.6,
2020,1001+,University of Tunis El Manar,Tunisia,10.7–22.1,25.6,9.9,18.3,34.5,40.8,
2020,1001+,Tzu Chi University,Taiwan,10.7–22.1,20.0,14.1,15.1,39.1,20.3,
2020,1001+,Ufa State Aviation Technical University,Russian Federation,10.7–22.1,20.7,7.6,10.5,34.5,19.0,
2020,1001+,Unisinos University,Brazil,10.7–22.1,18.4,10.0,21.5,46.3,19.7,
2020,1001+,Ural Federal University,Russian Federation,10.7–22.1,23.8,17.0,12.5,51.1,44.6,
2020,1001+,Urmia University,Iran,10.7–22.1,20.0,12.9,18.3,38.1,14.9,
2020,1001+,Utsunomiya University,Japan,10.7–22.1,18.0,10.3,6.0,36.6,22.8,
2020,1001+,University of Valladolid,Spain,10.7–22.1,21.7,11.8,23.1,38.1,37.7,
2020,1001+,University of Valparaíso,Chile,10.7–22.1,16.7,9.7,18.4,34.5,48.7,
2020,1001+,"University of Veterinary and Animal Sciences, Lahore",Pakistan,10.7–22.1,14.5,10.3,8.5,42.2,36.5,
2020,1001+,Vietnam National University (Ho Chi Minh City),Vietnam,10.7–22.1,14.1,8.7,16.0,42.8,40.3,
2020,1001+,Vilnius Gediminas Technical University (Vilnius Tech),Lithuania,10.7–22.1,16.2,12.4,31.7,40.7,39.6,
2020,1001+,V.N. Karazin Kharkiv National University,Ukraine,10.7–22.1,20.6,9.3,9.0,34.6,49.9,
2020,1001+,Volgograd State Technical University,Russian Federation,10.7–22.1,15.1,9.2,21.9,43.2,19.4,
2020,1001+,Voronezh State University,Russian Federation,10.7–22.1,21.1,8.7,4.2,35.3,25.9,
2020,1001+,VSB - Technical University of Ostrava,Czechia,10.7–22.1,18.6,13.2,10.1,41.4,38.9,
2020,1001+,Warsaw University of Technology,Poland,10.7–22.1,19.2,11.8,30.7,39.8,25.1,
2020,1001+,Wenzhou Medical University,China,10.7–22.1,16.7,12.7,28.0,37.7,24.2,
2020,1001+,University of West Bohemia,Czechia,10.7–22.1,18.1,15.7,16.7,39.1,29.8,
2020,1001+,West University of Timişoara,Romania,10.7–22.1,17.9,9.2,11.9,35.5,28.0,
2020,1001+,Wrocław University of Science and Technology,Poland,10.7–22.1,16.6,10.8,21.3,38.9,21.0,
2020,1001+,Yamagata University,Japan,10.7–22.1,21.8,12.2,17.7,50.6,22.3,
2020,1001+,Yamaguchi University,Japan,10.7–22.1,20.8,12.5,14.9,42.3,25.2,
2020,1001+,University of Yamanashi,Japan,10.7–22.1,24.0,10.7,25.6,36.8,21.6,
2020,1001+,Yanshan University,China,10.7–22.1,17.5,11.2,14.9,50.6,15.9,
2020,1001+,Yarmouk University,Jordan,10.7–22.1,19.4,8.3,7.1,35.6,48.7,
2020,1001+,Yazd University,Iran,10.7–22.1,16.6,14.4,16.1,36.9,16.6,
2020,1001+,Yeditepe University,Turkey,10.7–22.1,18.8,12.2,11.9,68.0,19.6,
2020,1001+,Yildiz Technical University,Turkey,10.7–22.1,15.4,12.9,23.0,45.6,21.1,
2020,1001+,Yokohama National University,Japan,10.7–22.1,22.7,16.5,16.2,49.1,26.7,
2020,1001+,Yuan Ze University,Taiwan,10.7–22.1,17.3,13.9,15.5,47.0,28.3,
2020,1001+,Zagazig University,Egypt,10.7–22.1,13.6,7.7,29.6,34.4,38.8,
2020,1001+,University of Zagreb,Croatia,10.7–22.1,17.8,12.9,25.3,37.4,33.0,
2020,1001+,University of Zanjan,Iran,10.7–22.1,17.0,12.3,28.5,43.8,18.7,
2020,1001+,Zhejiang University of Technology,China,10.7–22.1,16.7,14.2,32.3,51.4,24.4,
