university_id,university_name,year,world_rank,national_rank,overall_score,country,region,city,university_type,Academic Reputation Score,Employer Reputation Score,citations_score,publications_count,Citations_Count,Citations per Faculty Score,research_output_score,research_productivity_index,subject_field,total_students,international_students_count,faculty_count,faculty_to_student_ratio,gender_ratio,female_percentage,male_percentage,degree_level,Enrollment,country_avg_rank,universities_ranked_count,best_university_rank,country_avg_overall_score,country_avg_academic_reputation,country_avg_citations,country_avg_international_ratio,Teaching,Research Environment,Research Quality,international_student_percentage,global_ranking_score,research_impact_score,academic_reputation_score
U0001,University of Cambridge,2024,4.0,1.0,99.2,United Kingdom,Europe,Cambridge,Public,100.0,100.0,94.0,12.0,19.0,92.3,100.0,50.6,"Business & Management,General Engineering,Art, Performing Arts & Design,Chemical Engineering,Archaeology,Education,Chemistry,Architecture,Other Health,Veterinary Science,Sociology,Medicine & Dentistry,Mechanical & Aerospace Engineering,Psychology,Languages, Literature & Linguistics,Electrical & Electronic Engineering,Geography,Accounting & Finance,Biological Sciences,Computer Science,Politics & International Studies (incl Development Studies),Economics & Econometrics,Law,Geology, Environmental, Earth & Marine Sciences,History, Philosophy & Theology,Civil Engineering,Physics & Astronomy,Mathematics & Statistics",20565.0,38%,"5,800",0.282,48:52:00,48.0,52.0,Undergraduate & Postgraduate,20980.0,455.4347826086956,69,1.0,50.81734057971014,25.96666666666667,388.05,48.5,95.8,100.0,98.0,38,99.7,95.72,100.0
U0002,University of Oxford,2024,5.0,2.0,98.9,United Kingdom,Europe,Oxford,Public,100.0,100.0,95.1,9.0,4.0,90.6,100.0,50.45,"Accounting & Finance,General Engineering,Communication & Media Studies,Biological Sciences,Art, Performing Arts & Design,Other Health,Mathematics & Statistics,Education,Civil Engineering,Medicine & Dentistry,Politics & International Studies (incl Development Studies),Languages, Literature & Linguistics,Electrical & Electronic Engineering,Physics & Astronomy,Economics & Econometrics,Law,Sociology,Business & Management,Mechanical & Aerospace Engineering,Geography,History, Philosophy & Theology,Computer Science,Chemistry,Chemical Engineering,Psychology,Archaeology,Geology, Environmental, Earth & Marine Sciences",21750.0,42%,"6,708",0.3084,49:51:00,49.0,51.0,Undergraduate & Postgraduate,22095.0,455.4347826086956,69,1.0,50.81734057971014,25.96666666666667,388.05,48.5,96.6,100.0,99.0,42,99.6,95.26,100.0
U0003,Harvard University,2024,1.0,1.0,98.3,United States,North America,Cambridge,Private,100.0,100.0,98.8,1.0,1.0,100.0,100.0,50.05,"Mathematics & Statistics,Civil Engineering,Languages, Literature & Linguistics,Art, Performing Arts & Design,Business & Management,General Engineering,Geography,Archaeology,Geology, Environmental, Earth & Marine Sciences,Computer Science,Chemistry,Sociology,Mechanical & Aerospace Engineering,Accounting & Finance,Other Health,Electrical & Electronic Engineering,Politics & International Studies (incl Development Studies),Agriculture & Forestry,Psychology,Economics & Econometrics,Communication & Media Studies,Biological Sciences,Architecture,Medicine & Dentistry,Law,Physics & Astronomy,Education,History, Philosophy & Theology",20050.0,25%,"4,646",0.2317,51:49:00,51.0,49.0,Undergraduate & Postgraduate,22584.0,362.265306122449,98,2.0,56.84324489795918,31.06530612244898,265.6666666666667,23.5,97.7,99.9,99.4,25,100.0,99.76,100.0
U0004,Stanford University,2024,2.0,2.0,98.1,United States,North America,Stanford,Private,100.0,100.0,99.2,10.0,2.0,99.9,100.0,50.5,"Physics & Astronomy,Computer Science,Politics & International Studies (incl Development Studies),Art, Performing Arts & Design,Geology, Environmental, Earth & Marine Sciences,Agriculture & Forestry,Medicine & Dentistry,Education,Communication & Media Studies,Chemistry,Mechanical & Aerospace Engineering,Languages, Literature & Linguistics,History, Philosophy & Theology,Psychology,Mathematics & Statistics,Biological Sciences,Sociology,Law,Accounting & Finance,Business & Management,Archaeology,General Engineering,Civil Engineering,Chemical Engineering,Other Health,Economics & Econometrics,Electrical & Electronic Engineering,Veterinary Science",14517.0,23%,"4,725",0.3255,47:53:00,47.0,53.0,Undergraduate & Postgraduate,16963.0,362.265306122449,98,2.0,56.84324489795918,31.06530612244898,265.6666666666667,23.5,99.0,97.8,99.6,23,99.9,99.8,100.0
U0005,Imperial College London,2024,30.0,4.0,97.8,United Kingdom,Europe,London,Public,98.3,99.4,88.3,21.0,29.0,94.0,100.0,51.05,"Mechanical & Aerospace Engineering,General Engineering,Mathematics & Statistics,Medicine & Dentistry,Chemical Engineering,Physics & Astronomy,Geology, Environmental, Earth & Marine Sciences,Computer Science,Chemistry,Civil Engineering,Other Health,Electrical & Electronic Engineering,Biological Sciences",20275.0,61%,"8,000",0.3946,42:58:00,42.0,58.0,Undergraduate & Postgraduate,21000.0,455.4347826086956,69,1.0,50.81734057971014,25.96666666666667,388.05,48.5,90.9,95.5,98.6,61,97.09,95.26,98.3
U0006,UCL,2024,999.0,999.0,92.4,United Kingdom,Europe,London,Public,99.5,97.9,80.6,,0.0,74.3,100.0,50.0,"Archaeology,Chemical Engineering,Geology, Environmental, Earth & Marine Sciences,History, Philosophy & Theology,Civil Engineering,Physics & Astronomy,Education,Psychology,Computer Science,Mathematics & Statistics,Architecture,Chemistry,Medicine & Dentistry,General Engineering,Economics & Econometrics,Law,Geography,Business & Management,Mechanical & Aerospace Engineering,Politics & International Studies (incl Development Studies),Art, Performing Arts & Design,Languages, Literature & Linguistics,Biological Sciences,Communication & Media Studies,Other Health,Electrical & Electronic Engineering,Sociology",41110.0,61%,"7,195",0.175,59:41:00,59.0,41.0,Undergraduate & Postgraduate,46830.0,455.4347826086956,69,1.0,50.81734057971014,25.96666666666667,388.05,48.5,78.4,86.4,98.6,61,0.0,85.84,99.5
U0007,University of Pennsylvania,2024,13.0,10.0,89.4,United States,North America,Philadelphia,Private,96.4,89.1,93.6,16.0,13.0,68.4,100.0,50.8,"Economics & Econometrics,Archaeology,Medicine & Dentistry,Geography,Accounting & Finance,Geology, Environmental, Earth & Marine Sciences,Law,Veterinary Science,Sociology,Biological Sciences,Psychology,Civil Engineering,Computer Science,Sport Science,Languages, Literature & Linguistics,Mathematics & Statistics,Communication & Media Studies,Agriculture & Forestry,Other Health,Business & Management,Mechanical & Aerospace Engineering,Politics & International Studies (incl Development Studies),Chemistry,Electrical & Electronic Engineering,Art, Performing Arts & Design,Chemical Engineering,Education,Architecture,Physics & Astronomy,General Engineering,History, Philosophy & Theology",21312.0,22%,"5,154",0.2418,54:46:00,54.0,46.0,Undergraduate & Postgraduate,22539.0,362.265306122449,98,2.0,56.84324489795918,31.06530612244898,265.6666666666667,23.5,87.7,89.7,97.6,22,98.8,86.08,96.4
U0008,Cornell University,2024,14.0,11.0,89.3,United States,North America,Ithaca,Private,98.1,90.5,88.1,31.0,40.0,99.1,100.0,51.55,"Other Health,Biological Sciences,Psychology,Economics & Econometrics,Mathematics & Statistics,Languages, Literature & Linguistics,Electrical & Electronic Engineering,History, Philosophy & Theology,Sociology,Physics & Astronomy,Computer Science,Chemistry,Archaeology,Veterinary Science,Politics & International Studies (incl Development Studies),General Engineering,Chemical Engineering,Law,Architecture,Civil Engineering,Geology, Environmental, Earth & Marine Sciences,Mechanical & Aerospace Engineering,Art, Performing Arts & Design,Agriculture & Forestry,Business & Management,Communication & Media Studies",23620.0,24%,"2,843",0.1204,51:49:00,51.0,49.0,Undergraduate & Postgraduate,25898.0,362.265306122449,98,2.0,56.84324489795918,31.06530612244898,265.6666666666667,23.5,85.7,88.7,97.6,24,98.69,97.26,98.1
U0009,Yale University,2024,11.0,9.0,87.7,United States,North America,New Haven,Private,99.9,99.9,91.5,37.0,31.0,45.8,100.0,51.85,"Economics & Econometrics,Medicine & Dentistry,Mathematics & Statistics,Politics & International Studies (incl Development Studies),Other Health,Accounting & Finance,Architecture,Law,Art, Performing Arts & Design,Mechanical & Aerospace Engineering,Agriculture & Forestry,History, Philosophy & Theology,General Engineering,Electrical & Electronic Engineering,Chemistry,Physics & Astronomy,Archaeology,Biological Sciences,Computer Science,Psychology,Business & Management,Chemical Engineering,Languages, Literature & Linguistics,Geology, Environmental, Earth & Marine Sciences,Sociology",11924.0,21%,"5,391",0.4521,51:49:00,51.0,49.0,Undergraduate & Postgraduate,14401.0,362.265306122449,98,2.0,56.84324489795918,31.06530612244898,265.6666666666667,23.5,94.0,94.9,97.7,21,99.0,76.62,99.9
U0010,Peking University,2024,92.0,1.0,87.0,China (Mainland),Asia,Beijing,Public,99.4,95.4,72.2,23.0,167.0,97.5,100.0,51.15,"Other Health,Physics & Astronomy,Business & Management,Psychology,Education,Biological Sciences,Medicine & Dentistry,Communication & Media Studies,Art, Performing Arts & Design,General Engineering,Chemistry,Languages, Literature & Linguistics,Mathematics & Statistics,Computer Science,Sociology,Archaeology,Accounting & Finance,Law,Geography,Economics & Econometrics,Mechanical & Aerospace Engineering,Politics & International Studies (incl Development Studies),History, Philosophy & Theology,Electrical & Electronic Engineering,Geology, Environmental, Earth & Marine Sciences",33064.0,14%,"5,302",0.1604,50:50,,,Undergraduate & Postgraduate,34981.0,328.4,35,12.0,56.53822857142857,28.66857142857143,574.8823529411765,12.0,95.6,97.3,87.2,14,90.86,93.44,99.4
U0011,Princeton University,2024,7.0,5.0,87.0,United States,North America,Princeton,Private,99.8,97.5,99.9,146.0,27.0,100.0,100.0,57.29,"Languages, Literature & Linguistics,Biological Sciences,Other Health,Psychology,Sociology,Mechanical & Aerospace Engineering,Computer Science,Politics & International Studies (incl Development Studies),Economics & Econometrics,Chemistry,Chemical Engineering,Mathematics & Statistics,History, Philosophy & Theology,Civil Engineering,Physics & Astronomy,Architecture,Agriculture & Forestry,General Engineering,Art, Performing Arts & Design,Electrical & Electronic Engineering,Geology, Environmental, Earth & Marine Sciences",7753.0,23%,"1,050",0.1354,47:53:00,47.0,53.0,Undergraduate & Postgraduate,8378.0,362.265306122449,98,2.0,56.84324489795918,31.06530612244898,265.6666666666667,23.5,96.3,97.9,98.8,23,99.4,99.98,99.8
U0012,The University of Sydney,2024,999.0,999.0,86.7,Australia,Oceania,Sydney,Public,96.0,87.7,64.3,,0.0,93.5,100.0,50.0,"History, Philosophy & Theology,Business & Management,Languages, Literature & Linguistics,Computer Science,Medicine & Dentistry,Archaeology,Chemistry,Chemical Engineering,Communication & Media Studies,Education,Sociology,Psychology,Agriculture & Forestry,Accounting & Finance,Sport Science,Art, Performing Arts & Design,Other Health,Veterinary Science,Physics & Astronomy,General Engineering,Law,Geography,Architecture,Geology, Environmental, Earth & Marine Sciences,Electrical & Electronic Engineering,Biological Sciences,Civil Engineering,Politics & International Studies (incl Development Studies),Economics & Econometrics,Mechanical & Aerospace Engineering,Mathematics & Statistics",57414.0,51%,"3,571",0.0622,58:42:00,58.0,42.0,Undergraduate & Postgraduate,-1.0,250.1428571428572,21,54.0,57.36819047619048,33.990476190476194,519.8125,,52.6,68.9,92.0,51,0.0,90.26,96.0
U0013,University of Toronto,2024,17.0,1.0,86.3,Canada,North America,Toronto,Public,99.7,96.0,82.2,2.0,7.0,57.2,100.0,50.1,"Politics & International Studies (incl Development Studies),Law,Education,Biological Sciences,Electrical & Electronic Engineering,Business & Management,Languages, Literature & Linguistics,General Engineering,Mathematics & Statistics,Accounting & Finance,Civil Engineering,Psychology,History, Philosophy & Theology,Mechanical & Aerospace Engineering,Geography,Economics & Econometrics,Chemistry,Communication & Media Studies,Archaeology,Medicine & Dentistry,Agriculture & Forestry,Geology, Environmental, Earth & Marine Sciences,Computer Science,Chemical Engineering,Sport Science,Sociology,Art, Performing Arts & Design,Physics & Astronomy,Other Health,Architecture",79282.0,27%,"9,881",0.1246,56:44:00,56.0,44.0,Undergraduate & Postgraduate,-1.0,315.2173913043478,23,21.0,55.883456521739134,32.3,294.85714285714283,,77.5,94.1,92.8,27,98.39,79.32,99.7
U0014,Columbia University,2024,8.0,6.0,85.9,United States,North America,New York City,Private,99.6,98.3,92.6,20.0,10.0,40.7,100.0,51.0,"Politics & International Studies (incl Development Studies),Economics & Econometrics,Communication & Media Studies,Civil Engineering,Geology, Environmental, Earth & Marine Sciences,Art, Performing Arts & Design,Mathematics & Statistics,Accounting & Finance,Agriculture & Forestry,Sport Science,Architecture,General Engineering,Chemical Engineering,Psychology,Law,Languages, Literature & Linguistics,Electrical & Electronic Engineering,History, Philosophy & Theology,Sociology,Computer Science,Chemistry,Archaeology,Other Health,Mechanical & Aerospace Engineering,Medicine & Dentistry,Biological Sciences,Physics & Astronomy,Business & Management",25914.0,35%,"7,087",0.2735,50:50,,,Undergraduate & Postgraduate,-1.0,362.265306122449,98,2.0,56.84324489795918,31.06530612244898,265.6666666666667,23.5,88.6,89.7,97.4,35,99.3,74.8,99.6
U0015,Tsinghua University,2024,98.0,2.0,84.9,China (Mainland),Asia,Beijing,Public,99.1,96.9,52.7,22.0,108.0,98.9,100.0,51.1,"Economics & Econometrics,Languages, Literature & Linguistics,Art, Performing Arts & Design,Geography,Education,Other Health,Communication & Media Studies,Sociology,Accounting & Finance,Architecture,Chemistry,Chemical Engineering,History, Philosophy & Theology,Physics & Astronomy,Mechanical & Aerospace Engineering,General Engineering,Business & Management,Medicine & Dentistry,Civil Engineering,Psychology,Electrical & Electronic Engineering,Mathematics & Statistics,Geology, Environmental, Earth & Marine Sciences,Sport Science,Computer Science,Archaeology,Politics & International Studies (incl Development Studies),Law,Biological Sciences",38518.0,10%,"6,174",0.1603,50:50,,,Undergraduate & Postgraduate,38289.0,328.4,35,12.0,56.53822857142857,28.66857142857143,574.8823529411765,12.0,95.3,98.1,93.2,10,90.26,90.1,99.1
U0016,Johns Hopkins University,2024,16.0,13.0,84.5,United States,North America,Baltimore,Private,87.3,59.7,92.3,8.0,3.0,89.4,100.0,50.4,"Sociology,General Engineering,Politics & International Studies (incl Development Studies),Electrical & Electronic Engineering,Accounting & Finance,Archaeology,Psychology,Biological Sciences,Art, Performing Arts & Design,Business & Management,Civil Engineering,Geology, Environmental, Earth & Marine Sciences,Medicine & Dentistry,Economics & Econometrics,Chemical Engineering,Education,Languages, Literature & Linguistics,Chemistry,Other Health,Physics & Astronomy,Computer Science,Mathematics & Statistics,Mechanical & Aerospace Engineering,History, Philosophy & Theology",15772.0,28%,"4,855",0.3078,56:44:00,56.0,44.0,Undergraduate & Postgraduate,-1.0,362.265306122449,98,2.0,56.84324489795918,31.06530612244898,265.6666666666667,23.5,84.4,92.3,97.2,28,98.49,94.22,87.3
U0017,The University of Tokyo,2024,999.0,999.0,84.3,Japan,Asia,Tokyo,Public,100.0,99.8,58.1,,0.0,70.0,100.0,50.0,"Economics & Econometrics,Geology, Environmental, Earth & Marine Sciences,Accounting & Finance,Chemical Engineering,Computer Science,Communication & Media Studies,Archaeology,General Engineering,Geography,Business & Management,Civil Engineering,Sport Science,Mechanical & Aerospace Engineering,Other Health,Physics & Astronomy,Biological Sciences,Law,Mathematics & Statistics,Languages, Literature & Linguistics,Veterinary Science,Electrical & Electronic Engineering,Medicine & Dentistry,History, Philosophy & Theology,Education,Politics & International Studies (incl Development Studies),Art, Performing Arts & Design,Agriculture & Forestry,Sociology,Architecture,Chemistry,Psychology",26345.0,15%,"4,473",0.1698,50:50,,,Undergraduate & Postgraduate,-1.0,1011.972972972973,37,29.0,35.23782432432433,24.98108108108108,567.8518518518518,,93.9,94.2,67.8,15,0.0,79.62,100.0
U0018,McGill University,2024,37.0,2.0,83.7,Canada,North America,Montreal,Public,93.7,87.6,69.0,44.0,39.0,62.1,100.0,52.2,"Accounting & Finance,Education,Biological Sciences,Art, Performing Arts & Design,Archaeology,Law,Politics & International Studies (incl Development Studies),Other Health,Computer Science,Mathematics & Statistics,Architecture,Languages, Literature & Linguistics,Civil Engineering,Psychology,Business & Management,Chemistry,Mechanical & Aerospace Engineering,Geology, Environmental, Earth & Marine Sciences,Economics & Econometrics,Medicine & Dentistry,Sport Science,Sociology,History, Philosophy & Theology,Chemical Engineering,Agriculture & Forestry,Geography,General Engineering,Physics & Astronomy,Electrical & Electronic Engineering,Communication & Media Studies",30821.0,29%,"3,876",0.1258,61:39:00,61.0,39.0,Undergraduate & Postgraduate,-1.0,315.2173913043478,23,21.0,55.883456521739134,32.3,294.85714285714283,,62.3,72.3,88.8,29,96.39,78.64,93.7
U0019,University of Michigan-Ann Arbor,2024,999.0,999.0,81.7,United States,North America,Ann Arbor,Public,98.3,89.9,84.1,,0.0,56.2,100.0,50.0,"Chemistry,Architecture,Agriculture & Forestry,Languages, Literature & Linguistics,Psychology,Sociology,Law,Computer Science,Chemical Engineering,Other Health,Archaeology,Mathematics & Statistics,Politics & International Studies (incl Development Studies),History, Philosophy & Theology,Civil Engineering,Electrical & Electronic Engineering,Art, Performing Arts & Design,Mechanical & Aerospace Engineering,Physics & Astronomy,Economics & Econometrics,General Engineering,Medicine & Dentistry,Education,Accounting & Finance,Biological Sciences,Sport Science,Business & Management,Communication & Media Studies,Geology, Environmental, Earth & Marine Sciences",45783.0,16%,"7,132",0.1558,51:49:00,51.0,49.0,Undergraduate & Postgraduate,-1.0,362.265306122449,98,2.0,56.84324489795918,31.06530612244898,265.6666666666667,23.5,84.7,87.4,95.5,16,0.0,79.3,98.3
U0020,University of British Columbia,2024,38.0,3.0,81.5,Canada,North America,Vancouver,Public,98.2,93.5,80.3,25.0,24.0,57.0,100.0,51.25,"Psychology,Geography,Biological Sciences,General Engineering,Communication & Media Studies,Chemical Engineering,Mathematics & Statistics,Languages, Literature & Linguistics,Electrical & Electronic Engineering,Chemistry,Education,Civil Engineering,Other Health,Medicine & Dentistry,Accounting & Finance,Archaeology,Law,Geology, Environmental, Earth & Marine Sciences,Physics & Astronomy,Agriculture & Forestry,Economics & Econometrics,Politics & International Studies (incl Development Studies),Architecture,Art, Performing Arts & Design,Computer Science,Sport Science,Sociology,Mechanical & Aerospace Engineering,Business & Management,History, Philosophy & Theology",58987.0,34%,"6,201",0.1051,55:45:00,55.0,45.0,Undergraduate & Postgraduate,-1.0,315.2173913043478,23,21.0,55.883456521739134,32.3,294.85714285714283,,62.5,76.6,90.5,34,96.29,78.86,98.2
U0021,Technical University of Munich,2024,112.0,5.0,80.0,Germany,Europe,Munich,Public,83.9,98.2,71.2,106.0,139.0,59.6,100.0,55.29,"Chemical Engineering,Chemistry,Mechanical & Aerospace Engineering,Politics & International Studies (incl Development Studies),Other Health,Geology, Environmental, Earth & Marine Sciences,Medicine & Dentistry,Biological Sciences,Electrical & Electronic Engineering,Accounting & Finance,Business & Management,Civil Engineering,Physics & Astronomy,Computer Science,Mathematics & Statistics,Education,Sport Science,Architecture,General Engineering,Agriculture & Forestry,Sociology",35506.0,39%,"6,663",0.1877,37 : 63,37.0,63.0,Undergraduate & Postgraduate,-1.0,234.0,9,31.0,59.47188888888888,32.65555555555556,257.5,,69.8,85.1,90.0,39,88.86,78.08,83.9
U0022,Institut Polytechnique de Paris,2024,999.0,999.0,79.5,France,Europe,Palaiseau Cedex,Public,44.8,99.6,,,0.0,93.8,100.0,50.0,General,6073.0,42%,"1,057",0.174,25 : 75,25.0,75.0,Undergraduate & Postgraduate,-1.0,373.0,9,58.0,54.703833333333336,38.41111111111111,207.0,,71.0,61.6,70.8,42,0.0,88.57,44.8
U0023,Seoul National University,2024,60.0,1.0,78.5,South Korea,Asia,Seoul,Public,99.0,98.2,54.6,19.0,129.0,64.9,100.0,50.95,"Politics & International Studies (incl Development Studies),Biological Sciences,Geology, Environmental, Earth & Marine Sciences,Communication & Media Studies,Mechanical & Aerospace Engineering,Civil Engineering,Economics & Econometrics,Veterinary Science,Accounting & Finance,Other Health,Education,General Engineering,Agriculture & Forestry,Architecture,Archaeology,Mathematics & Statistics,Computer Science,Geography,Chemical Engineering,Physics & Astronomy,Business & Management,Sociology,Medicine & Dentistry,Art, Performing Arts & Design,Law,Electrical & Electronic Engineering,History, Philosophy & Theology,Languages, Literature & Linguistics,Psychology,Sport Science,Chemistry",28620.0,13%,"3,859",0.1348,50:50,,,Undergraduate & Postgraduate,-1.0,667.5,18,62.0,43.17502777777778,24.98333333333333,605.0,,74.2,75.3,74.6,13,94.08,76.88,99.0
U0024,Monash University,2024,124.0,6.0,78.2,Australia,Oceania,Melbourne,Public,88.4,75.2,60.5,56.0,101.0,88.4,100.0,52.8,"Economics & Econometrics,Sport Science,Art, Performing Arts & Design,Geography,Mechanical & Aerospace Engineering,History, Philosophy & Theology,Civil Engineering,Physics & Astronomy,Education,Communication & Media Studies,Architecture,Medicine & Dentistry,Law,Politics & International Studies (incl Development Studies),Other Health,Biological Sciences,Sociology,Accounting & Finance,Mathematics & Statistics,Electrical & Electronic Engineering,Business & Management,Chemical Engineering,Psychology,Archaeology,Computer Science,Chemistry,Languages, Literature & Linguistics,General Engineering,Geology, Environmental, Earth & Marine Sciences",58460.0,38%,"3,852",0.0659,56:44:00,56.0,44.0,Undergraduate & Postgraduate,-1.0,250.1428571428572,21,54.0,57.36819047619048,33.990476190476194,519.8125,,55.3,67.8,94.7,38,87.65,87.46,88.4
U0025,The University of Queensland,2024,999.0,999.0,78.1,Australia,Oceania,Brisbane City,Public,87.1,73.7,69.0,,0.0,87.0,100.0,50.0,"History, Philosophy & Theology,Civil Engineering,Veterinary Science,Sociology,Geology, Environmental, Earth & Marine Sciences,Mechanical & Aerospace Engineering,Architecture,Biological Sciences,Archaeology,Medicine & Dentistry,Sport Science,Accounting & Finance,General Engineering,Communication & Media Studies,Languages, Literature & Linguistics,Politics & International Studies (incl Development Studies),Computer Science,Mathematics & Statistics,Physics & Astronomy,Electrical & Electronic Engineering,Law,Other Health,Chemistry,Education,Chemical Engineering,Psychology,Economics & Econometrics,Geography,Agriculture & Forestry,Art, Performing Arts & Design,Business & Management",42847.0,42%,"3,513",0.082,55:45:00,55.0,45.0,Undergraduate & Postgraduate,-1.0,250.1428571428572,21,54.0,57.36819047619048,33.990476190476194,519.8125,,52.9,64.3,89.1,42,0.0,88.6,87.1
U0026,Zhejiang University,2024,157.0,4.0,77.8,China (Mainland),Asia,Hangzhou,Public,73.8,95.7,44.3,15.0,304.0,97.6,100.0,50.75,"Architecture,Other Health,Biological Sciences,Languages, Literature & Linguistics,Electrical & Electronic Engineering,Veterinary Science,Politics & International Studies (incl Development Studies),Mechanical & Aerospace Engineering,History, Philosophy & Theology,General Engineering,Sport Science,Geography,Art, Performing Arts & Design,Communication & Media Studies,Computer Science,Medicine & Dentistry,Physics & Astronomy,Law,Economics & Econometrics,Agriculture & Forestry,Psychology,Business & Management,Chemical Engineering,Mathematics & Statistics,Archaeology,Accounting & Finance,Education,Chemistry,Sociology,Civil Engineering,Geology, Environmental, Earth & Marine Sciences",48169.0,16%,"6,065",0.1259,50:50,,,Undergraduate & Postgraduate,-1.0,328.4,35,12.0,56.53822857142857,28.66857142857143,574.8823529411765,12.0,70.2,75.3,78.7,16,84.34,87.9,73.8
U0027,Kyoto University,2024,26.0,2.0,76.3,Japan,Asia,Kyoto,Public,98.7,99.1,46.3,29.0,101.0,49.3,100.0,51.45,"Biological Sciences,Art, Performing Arts & Design,Electrical & Electronic Engineering,Communication & Media Studies,Medicine & Dentistry,Archaeology,Chemistry,Agriculture & Forestry,Education,Other Health,Civil Engineering,Sociology,Accounting & Finance,Mathematics & Statistics,Geology, Environmental, Earth & Marine Sciences,Economics & Econometrics,History, Philosophy & Theology,Psychology,Law,Chemical Engineering,Languages, Literature & Linguistics,Mechanical & Aerospace Engineering,Computer Science,Geography,Architecture,Sport Science,General Engineering,Business & Management,Politics & International Studies (incl Development Studies),Physics & Astronomy",21817.0,11%,"3,911",0.1793,25 : 75,25.0,75.0,Undergraduate & Postgraduate,-1.0,1011.972972972973,37,29.0,35.23782432432433,24.98108108108108,567.8518518518518,,85.4,84.3,60.0,11,97.49,68.98,98.7
U0028,Delft University of Technology,2024,284.0,10.0,76.2,Netherlands,Europe,Delft,Public,73.0,79.0,29.0,224.0,363.0,84.9,100.0,61.19,"Computer Science,Agriculture & Forestry,History, Philosophy & Theology,Sport Science,Other Health,Geography,Chemical Engineering,Mathematics & Statistics,Geology, Environmental, Earth & Marine Sciences,Education,General Engineering,Communication & Media Studies,Business & Management,Civil Engineering,Politics & International Studies (incl Development Studies),Economics & Econometrics,Biological Sciences,Mechanical & Aerospace Engineering,Architecture,Physics & Astronomy,Electrical & Electronic Engineering,Chemistry,Art, Performing Arts & Design",21262.0,30%,"2,041",0.096,31 : 69,31.0,69.0,Undergraduate & Postgraduate,-1.0,116.22222222222224,9,48.0,67.17744444444445,47.4,271.0,,66.7,78.2,76.5,30,71.59,79.76,73.0
U0029,Northwestern University,2024,23.0,18.0,76.2,United States,North America,Evanston,Private,83.8,60.2,95.3,52.0,34.0,70.3,100.0,52.6,"Computer Science,Geography,Physics & Astronomy,Languages, Literature & Linguistics,Business & Management,Biological Sciences,Chemical Engineering,Geology, Environmental, Earth & Marine Sciences,Politics & International Studies (incl Development Studies),Accounting & Finance,Mathematics & Statistics,Civil Engineering,Sociology,Education,General Engineering,History, Philosophy & Theology,Architecture,Economics & Econometrics,Mechanical & Aerospace Engineering,Communication & Media Studies,Medicine & Dentistry,Law,Psychology,Art, Performing Arts & Design,Electrical & Electronic Engineering,Chemistry,Other Health",18894.0,18%,"3,652",0.1933,52:48:00,52.0,48.0,Undergraduate & Postgraduate,-1.0,362.265306122449,98,2.0,56.84324489795918,31.06530612244898,265.6666666666667,23.5,72.3,78.8,97.8,18,97.79,87.18,83.8
U0030,Northwestern University,2024,23.0,18.0,76.2,United States,North America,Evanston,Private,83.8,60.2,95.3,52.0,34.0,70.3,100.0,52.6,"Computer Science,Geography,Physics & Astronomy,Languages, Literature & Linguistics,Business & Management,Biological Sciences,Chemical Engineering,Geology, Environmental, Earth & Marine Sciences,Politics & International Studies (incl Development Studies),Accounting & Finance,Mathematics & Statistics,Civil Engineering,Sociology,Education,General Engineering,History, Philosophy & Theology,Architecture,Economics & Econometrics,Mechanical & Aerospace Engineering,Communication & Media Studies,Medicine & Dentistry,Law,Psychology,Art, Performing Arts & Design,Electrical & Electronic Engineering,Chemistry,Other Health",18894.0,18%,"3,652",0.1933,52:48:00,52.0,48.0,Undergraduate & Postgraduate,-1.0,362.265306122449,98,2.0,56.84324489795918,31.06530612244898,265.6666666666667,23.5,72.3,78.8,97.8,18,97.79,87.18,83.8
U0031,Fudan University,2024,170.0,5.0,74.4,China (Mainland),Asia,Shanghai,Public,84.7,89.8,42.9,54.0,275.0,72.4,100.0,52.7,"Mechanical & Aerospace Engineering,Chemical Engineering,Mathematics & Statistics,Psychology,Physics & Astronomy,Other Health,Geology, Environmental, Earth & Marine Sciences,Business & Management,Communication & Media Studies,Languages, Literature & Linguistics,Geography,Law,Medicine & Dentistry,Chemistry,Economics & Econometrics,General Engineering,Politics & International Studies (incl Development Studies),Archaeology,Electrical & Electronic Engineering,Biological Sciences,History, Philosophy & Theology,Education,Art, Performing Arts & Design,Computer Science,Sociology,Accounting & Finance,Agriculture & Forestry",38101.0,9%,"4,526",0.1188,52:48:00,52.0,48.0,Undergraduate & Postgraduate,-1.0,328.4,35,12.0,56.53822857142857,28.66857142857143,574.8823529411765,12.0,76.5,75.3,83.5,9,83.03,77.54,84.7
U0032,Shanghai Jiao Tong University,2024,136.0,3.0,74.3,China (Mainland),Asia,Shanghai,Public,83.7,83.3,19.1,17.0,167.0,99.4,100.0,50.85,"Medicine & Dentistry,Veterinary Science,Politics & International Studies (incl Development Studies),Art, Performing Arts & Design,Civil Engineering,Communication & Media Studies,Electrical & Electronic Engineering,Physics & Astronomy,Computer Science,Chemistry,History, Philosophy & Theology,Education,Biological Sciences,Architecture,Chemical Engineering,Agriculture & Forestry,Sociology,Economics & Econometrics,Mechanical & Aerospace Engineering,Mathematics & Statistics,Languages, Literature & Linguistics,Other Health,Sport Science,Accounting & Finance,General Engineering,Psychology,Business & Management,Law,Geology, Environmental, Earth & Marine Sciences",38472.0,9%,"4,386",0.114,37 : 63,37.0,63.0,Undergraduate & Postgraduate,-1.0,328.4,35,12.0,56.53822857142857,28.66857142857143,574.8823529411765,12.0,76.6,82.5,75.4,9,86.45,83.58,83.7
U0033,Carnegie Mellon University,2024,91.0,50.0,73.7,United States,North America,Pittsburgh,Private,71.2,75.3,95.7,318.0,129.0,99.9,100.0,65.88,"Accounting & Finance,Communication & Media Studies,Languages, Literature & Linguistics,Computer Science,Politics & International Studies (incl Development Studies),Civil Engineering,Business & Management,Economics & Econometrics,Mechanical & Aerospace Engineering,History, Philosophy & Theology,Biological Sciences,Art, Performing Arts & Design,Electrical & Electronic Engineering,Mathematics & Statistics,Chemical Engineering,Chemistry,Physics & Astronomy,Psychology,Architecture",13562.0,44%,"1,534",0.1131,44:56:00,44.0,56.0,Undergraduate & Postgraduate,-1.0,362.265306122449,98,2.0,56.84324489795918,31.06530612244898,265.6666666666667,23.5,75.0,84.6,98.9,44,90.96,99.1,71.2
U0034,University of Amsterdam,2024,123.0,5.0,73.4,Netherlands,Europe,Amsterdam,Public,83.6,44.2,60.2,79.0,85.0,98.1,100.0,53.95,"Economics & Econometrics,Communication & Media Studies,History, Philosophy & Theology,Biological Sciences,Medicine & Dentistry,Computer Science,Physics & Astronomy,Art, Performing Arts & Design,Mathematics & Statistics,Sociology,Business & Management,Education,Archaeology,Geology, Environmental, Earth & Marine Sciences,Other Health,Psychology,Languages, Literature & Linguistics,Chemistry,Accounting & Finance,Law,Politics & International Studies (incl Development Studies),Geography",28649.0,36%,"6,000",0.2094,60:40:00,60.0,40.0,Undergraduate & Postgraduate,-1.0,116.22222222222224,9,48.0,67.17744444444445,47.4,271.0,,55.0,63.1,96.7,36,87.75,91.28,83.6
U0035,University of Bristol,2024,65.0,7.0,72.4,United Kingdom,Europe,Bristol,Public,74.9,84.7,80.9,126.0,85.0,64.7,100.0,56.29,"Other Health,Geology, Environmental, Earth & Marine Sciences,Mathematics & Statistics,Archaeology,Economics & Econometrics,Computer Science,Education,Psychology,Languages, Literature & Linguistics,Law,Sociology,History, Philosophy & Theology,Physics & Astronomy,Medicine & Dentistry,Civil Engineering,Chemistry,Art, Performing Arts & Design,Electrical & Electronic Engineering,Veterinary Science,Mechanical & Aerospace Engineering,Accounting & Finance,General Engineering,Politics & International Studies (incl Development Studies),Business & Management,Biological Sciences,Geography",27335.0,31%,"20,311",0.743,55:45:00,55.0,45.0,Undergraduate & Postgraduate,-1.0,455.4347826086956,69,1.0,50.81734057971014,25.96666666666667,388.05,48.5,48.7,56.5,97.3,31,93.57,82.06,74.9
U0036,Duke University,2024,24.0,19.0,72.0,United States,North America,Durham,Private,85.7,69.3,92.3,36.0,14.0,40.2,100.0,51.8,"Medicine & Dentistry,Psychology,Other Health,Biological Sciences,Computer Science,Agriculture & Forestry,Politics & International Studies (incl Development Studies),History, Philosophy & Theology,Languages, Literature & Linguistics,Communication & Media Studies,Accounting & Finance,General Engineering,Sociology,Business & Management,Civil Engineering,Chemistry,Mechanical & Aerospace Engineering,Physics & Astronomy,Art, Performing Arts & Design,Economics & Econometrics,Electrical & Electronic Engineering,Mathematics & Statistics,Geology, Environmental, Earth & Marine Sciences,Law",15527.0,18%,"5,673",0.3654,52:48:00,52.0,48.0,Undergraduate & Postgraduate,-1.0,362.265306122449,98,2.0,56.84324489795918,31.06530612244898,265.6666666666667,23.5,79.3,76.1,96.2,18,97.69,74.54,85.7
U0037,University of Texas at Austin,2024,31.0,22.0,71.8,United States,North America,Austin,Public,93.5,83.2,89.6,73.0,24.0,86.7,100.0,53.65,"Architecture,Business & Management,Law,Communication & Media Studies,Biological Sciences,Economics & Econometrics,Psychology,Education,Sport Science,History, Philosophy & Theology,Computer Science,Physics & Astronomy,Archaeology,Medicine & Dentistry,Electrical & Electronic Engineering,Sociology,General Engineering,Languages, Literature & Linguistics,Politics & International Studies (incl Development Studies),Art, Performing Arts & Design,Chemical Engineering,Mathematics & Statistics,Accounting & Finance,Mechanical & Aerospace Engineering,Geography,Civil Engineering,Geology, Environmental, Earth & Marine Sciences,Other Health,Chemistry",48558.0,8%,"2,887",0.0595,55:45:00,55.0,45.0,Undergraduate & Postgraduate,-1.0,362.265306122449,98,2.0,56.84324489795918,31.06530612244898,265.6666666666667,23.5,66.0,75.7,91.0,8,96.99,92.6,93.5
U0038,Sorbonne University,2024,29.0,1.0,71.7,France,Europe,Unknown,Public,88.6,53.2,,6.0,22.0,85.4,100.0,50.3,General,41527.0,22%,"4,680",0.1127,60:40:00,60.0,40.0,Undergraduate & Postgraduate,-1.0,373.0,9,58.0,54.703833333333336,38.41111111111111,207.0,,64.7,60.8,83.7,22,97.19,85.21,88.6
U0039,The Hong Kong University of Science and Technology,2024,999.0,999.0,71.1,Hong Kong SAR,Asia,Hong Kong,Public,83.3,42.6,98.2,,0.0,99.1,100.0,50.0,"Civil Engineering,Economics & Econometrics,Mathematics & Statistics,Geology, Environmental, Earth & Marine Sciences,Other Health,Chemistry,Mechanical & Aerospace Engineering,General Engineering,Biological Sciences,Business & Management,Education,Chemical Engineering,Languages, Literature & Linguistics,Computer Science,Accounting & Finance,Electrical & Electronic Engineering,Sociology,Physics & Astronomy",9794.0,30%,697,0.0712,50:50,,,Undergraduate & Postgraduate,-1.0,160.66666666666666,3,65.0,64.663,54.1,500.0,,54.0,62.1,92.9,30,0.0,99.28,83.3
U0040,KU Leuven,2024,107.0,2.0,70.1,Belgium,Europe,Leuven,Public,84.6,42.4,45.2,48.0,66.0,92.7,100.0,52.4,"Electrical & Electronic Engineering,Chemistry,Accounting & Finance,Sport Science,Politics & International Studies (incl Development Studies),Chemical Engineering,Business & Management,Education,General Engineering,Psychology,Economics & Econometrics,Computer Science,Mechanical & Aerospace Engineering,Geography,Art, Performing Arts & Design,Physics & Astronomy,History, Philosophy & Theology,Other Health,Civil Engineering,Biological Sciences,Communication & Media Studies,Archaeology,Mathematics & Statistics,Languages, Literature & Linguistics,Sociology,Agriculture & Forestry,Architecture,Geology, Environmental, Earth & Marine Sciences,Law,Medicine & Dentistry",49435.0,19%,"2,677",0.0542,52:48:00,52.0,48.0,Undergraduate & Postgraduate,-1.0,107.33333333333331,3,45.0,68.01683333333334,53.9,122.33333333333331,,60.1,74.9,91.9,19,89.36,86.12,84.6
U0041,University of Washington,2024,999.0,999.0,69.2,United States,North America,Seattle,Public,84.0,50.4,95.9,,0.0,93.5,100.0,50.0,"Psychology,History, Philosophy & Theology,Other Health,Chemistry,Languages, Literature & Linguistics,General Engineering,Chemical Engineering,Physics & Astronomy,Agriculture & Forestry,Computer Science,Biological Sciences,Archaeology,Education,Veterinary Science,Politics & International Studies (incl Development Studies),Accounting & Finance,Mechanical & Aerospace Engineering,Communication & Media Studies,Economics & Econometrics,Mathematics & Statistics,Architecture,Medicine & Dentistry,Electrical & Electronic Engineering,Sociology,Art, Performing Arts & Design,Civil Engineering,Geology, Environmental, Earth & Marine Sciences,Business & Management,Law,Geography",49486.0,16%,"2,796",0.0565,56:44:00,56.0,44.0,Undergraduate & Postgraduate,-1.0,362.265306122449,98,2.0,56.84324489795918,31.06530612244898,265.6666666666667,23.5,78.0,83.5,98.2,16,0.0,96.58,84.0
U0042,University of Illinois at Urbana-Champaign,2024,999.0,999.0,69.1,United States,North America,Champaign,Public,85.0,70.8,72.9,,0.0,86.5,100.0,50.0,"Art, Performing Arts & Design,Computer Science,Archaeology,General Engineering,Communication & Media Studies,Geology, Environmental, Earth & Marine Sciences,Economics & Econometrics,Law,Architecture,Mechanical & Aerospace Engineering,Mathematics & Statistics,Chemical Engineering,Business & Management,Geography,History, Philosophy & Theology,Other Health,Sport Science,Psychology,Medicine & Dentistry,Agriculture & Forestry,Politics & International Studies (incl Development Studies),Chemistry,Electrical & Electronic Engineering,Sociology,Languages, Literature & Linguistics,Education,Accounting & Finance,Civil Engineering,Veterinary Science,Biological Sciences,Physics & Astronomy",50250.0,23%,"2,748",0.0547,51:49:00,51.0,49.0,Undergraduate & Postgraduate,-1.0,362.265306122449,98,2.0,56.84324489795918,31.06530612244898,265.6666666666667,23.5,69.5,81.5,85.2,23,0.0,89.18,85.0
U0043,National Taiwan University (NTU),2024,999.0,999.0,67.9,Taiwan,Asia,Taipei City,Public,92.8,91.3,61.6,,0.0,47.0,100.0,50.0,"Civil Engineering,Mathematics & Statistics,Sociology,Art, Performing Arts & Design,Computer Science,Agriculture & Forestry,Geography,Languages, Literature & Linguistics,Other Health,Chemistry,Politics & International Studies (incl Development Studies),Law,Communication & Media Studies,Architecture,Chemical Engineering,Physics & Astronomy,History, Philosophy & Theology,General Engineering,Veterinary Science,Business & Management,Mechanical & Aerospace Engineering,Psychology,Medicine & Dentistry,Biological Sciences,Accounting & Finance,Electrical & Electronic Engineering,Geology, Environmental, Earth & Marine Sciences,Economics & Econometrics,Archaeology,Sport Science",24744.0,13%,"2,939",0.1188,41:59:00,41.0,59.0,Undergraduate & Postgraduate,-1.0,1021.181818181818,22,154.0,33.41943181818181,20.48181818181818,734.8571428571429,,57.3,54.8,70.8,13,0.0,71.12,92.8
U0044,City University of Hong Kong,2024,358.0,5.0,67.7,Hong Kong SAR,Asia,Hong Kong,Public,59.6,27.3,57.4,262.0,327.0,99.9,100.0,63.09,"Civil Engineering,Chemistry,Architecture,Psychology,Business & Management,Law,Communication & Media Studies,Languages, Literature & Linguistics,Physics & Astronomy,Economics & Econometrics,Mechanical & Aerospace Engineering,Politics & International Studies (incl Development Studies),Electrical & Electronic Engineering,Biological Sciences,General Engineering,Accounting & Finance,Chemical Engineering,Geology, Environmental, Earth & Marine Sciences,Sociology,History, Philosophy & Theology,Art, Performing Arts & Design,Computer Science,Veterinary Science,Mathematics & Statistics",9076.0,67%,"1,483",0.1634,54:46:00,54.0,46.0,Undergraduate & Postgraduate,-1.0,160.66666666666666,3,65.0,64.663,54.1,500.0,,52.2,52.4,91.1,67,64.16,91.44,59.6
U0045,Université Paris-Saclay,2024,999.0,999.0,67.6,France,Europe,Unknown,Public,58.9,99.1,,,0.0,45.8,100.0,50.0,General,31662.0,24%,"8,010",0.253,50:50:00,50.0,50.0,Undergraduate & Postgraduate,-1.0,373.0,9,58.0,54.703833333333336,38.41111111111111,207.0,,70.9,66.1,82.4,24,0.0,69.37,58.9
U0046,The University of Western Australia,2024,999.0,999.0,66.9,Australia,Oceania,Perth,Public,56.2,44.6,47.8,,0.0,98.9,100.0,50.0,"Business & Management,Chemical Engineering,Languages, Literature & Linguistics,Mechanical & Aerospace Engineering,History, Philosophy & Theology,Electrical & Electronic Engineering,Geology, Environmental, Earth & Marine Sciences,Sociology,Economics & Econometrics,Biological Sciences,Psychology,Archaeology,Education,Chemistry,Politics & International Studies (incl Development Studies),Art, Performing Arts & Design,General Engineering,Sport Science,Geography,Architecture,Other Health,Law,Communication & Media Studies,Medicine & Dentistry,Agriculture & Forestry,Computer Science,Physics & Astronomy,Accounting & Finance,Civil Engineering,Mathematics & Statistics",19382.0,26%,"1,539",0.0794,50:50:00,50.0,50.0,Undergraduate & Postgraduate,-1.0,250.1428571428572,21,54.0,57.36819047619048,33.990476190476194,519.8125,,37.7,48.6,88.7,26,0.0,89.12,56.2
U0047,Brown University,2024,58.0,36.0,66.4,United States,North America,Providence,Private,58.3,42.4,77.7,186.0,80.0,85.9,100.0,59.29,"Chemistry,Archaeology,Mechanical & Aerospace Engineering,Languages, Literature & Linguistics,Mathematics & Statistics,Communication & Media Studies,Psychology,Computer Science,Other Health,History, Philosophy & Theology,Sociology,Electrical & Electronic Engineering,Business & Management,General Engineering,Geology, Environmental, Earth & Marine Sciences,Medicine & Dentistry,Art, Performing Arts & Design,Biological Sciences,Physics & Astronomy,Architecture,Chemical Engineering,Economics & Econometrics,Politics & International Studies (incl Development Studies),Education",9781.0,19%,"1,389",0.142,50:50,,,Undergraduate & Postgraduate,-1.0,362.265306122449,98,2.0,56.84324489795918,31.06530612244898,265.6666666666667,23.5,69.8,59.6,89.7,19,94.28,89.9,58.3
U0048,University of Leeds,2024,164.0,15.0,65.5,United Kingdom,Europe,Leeds,Public,70.3,76.7,55.6,150.0,139.0,42.3,100.0,57.49,"Agriculture & Forestry,Geography,Languages, Literature & Linguistics,Sociology,Architecture,Psychology,Mechanical & Aerospace Engineering,Education,Communication & Media Studies,General Engineering,History, Philosophy & Theology,Mathematics & Statistics,Chemistry,Chemical Engineering,Economics & Econometrics,Physics & Astronomy,Art, Performing Arts & Design,Other Health,Accounting & Finance,Computer Science,Biological Sciences,Sport Science,Business & Management,Civil Engineering,Electrical & Electronic Engineering,Medicine & Dentistry,Politics & International Studies (incl Development Studies),Law,Geology, Environmental, Earth & Marine Sciences",33450.0,32%,"3,593",0.1074,59:41:00,59.0,41.0,Undergraduate & Postgraduate,-1.0,455.4347826086956,69,1.0,50.81734057971014,25.96666666666667,388.05,48.5,46.1,49.1,87.3,32,83.63,68.04,70.3
U0049,University of Glasgow,2024,158.0,12.0,65.2,United Kingdom,Europe,Glasgow,Public,76.3,70.7,65.1,165.0,114.0,31.8,100.0,58.24,"Art, Performing Arts & Design,Agriculture & Forestry,Accounting & Finance,Mechanical & Aerospace Engineering,Mathematics & Statistics,Business & Management,Biological Sciences,Archaeology,Politics & International Studies (incl Development Studies),History, Philosophy & Theology,Law,Economics & Econometrics,General Engineering,Psychology,Medicine & Dentistry,Electrical & Electronic Engineering,Communication & Media Studies,Computer Science,Veterinary Science,Geography,Architecture,Education,Languages, Literature & Linguistics,Physics & Astronomy,Civil Engineering,Geology, Environmental, Earth & Marine Sciences,Sport Science,Other Health,Sociology,Chemistry",32270.0,43%,"3,314",0.1027,59:41:00,59.0,41.0,Undergraduate & Postgraduate,-1.0,455.4347826086956,69,1.0,50.81734057971014,25.96666666666667,388.05,48.5,48.1,51.8,96.8,43,84.24,65.74,76.3
U0050,Durham University,2024,192.0,20.0,65.1,United Kingdom,Europe,Durham,Public,59.5,89.3,91.0,327.0,240.0,53.3,100.0,66.33,"Business & Management,Civil Engineering,Chemistry,Languages, Literature & Linguistics,Sport Science,Economics & Econometrics,Law,Psychology,Archaeology,Electrical & Electronic Engineering,Sociology,Accounting & Finance,Biological Sciences,Art, Performing Arts & Design,Other Health,Physics & Astronomy,Education,Mathematics & Statistics,History, Philosophy & Theology,General Engineering,Politics & International Studies (incl Development Studies),Computer Science,Geology, Environmental, Earth & Marine Sciences,Mechanical & Aerospace Engineering,Geography",19575.0,32%,"1,775",0.0907,54:46:00,54.0,46.0,Undergraduate & Postgraduate,-1.0,455.4347826086956,69,1.0,50.81734057971014,25.96666666666667,388.05,48.5,43.5,44.5,83.5,32,80.82,79.52,59.5
U0051,Korea University,2024,237.0,5.0,64.7,South Korea,Asia,Seoul,Private,82.2,94.0,30.2,115.0,363.0,36.6,100.0,55.74,"Medicine & Dentistry,Geology, Environmental, Earth & Marine Sciences,Business & Management,Civil Engineering,Mathematics & Statistics,Languages, Literature & Linguistics,Mechanical & Aerospace Engineering,Physics & Astronomy,Archaeology,Biological Sciences,Education,Politics & International Studies (incl Development Studies),Chemical Engineering,Law,Economics & Econometrics,General Engineering,Communication & Media Studies,Accounting & Finance,Electrical & Electronic Engineering,Psychology,History, Philosophy & Theology,Chemistry,Architecture,Computer Science,Agriculture & Forestry,Sociology,Art, Performing Arts & Design,Other Health,Sport Science,Geography",22324.0,31%,"4,026",0.1803,50:50,,,Undergraduate & Postgraduate,-1.0,667.5,18,62.0,43.17502777777778,24.98333333333333,605.0,,48.6,46.6,72.0,31,76.31,60.68,82.2
U0052,Osaka University,2024,53.0,3.0,63.9,Japan,Asia,Osaka City,Public,81.3,89.1,40.0,59.0,174.0,62.7,100.0,52.95,"Medicine & Dentistry,Civil Engineering,Sociology,Art, Performing Arts & Design,Education,Chemistry,Languages, Literature & Linguistics,Sport Science,Other Health,Electrical & Electronic Engineering,Physics & Astronomy,Architecture,Computer Science,Geology, Environmental, Earth & Marine Sciences,History, Philosophy & Theology,Biological Sciences,Politics & International Studies (incl Development Studies),Business & Management,Law,Psychology,Accounting & Finance,General Engineering,Geography,Archaeology,Chemical Engineering,Mathematics & Statistics,Economics & Econometrics,Mechanical & Aerospace Engineering,Communication & Media Studies",22274.0,10%,"3,127",0.1404,32 : 68,32.0,68.0,Undergraduate & Postgraduate,-1.0,1011.972972972973,37,29.0,35.23782432432433,24.98108108108108,567.8518518518518,,62.5,65.7,50.5,10,94.78,73.08,81.3
U0053,University of Southampton,2024,137.0,11.0,63.5,United Kingdom,Europe,Southampton,Public,51.5,51.2,72.9,134.0,151.0,71.4,100.0,56.69,"Sociology,Mechanical & Aerospace Engineering,Economics & Econometrics,Languages, Literature & Linguistics,Business & Management,Mathematics & Statistics,General Engineering,Accounting & Finance,Communication & Media Studies,Biological Sciences,Geography,Medicine & Dentistry,Electrical & Electronic Engineering,Politics & International Studies (incl Development Studies),Art, Performing Arts & Design,Other Health,Archaeology,History, Philosophy & Theology,Physics & Astronomy,Chemical Engineering,Geology, Environmental, Earth & Marine Sciences,Civil Engineering,Chemistry,Computer Science,Education,Psychology,Law",19920.0,35%,"2,468",0.1239,51:49:00,51.0,49.0,Undergraduate & Postgraduate,-1.0,455.4347826086956,69,1.0,50.81734057971014,25.96666666666667,388.05,48.5,48.9,50.1,92.7,35,86.35,83.14,51.5
U0054,University of Birmingham,2024,169.0,16.0,63.0,United Kingdom,Europe,Birmingham,Public,67.5,75.7,52.1,129.0,187.0,38.2,100.0,56.44,"Chemistry,Other Health,Geology, Environmental, Earth & Marine Sciences,Languages, Literature & Linguistics,Politics & International Studies (incl Development Studies),Sociology,Education,Accounting & Finance,Art, Performing Arts & Design,Sport Science,Archaeology,General Engineering,Medicine & Dentistry,Law,Economics & Econometrics,Physics & Astronomy,Electrical & Electronic Engineering,Computer Science,History, Philosophy & Theology,Geography,Psychology,Business & Management,Civil Engineering,Mechanical & Aerospace Engineering,Biological Sciences,Chemical Engineering,Mathematics & Statistics",32625.0,32%,"3,586",0.1099,58:42:00,58.0,42.0,Undergraduate & Postgraduate,-1.0,455.4347826086956,69,1.0,50.81734057971014,25.96666666666667,388.05,48.5,46.1,49.3,95.5,32,83.13,65.7,67.5
U0055,Lund University,2024,95.0,3.0,62.8,Sweden,Europe,Lund,Public,69.3,47.5,67.6,90.0,76.0,37.7,100.0,54.5,"Communication & Media Studies,Education,Electrical & Electronic Engineering,History, Philosophy & Theology,Physics & Astronomy,Civil Engineering,Geology, Environmental, Earth & Marine Sciences,Agriculture & Forestry,Law,Archaeology,Economics & Econometrics,Mathematics & Statistics,Computer Science,Politics & International Studies (incl Development Studies),Other Health,Art, Performing Arts & Design,Business & Management,Psychology,Architecture,Mechanical & Aerospace Engineering,Medicine & Dentistry,Sociology,Languages, Literature & Linguistics,Chemistry,Accounting & Finance,Biological Sciences,General Engineering,Geography,Chemical Engineering",30349.0,18%,"3,040",0.1002,56:44:00,56.0,44.0,Undergraduate & Postgraduate,-1.0,183.66666666666663,6,106.0,60.135250000000006,44.65,245.0,,46.7,56.6,86.6,18,90.56,68.6,69.3
U0056,Lomonosov Moscow State University,2024,999.0,999.0,62.2,Russia,Europe,Moscow,Public,81.2,78.3,11.0,,0.0,4.6,100.0,50.0,"Archaeology,Geology, Environmental, Earth & Marine Sciences,Art, Performing Arts & Design,Geography,Medicine & Dentistry,Physics & Astronomy,Biological Sciences,Sport Science,Computer Science,Accounting & Finance,Politics & International Studies (incl Development Studies),Other Health,Chemistry,Sociology,Business & Management,Electrical & Electronic Engineering,Psychology,Languages, Literature & Linguistics,Mechanical & Aerospace Engineering,Agriculture & Forestry,Mathematics & Statistics,History, Philosophy & Theology,Law,Economics & Econometrics,Education,Communication & Media Studies,Chemical Engineering",32680.0,37%,"6,575",0.2012,50:50:00,50.0,50.0,Undergraduate & Postgraduate,-1.0,1185.0416666666667,24,95.0,29.87127083333333,13.9625,541.0,,87.5,75.2,33.9,37,0.0,44.04,81.2
U0057,University of Technology Sydney,2024,562.0,20.0,61.8,Australia,Oceania,Haymarket,Public,43.4,57.8,34.7,503.0,898.0,95.3,100.0,75.12,"Sociology,Psychology,Computer Science,General Engineering,Agriculture & Forestry,Medicine & Dentistry,Education,Geology, Environmental, Earth & Marine Sciences,Languages, Literature & Linguistics,Mathematics & Statistics,Chemical Engineering,History, Philosophy & Theology,Art, Performing Arts & Design,Physics & Astronomy,Electrical & Electronic Engineering,Architecture,Civil Engineering,Law,Economics & Econometrics,Communication & Media Studies,Accounting & Finance,Sport Science,Chemistry,Business & Management,Mechanical & Aerospace Engineering,Politics & International Studies (incl Development Studies),Biological Sciences,Other Health",28223.0,25%,"2,183",0.0773,50:50:00,50.0,50.0,Undergraduate & Postgraduate,-1.0,250.1428571428572,21,54.0,57.36819047619048,33.990476190476194,519.8125,,36.2,43.3,95.9,25,43.67,85.06,43.4
U0058,University of Zurich,2024,69.0,3.0,61.6,Switzerland,Europe,Zürich,Public,59.1,27.6,65.0,80.0,51.0,52.0,100.0,54.0,"Archaeology,Biological Sciences,Sociology,Art, Performing Arts & Design,Law,Communication & Media Studies,Computer Science,Chemistry,Languages, Literature & Linguistics,Geology, Environmental, Earth & Marine Sciences,History, Philosophy & Theology,Veterinary Science,Medicine & Dentistry,Mathematics & Statistics,Economics & Econometrics,Psychology,Other Health,Physics & Astronomy,Accounting & Finance,Agriculture & Forestry,Geography,Business & Management,Education,Politics & International Studies (incl Development Studies)",25608.0,24%,"3,761",0.1469,58:42:00,58.0,42.0,Undergraduate & Postgraduate,-1.0,129.4,5,80.0,64.5411,38.38,99.6,,54.8,53.4,91.8,24,93.17,73.8,59.1
U0059,Boston University,2024,56.0,35.0,61.4,United States,North America,Boston,Private,61.7,68.3,91.4,113.0,26.0,60.1,100.0,55.64,"Sociology,Medicine & Dentistry,Languages, Literature & Linguistics,General Engineering,Politics & International Studies (incl Development Studies),Mechanical & Aerospace Engineering,Communication & Media Studies,Electrical & Electronic Engineering,Architecture,Geography,Other Health,History, Philosophy & Theology,Psychology,Biological Sciences,Art, Performing Arts & Design,Computer Science,Physics & Astronomy,Education,Mathematics & Statistics,Law,Chemistry,Archaeology,Accounting & Finance,Geology, Environmental, Earth & Marine Sciences,Business & Management,Economics & Econometrics",26677.0,29%,"2,642",0.099,58:42:00,58.0,42.0,Undergraduate & Postgraduate,-1.0,362.265306122449,98,2.0,56.84324489795918,31.06530612244898,265.6666666666667,23.5,59.6,54.1,94.3,29,94.48,82.32,61.7
U0060,University of St Andrews,2024,332.0,31.0,61.0,United Kingdom,Europe,St. Andrews,Public,47.3,67.2,72.9,437.0,405.0,57.7,100.0,71.83,"Other Health,Geography,Communication & Media Studies,Business & Management,Psychology,Sociology,Mathematics & Statistics,Politics & International Studies (incl Development Studies),Archaeology,Computer Science,Medicine & Dentistry,Geology, Environmental, Earth & Marine Sciences,Economics & Econometrics,Chemistry,Biological Sciences,History, Philosophy & Theology,Physics & Astronomy,Languages, Literature & Linguistics",10325.0,46%,"1,208",0.117,58:42:00,58.0,42.0,Undergraduate & Postgraduate,-1.0,455.4347826086956,69,1.0,50.81734057971014,25.96666666666667,388.05,48.5,46.0,42.6,77.7,46,66.77,77.66,47.3
U0061,Georgia Institute of Technology,2024,139.0,60.0,60.9,United States,North America,Atlanta,Public,67.4,85.1,83.2,144.0,222.0,67.1,100.0,57.19,"Architecture,Computer Science,Business & Management,Chemistry,Economics & Econometrics,General Engineering,Geology, Environmental, Earth & Marine Sciences,Biological Sciences,Chemical Engineering,Mechanical & Aerospace Engineering,Politics & International Studies (incl Development Studies),Electrical & Electronic Engineering,Physics & Astronomy,History, Philosophy & Theology,Civil Engineering,Languages, Literature & Linguistics,Sociology,Accounting & Finance,Geography,Psychology,Art, Performing Arts & Design,Mathematics & Statistics",32079.0,29%,"1,267",0.0395,34 : 66,34.0,66.0,Undergraduate & Postgraduate,-1.0,362.265306122449,98,2.0,56.84324489795918,31.06530612244898,265.6666666666667,23.5,63.4,78.9,94.1,29,86.14,83.48,67.4
U0062,University of Nottingham,2024,118.0,9.0,60.4,United Kingdom,Europe,Nottingham,Public,60.7,72.1,52.5,138.0,114.0,46.5,100.0,56.89,"Languages, Literature & Linguistics,Agriculture & Forestry,Law,History, Philosophy & Theology,Medicine & Dentistry,Architecture,Education,Sport Science,Business & Management,General Engineering,Geology, Environmental, Earth & Marine Sciences,Sociology,Chemical Engineering,Biological Sciences,Art, Performing Arts & Design,Other Health,Chemistry,Archaeology,Computer Science,Veterinary Science,Civil Engineering,Psychology,Economics & Econometrics,Politics & International Studies (incl Development Studies),Accounting & Finance,Mathematics & Statistics,Communication & Media Studies,Mechanical & Aerospace Engineering,Electrical & Electronic Engineering,Physics & Astronomy,Geography",33520.0,27%,"3,386",0.101,54:46:00,54.0,46.0,Undergraduate & Postgraduate,-1.0,455.4347826086956,69,1.0,50.81734057971014,25.96666666666667,388.05,48.5,45.6,45.9,90.6,27,88.25,69.1,60.7
U0063,University of Wisconsin-Madison,2024,999.0,999.0,60.0,United States,North America,Madison,Public,80.2,47.8,90.6,,0.0,37.4,100.0,50.0,"Sport Science,Geography,Civil Engineering,Computer Science,Psychology,Physics & Astronomy,Medicine & Dentistry,Agriculture & Forestry,Accounting & Finance,Law,Art, Performing Arts & Design,Education,Economics & Econometrics,Mechanical & Aerospace Engineering,Biological Sciences,Politics & International Studies (incl Development Studies),Business & Management,Geology, Environmental, Earth & Marine Sciences,Other Health,History, Philosophy & Theology,Veterinary Science,General Engineering,Mathematics & Statistics,Languages, Literature & Linguistics,Sociology,Chemistry,Architecture,Chemical Engineering,Communication & Media Studies,Electrical & Electronic Engineering",41209.0,13%,"5,166",0.1254,50:50,,,Undergraduate & Postgraduate,-1.0,362.265306122449,98,2.0,56.84324489795918,31.06530612244898,265.6666666666667,23.5,68.5,67.5,85.5,13,0.0,73.08,80.2
U0064,Uppsala University,2024,86.0,2.0,59.4,Sweden,Europe,Uppsala,Public,62.7,30.5,40.7,107.0,114.0,45.6,100.0,55.34,"Geology, Environmental, Earth & Marine Sciences,Computer Science,Education,Politics & International Studies (incl Development Studies),Archaeology,Law,Accounting & Finance,Psychology,Economics & Econometrics,Electrical & Electronic Engineering,General Engineering,Physics & Astronomy,Geography,Chemical Engineering,Civil Engineering,Communication & Media Studies,Medicine & Dentistry,Chemistry,Languages, Literature & Linguistics,Other Health,Sociology,Mathematics & Statistics,History, Philosophy & Theology,Business & Management,Biological Sciences",24749.0,17%,"2,843",0.1149,60:40:00,60.0,40.0,Undergraduate & Postgraduate,-1.0,183.66666666666663,6,106.0,60.135250000000006,44.65,245.0,,43.9,55.0,81.3,17,91.47,66.38,62.7
U0065,RWTH Aachen University,2024,212.0,14.0,59.3,Germany,Europe,Aachen,Public,49.7,93.0,48.9,181.0,129.0,78.7,100.0,59.04,"Civil Engineering,Economics & Econometrics,Languages, Literature & Linguistics,Mathematics & Statistics,Architecture,Medicine & Dentistry,Chemistry,Other Health,History, Philosophy & Theology,Biological Sciences,Computer Science,Mechanical & Aerospace Engineering,Education,Geology, Environmental, Earth & Marine Sciences,Sociology,Physics & Astronomy,Business & Management,Accounting & Finance,Electrical & Electronic Engineering,Communication & Media Studies,Chemical Engineering,Geography,General Engineering,Psychology,Politics & International Studies (incl Development Studies)",34914.0,29%,"2,431",0.0696,34 : 66,34.0,66.0,Undergraduate & Postgraduate,-1.0,234.0,9,31.0,59.47188888888888,32.65555555555556,257.5,,54.9,64.8,78.9,29,78.82,81.26,49.7
U0066,University of Copenhagen,2024,39.0,1.0,58.8,Denmark,Europe,Copenhagen,Public,74.1,25.8,58.3,26.0,38.0,21.2,100.0,51.3,"Languages, Literature & Linguistics,Sociology,Chemistry,History, Philosophy & Theology,Law,Agriculture & Forestry,Economics & Econometrics,Veterinary Science,Geography,Sport Science,Politics & International Studies (incl Development Studies),Other Health,Physics & Astronomy,Archaeology,Biological Sciences,Communication & Media Studies,Medicine & Dentistry,Geology, Environmental, Earth & Marine Sciences,Computer Science,Mathematics & Statistics,Psychology",31728.0,14%,"7,293",0.2299,62:38:00,62.0,38.0,Undergraduate & Postgraduate,-1.0,143.75,4,103.0,63.334375,45.6,144.75,,49.2,51.1,91.3,14,96.18,60.14,74.1
U0067,Aalto University,2024,355.0,3.0,58.7,Finland,Europe,Espoo,Public,44.6,41.8,37.5,340.0,363.0,79.4,100.0,66.98,"Chemical Engineering,Education,Art, Performing Arts & Design,Physics & Astronomy,Mathematics & Statistics,General Engineering,Chemistry,Architecture,Electrical & Electronic Engineering,Mechanical & Aerospace Engineering,Computer Science,Civil Engineering,Economics & Econometrics,Business & Management,Accounting & Finance,Communication & Media Studies,Psychology",14427.0,23%,"1,396",0.0968,39 : 61,39.0,61.0,Undergraduate & Postgraduate,-1.0,312.125,8,121.0,53.541875,26.9,424.6666666666667,,42.0,43.1,79.7,23,64.46,79.26,44.6
U0068,Newcastle University,2024,188.0,19.0,58.6,United Kingdom,Europe,Newcastle upon Tyne,Public,48.0,74.5,63.6,236.0,174.0,50.2,100.0,61.79,"Archaeology,Computer Science,Economics & Econometrics,Electrical & Electronic Engineering,Politics & International Studies (incl Development Studies),Languages, Literature & Linguistics,Civil Engineering,Sociology,Accounting & Finance,General Engineering,Physics & Astronomy,Business & Management,Law,Geology, Environmental, Earth & Marine Sciences,Education,Chemistry,History, Philosophy & Theology,Mechanical & Aerospace Engineering,Mathematics & Statistics,Art, Performing Arts & Design,Medicine & Dentistry,Sport Science,Psychology,Architecture,Chemical Engineering,Veterinary Science,Other Health,Agriculture & Forestry,Geography,Biological Sciences,Communication & Media Studies",25650.0,26%,"2,766",0.1078,53:47:00,53.0,47.0,Undergraduate & Postgraduate,-1.0,455.4347826086956,69,1.0,50.81734057971014,25.96666666666667,388.05,48.5,37.2,41.1,93.8,26,81.22,72.8,48.0
U0069,University of Alberta,2024,96.0,4.0,58.3,Canada,North America,Edmonton,Public,56.8,36.5,49.7,62.0,80.0,59.1,100.0,53.1,"Geography,Archaeology,Computer Science,Education,Law,Politics & International Studies (incl Development Studies),Communication & Media Studies,Psychology,General Engineering,Medicine & Dentistry,History, Philosophy & Theology,Biological Sciences,Other Health,Chemistry,Art, Performing Arts & Design,Civil Engineering,Architecture,Business & Management,Agriculture & Forestry,Mathematics & Statistics,Economics & Econometrics,Mechanical & Aerospace Engineering,Physics & Astronomy,Accounting & Finance,Chemical Engineering,Sport Science,Sociology,Languages, Literature & Linguistics,Electrical & Electronic Engineering,Veterinary Science,Geology, Environmental, Earth & Marine Sciences",33730.0,27%,"3,645",0.1081,50:50,,,Undergraduate & Postgraduate,-1.0,315.2173913043478,23,21.0,55.883456521739134,32.3,294.85714285714283,,50.1,55.5,80.9,27,90.46,73.58,56.8
U0070,University of Waterloo,2024,268.0,12.0,58.1,Canada,North America,Waterloo,Public,40.7,66.7,32.5,196.0,275.0,82.9,100.0,59.79,"Biological Sciences,Geography,Other Health,Geology, Environmental, Earth & Marine Sciences,Art, Performing Arts & Design,History, Philosophy & Theology,General Engineering,Politics & International Studies (incl Development Studies),Architecture,Chemical Engineering,Mathematics & Statistics,Business & Management,Civil Engineering,Communication & Media Studies,Computer Science,Physics & Astronomy,Psychology,Electrical & Electronic Engineering,Economics & Econometrics,Mechanical & Aerospace Engineering,Languages, Literature & Linguistics,Sport Science,Sociology,Accounting & Finance,Chemistry",36904.0,23%,"1,908",0.0517,47:53:00,47.0,53.0,Undergraduate & Postgraduate,-1.0,315.2173913043478,23,21.0,55.883456521739134,32.3,294.85714285714283,,42.2,49.3,83.7,23,73.19,79.66,40.7
U0071,Tohoku University,2024,120.0,5.0,58.0,Japan,Asia,Sendai City,Public,72.4,84.2,41.2,60.0,167.0,29.6,100.0,53.0,"Law,Economics & Econometrics,Mechanical & Aerospace Engineering,Veterinary Science,Business & Management,General Engineering,Architecture,Agriculture & Forestry,Geography,Languages, Literature & Linguistics,Mathematics & Statistics,Medicine & Dentistry,Physics & Astronomy,Civil Engineering,History, Philosophy & Theology,Other Health,Sport Science,Computer Science,Sociology,Biological Sciences,Art, Performing Arts & Design,Electrical & Electronic Engineering,Geology, Environmental, Earth & Marine Sciences,Chemical Engineering,Psychology,Accounting & Finance,Archaeology,Education,Politics & International Studies (incl Development Studies),Chemistry,Communication & Media Studies",17409.0,12%,"3,323",0.1909,28 : 72,28.0,72.0,Undergraduate & Postgraduate,-1.0,1011.972972972973,37,29.0,35.23782432432433,24.98108108108108,567.8518518518518,,67.8,66.4,53.8,12,88.05,60.08,72.4
U0072,Western University,2024,198.0,8.0,57.4,Canada,North America,London,Public,32.1,47.4,38.5,164.0,167.0,98.3,100.0,58.19,"Art, Performing Arts & Design,Languages, Literature & Linguistics,History, Philosophy & Theology,Archaeology,Medicine & Dentistry,Other Health,Computer Science,General Engineering,Electrical & Electronic Engineering,Mechanical & Aerospace Engineering,Civil Engineering,Chemical Engineering,Biological Sciences,Sport Science,Mathematics & Statistics,Physics & Astronomy,Chemistry,Geology, Environmental, Earth & Marine Sciences,Communication & Media Studies,Politics & International Studies (incl Development Studies),Sociology,Geography,Law,Education,Psychology,Business & Management,Accounting & Finance,Economics & Econometrics",30176.0,24%,"1,311",0.0434,56:44:00,56.0,44.0,Undergraduate & Postgraduate,-1.0,315.2173913043478,23,21.0,55.883456521739134,32.3,294.85714285714283,,40.2,42.9,75.2,24,80.22,87.02,32.1
U0073,Western University,2024,198.0,8.0,57.4,Canada,North America,London,Public,32.1,47.4,38.5,164.0,167.0,98.3,100.0,58.19,"Art, Performing Arts & Design,Languages, Literature & Linguistics,History, Philosophy & Theology,Archaeology,Medicine & Dentistry,Other Health,Computer Science,General Engineering,Electrical & Electronic Engineering,Mechanical & Aerospace Engineering,Civil Engineering,Chemical Engineering,Biological Sciences,Sport Science,Mathematics & Statistics,Physics & Astronomy,Chemistry,Geology, Environmental, Earth & Marine Sciences,Communication & Media Studies,Politics & International Studies (incl Development Studies),Sociology,Geography,Law,Education,Psychology,Business & Management,Accounting & Finance,Economics & Econometrics",30176.0,24%,"1,311",0.0434,56:44:00,56.0,44.0,Undergraduate & Postgraduate,-1.0,315.2173913043478,23,21.0,55.883456521739134,32.3,294.85714285714283,,40.2,42.9,75.2,24,80.22,87.02,32.1
U0074,University of Helsinki,2024,93.0,1.0,57.2,Finland,Europe,Helsinki,Public,65.1,32.3,75.4,82.0,108.0,49.8,100.0,54.1,"Biological Sciences,Languages, Literature & Linguistics,Chemistry,Sociology,Other Health,Politics & International Studies (incl Development Studies),Computer Science,Mathematics & Statistics,Medicine & Dentistry,Physics & Astronomy,Law,Psychology,Economics & Econometrics,Veterinary Science,Agriculture & Forestry,Communication & Media Studies,Archaeology,Education,Geography,History, Philosophy & Theology,Geology, Environmental, Earth & Marine Sciences",22887.0,5%,"2,855",0.1247,67:33:00,67.0,33.0,Undergraduate & Postgraduate,-1.0,312.125,8,121.0,53.541875,26.9,424.6666666666667,,48.1,57.6,90.6,5,90.76,75.0,65.1
U0075,University of Southern California,2024,51.0,33.0,57.1,United States,North America,Los Angeles,Private,52.5,47.6,71.9,121.0,66.0,68.0,100.0,56.04,"Accounting & Finance,General Engineering,Biological Sciences,Computer Science,Law,Geography,Other Health,Physics & Astronomy,History, Philosophy & Theology,Education,Geology, Environmental, Earth & Marine Sciences,Architecture,Mechanical & Aerospace Engineering,Mathematics & Statistics,Economics & Econometrics,Agriculture & Forestry,Business & Management,Sport Science,Politics & International Studies (incl Development Studies),Archaeology,Medicine & Dentistry,Chemical Engineering,Chemistry,Languages, Literature & Linguistics,Electrical & Electronic Engineering,Art, Performing Arts & Design,Civil Engineering,Communication & Media Studies,Sociology,Psychology",44083.0,24%,"3,116",0.0707,49:51:00,49.0,51.0,Undergraduate & Postgraduate,-1.0,362.265306122449,98,2.0,56.84324489795918,31.06530612244898,265.6666666666667,23.5,59.2,58.8,92.5,24,94.98,81.58,52.5
U0076,University of Oslo,2024,75.0,1.0,56.9,Norway,Europe,Oslo,Public,55.8,11.2,56.6,99.0,93.0,64.2,100.0,54.95,"Medicine & Dentistry,Politics & International Studies (incl Development Studies),Computer Science,Communication & Media Studies,Other Health,Psychology,Languages, Literature & Linguistics,Law,Biological Sciences,Economics & Econometrics,Physics & Astronomy,Art, Performing Arts & Design,Geology, Environmental, Earth & Marine Sciences,Sociology,Education,Geography,History, Philosophy & Theology,Chemistry,Archaeology,Mathematics & Statistics",20967.0,15%,"2,600",0.124,66:34:00,66.0,34.0,Undergraduate & Postgraduate,-1.0,378.3333333333333,3,127.0,52.4375,31.9,157.5,,45.6,50.6,92.1,15,92.57,77.0,55.8
U0077,Stockholm University,2024,159.0,5.0,56.8,Sweden,Europe,Stockholm,Public,54.1,15.2,75.9,247.0,93.0,71.9,100.0,62.34,"Art, Performing Arts & Design,Architecture,Education,Communication & Media Studies,Law,Languages, Literature & Linguistics,Sociology,Geology, Environmental, Earth & Marine Sciences,Archaeology,Biological Sciences,Chemistry,Geography,Politics & International Studies (incl Development Studies),Accounting & Finance,Other Health,Mathematics & Statistics,Economics & Econometrics,Psychology,Agriculture & Forestry,History, Philosophy & Theology,Computer Science,Physics & Astronomy,Business & Management",29774.0,13%,"2,325",0.0781,50:50,,,Undergraduate & Postgraduate,-1.0,183.66666666666663,6,106.0,60.135250000000006,44.65,245.0,,32.1,49.6,91.0,13,84.14,83.94,54.1
U0078,Technical University of Denmark,2024,215.0,3.0,56.2,Denmark,Europe,Kongens Lyngby,Public,32.5,16.3,64.6,216.0,93.0,83.4,100.0,60.79,"Other Health,General Engineering,Geology, Environmental, Earth & Marine Sciences,Biological Sciences,Physics & Astronomy,Electrical & Electronic Engineering,Civil Engineering,Agriculture & Forestry,Computer Science,Veterinary Science,Chemistry,Chemical Engineering,Mechanical & Aerospace Engineering,Mathematics & Statistics",10410.0,28%,"2,219",0.2132,32 : 68,32.0,68.0,Undergraduate & Postgraduate,-1.0,143.75,4,103.0,63.334375,45.6,144.75,,50.7,47.4,83.2,28,78.51,86.28,32.5
U0079,Lancaster University,2024,386.0,32.0,55.7,United Kingdom,Europe,Lancaster,Public,39.7,40.2,74.9,456.0,254.0,79.3,100.0,72.78,"Languages, Literature & Linguistics,General Engineering,Communication & Media Studies,Geography,Medicine & Dentistry,Chemistry,Electrical & Electronic Engineering,Accounting & Finance,History, Philosophy & Theology,Mechanical & Aerospace Engineering,Physics & Astronomy,Law,Education,Economics & Econometrics,Biological Sciences,Sociology,Sport Science,Other Health,Art, Performing Arts & Design,Politics & International Studies (incl Development Studies),Psychology,Computer Science,Chemical Engineering,Business & Management,Mathematics & Statistics,Geology, Environmental, Earth & Marine Sciences,Architecture",15385.0,38%,"1,440",0.0936,51:49:00,51.0,49.0,Undergraduate & Postgraduate,-1.0,455.4347826086956,69,1.0,50.81734057971014,25.96666666666667,388.05,48.5,40.2,40.7,93.9,38,61.35,86.7,39.7
U0080,Politecnico di Milano,2024,999.0,999.0,55.2,Italy,Europe,Milan,Public,69.3,71.2,33.9,,0.0,48.3,100.0,50.0,"Physics & Astronomy,Architecture,Electrical & Electronic Engineering,Art, Performing Arts & Design,Mathematics & Statistics,Chemical Engineering,Computer Science,Business & Management,Mechanical & Aerospace Engineering,General Engineering,Civil Engineering",38978.0,19%,"1,659",0.0426,35 : 65,35.0,65.0,Undergraduate & Postgraduate,-1.0,458.72222222222223,18,181.0,47.393,24.450000000000003,335.6666666666667,,42.9,49.7,71.9,19,0.0,66.1,69.3
U0081,Eindhoven University of Technology,2024,379.0,11.0,55.0,Netherlands,Europe,Eindhoven,Public,29.3,76.2,56.9,377.0,541.0,89.7,100.0,68.83,"Civil Engineering,Mathematics & Statistics,Chemistry,Languages, Literature & Linguistics,Computer Science,Architecture,Mechanical & Aerospace Engineering,Art, Performing Arts & Design,Electrical & Electronic Engineering,Archaeology,Chemical Engineering,Physics & Astronomy,History, Philosophy & Theology,General Engineering,Geology, Environmental, Earth & Marine Sciences",10611.0,27%,"1,145",0.1079,50:50,,,Undergraduate & Postgraduate,-1.0,116.22222222222224,9,48.0,67.17744444444445,47.4,271.0,,47.4,51.5,71.3,27,62.05,87.26,29.3
U0082,University of Basel,2024,99.0,4.0,55.0,Switzerland,Europe,Basel,Public,27.8,17.8,78.3,218.0,139.0,96.5,100.0,60.89,"Other Health,Languages, Literature & Linguistics,Mathematics & Statistics,Sociology,Economics & Econometrics,Business & Management,Computer Science,Geology, Environmental, Earth & Marine Sciences,Geography,Archaeology,Chemistry,Accounting & Finance,Education,Communication & Media Studies,Art, Performing Arts & Design,Law,Psychology,Medicine & Dentistry,Sport Science,Politics & International Studies (incl Development Studies),History, Philosophy & Theology,Biological Sciences,Physics & Astronomy",8536.0,31%,"1,036",0.1214,56:44:00,56.0,44.0,Undergraduate & Postgraduate,-1.0,129.4,5,80.0,64.5411,38.38,99.6,,50.8,42.9,87.7,31,90.16,94.26,27.8
U0083,Leiden University,2024,90.0,2.0,54.8,Netherlands,Europe,Leiden,Public,69.1,26.8,59.3,118.0,80.0,62.7,100.0,55.89,"Architecture,Medicine & Dentistry,Politics & International Studies (incl Development Studies),History, Philosophy & Theology,Geology, Environmental, Earth & Marine Sciences,Languages, Literature & Linguistics,Computer Science,Law,Art, Performing Arts & Design,Communication & Media Studies,Chemistry,Mathematics & Statistics,Education,Archaeology,Psychology,Physics & Astronomy,Sociology,Biological Sciences,Other Health",35072.0,21%,"2,069",0.059,60:40:00,60.0,40.0,Undergraduate & Postgraduate,-1.0,116.22222222222224,9,48.0,67.17744444444445,47.4,271.0,,46.0,62.7,93.0,21,91.06,76.94,69.1
U0084,University of Bern,2024,108.0,6.0,54.8,Switzerland,Europe,Bern,Public,30.5,24.4,73.5,160.0,85.0,99.2,100.0,57.99,"Psychology,Education,Communication & Media Studies,Business & Management,Veterinary Science,Mathematics & Statistics,Art, Performing Arts & Design,Other Health,Law,Geology, Environmental, Earth & Marine Sciences,Medicine & Dentistry,Accounting & Finance,Geography,History, Philosophy & Theology,Biological Sciences,Politics & International Studies (incl Development Studies),Archaeology,Computer Science,Physics & Astronomy,Languages, Literature & Linguistics,Sport Science,Economics & Econometrics,Chemistry,Sociology",12399.0,16%,"1,212",0.0977,59:41:00,59.0,41.0,Undergraduate & Postgraduate,-1.0,129.4,5,80.0,64.5411,38.38,99.6,,45.1,47.0,93.3,16,89.26,94.38,30.5
U0085,University of Geneva,2024,55.0,2.0,54.2,Switzerland,Europe,Geneva,Public,45.1,14.1,63.1,147.0,72.0,75.4,100.0,57.34,"Politics & International Studies (incl Development Studies),Law,History, Philosophy & Theology,Computer Science,Sociology,Economics & Econometrics,Chemistry,Languages, Literature & Linguistics,Biological Sciences,Medicine & Dentistry,Mathematics & Statistics,Physics & Astronomy,Archaeology,Education,Geography,Psychology,Accounting & Finance,Business & Management,Geology, Environmental, Earth & Marine Sciences,Other Health,Communication & Media Studies",18865.0,40%,"1,814",0.0962,62:38:00,62.0,38.0,Undergraduate & Postgraduate,-1.0,129.4,5,80.0,64.5411,38.38,99.6,,41.8,38.0,86.7,40,94.58,82.78,45.1
U0086,Chalmers University of Technology,2024,464.0,10.0,54.0,Sweden,Europe,Gothenburg,Private,26.6,51.5,36.3,408.0,673.0,80.9,100.0,70.38,"Geology, Environmental, Earth & Marine Sciences,Education,Business & Management,Biological Sciences,Accounting & Finance,General Engineering,Physics & Astronomy,Economics & Econometrics,Electrical & Electronic Engineering,Sport Science,Mechanical & Aerospace Engineering,Architecture,Civil Engineering,Other Health,Chemistry,Mathematics & Statistics,Computer Science,Chemical Engineering,Communication & Media Studies",10103.0,17%,"2,500",0.2475,32 : 68,32.0,68.0,Undergraduate & Postgraduate,-1.0,183.66666666666663,6,106.0,60.135250000000006,44.65,245.0,,42.7,46.6,79.4,17,53.51,79.62,26.6
U0087,Macquarie University,2024,324.0,10.0,53.7,Australia,Oceania,Sydney,Public,31.6,41.0,46.5,393.0,327.0,81.3,100.0,69.63,"Physics & Astronomy,Business & Management,Archaeology,Languages, Literature & Linguistics,Electrical & Electronic Engineering,Art, Performing Arts & Design,Economics & Econometrics,Agriculture & Forestry,Accounting & Finance,Architecture,History, Philosophy & Theology,Mathematics & Statistics,General Engineering,Chemistry,Education,Geography,Civil Engineering,Psychology,Politics & International Studies (incl Development Studies),Mechanical & Aerospace Engineering,Computer Science,Biological Sciences,Other Health,Sociology,Geology, Environmental, Earth & Marine Sciences,Medicine & Dentistry,Communication & Media Studies,Law",30371.0,22%,"1,766",0.0581,50:50,,,Undergraduate & Postgraduate,-1.0,250.1428571428572,21,54.0,57.36819047619048,33.990476190476194,519.8125,,36.7,44.2,87.4,22,67.57,81.82,31.6
U0088,University of Vienna,2024,172.0,1.0,53.7,Austria,Europe,Vienna,Public,70.8,42.5,45.6,249.0,174.0,14.5,100.0,62.44,"Communication & Media Studies,Education,Law,Economics & Econometrics,Sport Science,Psychology,Biological Sciences,Sociology,Other Health,Physics & Astronomy,Archaeology,Mathematics & Statistics,History, Philosophy & Theology,Computer Science,Politics & International Studies (incl Development Studies),Accounting & Finance,Geology, Environmental, Earth & Marine Sciences,Geography,Languages, Literature & Linguistics,Business & Management,Chemistry",31318.0,31%,"3,637",0.1161,66:34:00,66.0,34.0,Undergraduate & Postgraduate,-1.0,395.6666666666667,3,119.0,51.20583333333333,30.266666666666666,317.0,,48.7,60.3,77.4,31,82.83,54.92,70.8
U0089,"University of California, Davis",2024,42.0,29.0,53.2,United States,North America,Davis,Public,63.9,44.7,68.8,42.0,31.0,40.7,100.0,52.1,"Agriculture & Forestry,Electrical & Electronic Engineering,Politics & International Studies (incl Development Studies),Mechanical & Aerospace Engineering,Mathematics & Statistics,Chemical Engineering,Art, Performing Arts & Design,Medicine & Dentistry,Business & Management,History, Philosophy & Theology,Psychology,General Engineering,Law,Civil Engineering,Geography,Physics & Astronomy,Chemistry,Sociology,Veterinary Science,Economics & Econometrics,Other Health,Biological Sciences,Computer Science,Accounting & Finance,Education,Geology, Environmental, Earth & Marine Sciences,Communication & Media Studies,Languages, Literature & Linguistics",37926.0,18%,"3,420",0.0902,60:40:00,60.0,40.0,Undergraduate & Postgraduate,-1.0,362.265306122449,98,2.0,56.84324489795918,31.06530612244898,265.6666666666667,23.5,63.7,67.8,87.2,18,95.88,70.04,63.9
U0090,Sapienza University of Rome,2024,67.0,1.0,52.9,Italy,Europe,Rome,Public,79.2,41.0,29.2,61.0,71.0,44.9,100.0,53.05,"Politics & International Studies (incl Development Studies),Law,Mathematics & Statistics,Physics & Astronomy,Education,Art, Performing Arts & Design,Mechanical & Aerospace Engineering,Economics & Econometrics,Languages, Literature & Linguistics,Electrical & Electronic Engineering,Other Health,Geology, Environmental, Earth & Marine Sciences,Computer Science,History, Philosophy & Theology,Geography,General Engineering,Architecture,Chemistry,Accounting & Finance,Sociology,Business & Management,Communication & Media Studies,Archaeology,Biological Sciences,Chemical Engineering,Medicine & Dentistry,Psychology,Civil Engineering",60522.0,9%,"3,287",0.0543,61:39:00,61.0,39.0,Undergraduate & Postgraduate,-1.0,458.72222222222223,18,181.0,47.393,24.450000000000003,335.6666666666667,,53.5,48.1,77.9,9,93.37,63.8,79.2
U0091,Texas A&M University,2024,999.0,999.0,52.9,United States,North America,College Station,Public,62.0,59.6,45.7,,0.0,68.4,100.0,50.0,"Art, Performing Arts & Design,Sociology,Chemistry,History, Philosophy & Theology,Business & Management,Law,Economics & Econometrics,Medicine & Dentistry,Veterinary Science,Psychology,Politics & International Studies (incl Development Studies),Geography,Computer Science,Archaeology,Geology, Environmental, Earth & Marine Sciences,Physics & Astronomy,Electrical & Electronic Engineering,Mechanical & Aerospace Engineering,Mathematics & Statistics,Communication & Media Studies,Architecture,Other Health,Chemical Engineering,General Engineering,Languages, Literature & Linguistics,Accounting & Finance,Civil Engineering,Biological Sciences,Sport Science,Education,Agriculture & Forestry",64427.0,6%,"3,049",0.0473,47:53:00,47.0,53.0,Undergraduate & Postgraduate,-1.0,362.265306122449,98,2.0,56.84324489795918,31.06530612244898,265.6666666666667,23.5,55.2,62.1,77.3,6,0.0,76.5,62.0
U0092,Michigan State University,2024,144.0,63.0,52.7,United States,North America,East Lansing,Public,59.9,49.4,63.7,110.0,65.0,58.0,100.0,55.49,"Education,Languages, Literature & Linguistics,Chemistry,Accounting & Finance,Chemical Engineering,Business & Management,Architecture,Psychology,Mechanical & Aerospace Engineering,Art, Performing Arts & Design,Sport Science,General Engineering,Geography,Communication & Media Studies,Medicine & Dentistry,Law,Geology, Environmental, Earth & Marine Sciences,Sociology,Civil Engineering,Mathematics & Statistics,Computer Science,Veterinary Science,Electrical & Electronic Engineering,Politics & International Studies (incl Development Studies),Biological Sciences,Economics & Econometrics,Other Health,Archaeology,Physics & Astronomy,Agriculture & Forestry,History, Philosophy & Theology",44514.0,11%,"3,008",0.0676,52:48:00,52.0,48.0,Undergraduate & Postgraduate,-1.0,362.265306122449,98,2.0,56.84324489795918,31.06530612244898,265.6666666666667,23.5,54.8,52.3,86.2,11,85.64,75.94,59.9
U0093,University of Science and Technology of China,2024,209.0,9.0,52.6,China (Mainland),Asia,Hefei,Public,52.5,17.5,92.7,102.0,254.0,98.5,100.0,55.09,"Computer Science,Sport Science,Veterinary Science,Art, Performing Arts & Design,Chemical Engineering,Psychology,Politics & International Studies (incl Development Studies),Education,Languages, Literature & Linguistics,Chemistry,Communication & Media Studies,Other Health,General Engineering,Geology, Environmental, Earth & Marine Sciences,Law,Medicine & Dentistry,Civil Engineering,History, Philosophy & Theology,Biological Sciences,Business & Management,Geography,Electrical & Electronic Engineering,Architecture,Physics & Astronomy,Mechanical & Aerospace Engineering,Mathematics & Statistics,Economics & Econometrics,Sociology,Agriculture & Forestry,Accounting & Finance,Archaeology",20252.0,5%,"2,708",0.1337,50:50,,,Undergraduate & Postgraduate,-1.0,328.4,35,12.0,56.53822857142857,28.66857142857143,574.8823529411765,12.0,74.3,66.3,88.2,5,79.12,97.94,52.5
U0094,University of Groningen,2024,100.0,3.0,52.5,Netherlands,Europe,Groningen,Public,52.9,29.9,54.1,97.0,93.0,42.9,100.0,54.85,"General Engineering,Accounting & Finance,Chemical Engineering,Psychology,Economics & Econometrics,Geology, Environmental, Earth & Marine Sciences,Sociology,Biological Sciences,Geography,Archaeology,Law,Business & Management,Computer Science,Medicine & Dentistry,Mathematics & Statistics,Education,History, Philosophy & Theology,Languages, Literature & Linguistics,Other Health,Physics & Astronomy,Communication & Media Studies,Chemistry,Politics & International Studies (incl Development Studies)",31942.0,29%,"3,724",0.1166,53:47:00,53.0,47.0,Undergraduate & Postgraduate,-1.0,116.22222222222224,9,48.0,67.17744444444445,47.4,271.0,,47.5,57.2,94.5,29,90.06,67.98,52.9
U0095,RMIT University,2024,634.0,23.0,52.4,Australia,Oceania,Melbourne,Public,38.6,49.6,,544.0,673.0,68.6,100.0,77.17,General,32574.0,34%,"1,859",0.0571,48:52:00,48.0,52.0,Undergraduate & Postgraduate,-1.0,250.1428571428572,21,54.0,57.36819047619048,33.990476190476194,519.8125,,35.5,36.2,83.2,34,36.45,78.49,38.6
U0096,Nanjing University,2024,200.0,7.0,52.1,China (Mainland),Asia,Nanjing,Public,59.6,25.4,66.0,78.0,163.0,96.9,100.0,53.9,"Other Health,Sociology,Economics & Econometrics,Chemistry,Medicine & Dentistry,Archaeology,History, Philosophy & Theology,General Engineering,Business & Management,Biological Sciences,Architecture,Geology, Environmental, Earth & Marine Sciences,Chemical Engineering,Geography,Physics & Astronomy,Electrical & Electronic Engineering,Accounting & Finance,Psychology,Politics & International Studies (incl Development Studies),Education,Law,Languages, Literature & Linguistics,Art, Performing Arts & Design,Computer Science,Communication & Media Studies,Mathematics & Statistics",36711.0,8%,"3,040",0.0828,54:46:00,54.0,46.0,Undergraduate & Postgraduate,-1.0,328.4,35,12.0,56.53822857142857,28.66857142857143,574.8823529411765,12.0,64.0,61.7,85.3,8,80.02,91.96,59.6
U0097,Aarhus University,2024,88.0,2.0,52.0,Denmark,Europe,Aarhus,Public,55.8,24.7,57.3,83.0,121.0,54.1,100.0,54.15,"Education,Psychology,History, Philosophy & Theology,Biological Sciences,Economics & Econometrics,Law,Geology, Environmental, Earth & Marine Sciences,Chemical Engineering,Communication & Media Studies,Archaeology,Medicine & Dentistry,General Engineering,Physics & Astronomy,Accounting & Finance,Civil Engineering,Veterinary Science,Politics & International Studies (incl Development Studies),Computer Science,Geography,Chemistry,Other Health,Agriculture & Forestry,Art, Performing Arts & Design,Mathematics & Statistics,Business & Management,Mechanical & Aerospace Engineering,Electrical & Electronic Engineering,Sport Science,Sociology,Languages, Literature & Linguistics",26996.0,9%,683,0.0253,56:44:00,56.0,44.0,Undergraduate & Postgraduate,-1.0,143.75,4,103.0,63.334375,45.6,144.75,,44.9,59.0,86.3,9,91.27,73.1,55.8
U0098,Queen Mary University of London,2024,187.0,18.0,51.9,United Kingdom,Europe,London,Public,48.8,32.8,73.5,276.0,200.0,50.7,100.0,63.79,"Communication & Media Studies,Law,Economics & Econometrics,Mathematics & Statistics,Psychology,Electrical & Electronic Engineering,General Engineering,Biological Sciences,Chemistry,Geography,Business & Management,Computer Science,History, Philosophy & Theology,Civil Engineering,Art, Performing Arts & Design,Geology, Environmental, Earth & Marine Sciences,Accounting & Finance,Mechanical & Aerospace Engineering,Medicine & Dentistry,Physics & Astronomy,Languages, Literature & Linguistics,Politics & International Studies (incl Development Studies),Veterinary Science,Other Health,Chemical Engineering",22205.0,45%,"2,119",0.0954,54:46:00,54.0,46.0,Undergraduate & Postgraduate,-1.0,455.4347826086956,69,1.0,50.81734057971014,25.96666666666667,388.05,48.5,37.6,42.6,97.9,45,81.33,74.98,48.8
U0099,Rice University,2024,129.0,57.0,51.9,United States,North America,Houston,Private,38.7,22.9,99.1,407.0,108.0,82.5,100.0,70.33,"Sociology,Business & Management,Computer Science,Sport Science,Architecture,Politics & International Studies (incl Development Studies),Electrical & Electronic Engineering,Languages, Literature & Linguistics,Psychology,General Engineering,Art, Performing Arts & Design,Biological Sciences,Economics & Econometrics,Geology, Environmental, Earth & Marine Sciences,Medicine & Dentistry,Archaeology,Other Health,Physics & Astronomy,History, Philosophy & Theology,Accounting & Finance,Mechanical & Aerospace Engineering,Civil Engineering,Education,Mathematics & Statistics,Chemistry,Chemical Engineering",7318.0,26%,996,0.1361,42:58:00,42.0,58.0,Undergraduate & Postgraduate,-1.0,362.265306122449,98,2.0,56.84324489795918,31.06530612244898,265.6666666666667,23.5,56.4,45.6,86.5,26,87.15,92.82,38.7
U0100,University of Bath,2024,391.0,33.0,51.8,United Kingdom,Europe,Bath,Public,35.6,74.3,39.9,475.0,327.0,61.9,100.0,73.73,"General Engineering,Languages, Literature & Linguistics,Physics & Astronomy,Sport Science,Sociology,Electrical & Electronic Engineering,Chemical Engineering,Education,Other Health,Chemistry,Psychology,Computer Science,Geology, Environmental, Earth & Marine Sciences,Mechanical & Aerospace Engineering,Economics & Econometrics,Architecture,Biological Sciences,Mathematics & Statistics,Business & Management,Accounting & Finance,Politics & International Studies (incl Development Studies),Civil Engineering",15280.0,31%,"1,339",0.0876,45:55:00,45.0,55.0,Undergraduate & Postgraduate,-1.0,455.4347826086956,69,1.0,50.81734057971014,25.96666666666667,388.05,48.5,34.7,35.1,80.5,31,60.84,72.74,35.6
U0101,Wageningen University & Research,2024,999.0,999.0,51.3,Netherlands,Europe,Wageningen,Public,43.3,19.0,53.0,,0.0,46.0,100.0,50.0,"Chemical Engineering,Economics & Econometrics,Geology, Environmental, Earth & Marine Sciences,Business & Management,Other Health,Sociology,Communication & Media Studies,Biological Sciences,Politics & International Studies (incl Development Studies),Veterinary Science,Agriculture & Forestry,Chemistry",15899.0,28%,"2,767",0.174,54:46:00,54.0,46.0,Undergraduate & Postgraduate,-1.0,116.22222222222224,9,48.0,67.17744444444445,47.4,271.0,,56.4,59.8,93.8,28,0.0,69.0,43.3
U0102,Cardiff University,2024,131.0,10.0,50.5,United Kingdom,Europe,Cardiff,Public,46.5,48.3,51.7,212.0,121.0,39.6,100.0,60.59,"Education,Psychology,Other Health,Archaeology,Geology, Environmental, Earth & Marine Sciences,Law,Business & Management,Politics & International Studies (incl Development Studies),Architecture,Computer Science,Chemistry,History, Philosophy & Theology,Civil Engineering,Geography,Art, Performing Arts & Design,Electrical & Electronic Engineering,Communication & Media Studies,Medicine & Dentistry,Biological Sciences,Accounting & Finance,General Engineering,Mathematics & Statistics,Languages, Literature & Linguistics,Mechanical & Aerospace Engineering,Sociology,Chemical Engineering,Economics & Econometrics,Physics & Astronomy",28815.0,27%,"3,350",0.1163,58:42:00,58.0,42.0,Undergraduate & Postgraduate,-1.0,455.4347826086956,69,1.0,50.81734057971014,25.96666666666667,388.05,48.5,35.5,39.6,91.9,27,86.95,66.18,46.5
U0103,Ghent University,2024,104.0,1.0,50.2,Belgium,Europe,Ghent,Public,53.4,25.2,52.8,55.0,101.0,25.1,100.0,52.75,"Accounting & Finance,Education,Economics & Econometrics,General Engineering,Psychology,Archaeology,Computer Science,Sport Science,Business & Management,Mechanical & Aerospace Engineering,Physics & Astronomy,History, Philosophy & Theology,Other Health,Biological Sciences,Geography,Civil Engineering,Agriculture & Forestry,Politics & International Studies (incl Development Studies),Languages, Literature & Linguistics,Law,Mathematics & Statistics,Art, Performing Arts & Design,Chemical Engineering,Geology, Environmental, Earth & Marine Sciences,Medicine & Dentistry,Veterinary Science,Electrical & Electronic Engineering,Communication & Media Studies,Chemistry,Sociology",41487.0,12%,"5,537",0.1335,57:43:00,57.0,43.0,Undergraduate & Postgraduate,-1.0,107.33333333333331,3,45.0,68.01683333333334,53.9,122.33333333333331,,47.2,59.3,85.3,12,89.66,60.6,53.4
U0104,University of Wollongong,2024,397.0,14.0,50.1,Australia,Oceania,Wollongong,Public,29.7,25.1,43.5,410.0,363.0,93.8,100.0,70.48,"Agriculture & Forestry,Languages, Literature & Linguistics,Medicine & Dentistry,Civil Engineering,Mathematics & Statistics,History, Philosophy & Theology,Psychology,Art, Performing Arts & Design,Electrical & Electronic Engineering,Sociology,Chemistry,Accounting & Finance,Mechanical & Aerospace Engineering,Archaeology,Biological Sciences,Architecture,Other Health,Geography,Law,Geology, Environmental, Earth & Marine Sciences,General Engineering,Economics & Econometrics,Sport Science,Computer Science,Politics & International Studies (incl Development Studies),Physics & Astronomy,Communication & Media Studies,Education,Business & Management",16328.0,22%,"1,410",0.0864,55:45:00,55.0,45.0,Undergraduate & Postgraduate,-1.0,250.1428571428572,21,54.0,57.36819047619048,33.990476190476194,519.8125,,36.8,39.3,84.0,22,60.24,86.22,29.7
U0105,Hanyang University,2024,336.0,7.0,49.7,South Korea,Asia,Seoul,Private,49.0,81.3,26.9,194.0,460.0,23.3,100.0,59.69,"Sociology,Biological Sciences,Sport Science,Mathematics & Statistics,History, Philosophy & Theology,Chemical Engineering,Psychology,Education,Business & Management,Accounting & Finance,Archaeology,Other Health,Art, Performing Arts & Design,Electrical & Electronic Engineering,Politics & International Studies (incl Development Studies),Mechanical & Aerospace Engineering,Geology, Environmental, Earth & Marine Sciences,Law,Computer Science,Architecture,Medicine & Dentistry,Chemistry,Languages, Literature & Linguistics,General Engineering,Communication & Media Studies,Economics & Econometrics,Physics & Astronomy,Civil Engineering",19344.0,21%,"3,164",0.1636,50:50,,,Undergraduate & Postgraduate,-1.0,667.5,18,62.0,43.17502777777778,24.98333333333333,605.0,,45.4,40.4,62.0,21,66.37,54.7,49.0
U0106,Kyushu University,2024,226.0,9.0,49.7,Japan,Asia,Fukuoka City,Public,57.4,70.0,23.2,124.0,363.0,23.9,100.0,56.19,"Languages, Literature & Linguistics,General Engineering,Economics & Econometrics,Law,Sociology,Architecture,Medicine & Dentistry,Veterinary Science,Communication & Media Studies,Chemical Engineering,Psychology,Other Health,Sport Science,Geography,History, Philosophy & Theology,Mechanical & Aerospace Engineering,Chemistry,Archaeology,Education,Biological Sciences,Politics & International Studies (incl Development Studies),Art, Performing Arts & Design,Computer Science,Agriculture & Forestry,Business & Management,Electrical & Electronic Engineering,Mathematics & Statistics,Accounting & Finance,Civil Engineering,Physics & Astronomy,Geology, Environmental, Earth & Marine Sciences",18220.0,13%,"2,761",0.1515,28 : 72,28.0,72.0,Undergraduate & Postgraduate,-1.0,1011.972972972973,37,29.0,35.23782432432433,24.98108108108108,567.8518518518518,,55.0,47.5,51.2,13,77.41,54.2,57.4
U0107,University of York,2024,279.0,27.0,49.4,United Kingdom,Europe,York,Public,43.5,35.3,81.9,362.0,174.0,40.3,100.0,68.08,"General Engineering,Biological Sciences,Physics & Astronomy,Accounting & Finance,Geology, Environmental, Earth & Marine Sciences,Psychology,History, Philosophy & Theology,Other Health,Business & Management,Chemistry,Archaeology,Mathematics & Statistics,Computer Science,Art, Performing Arts & Design,Politics & International Studies (incl Development Studies),Education,Law,Languages, Literature & Linguistics,Electrical & Electronic Engineering,Sociology,Economics & Econometrics,Geography",19505.0,31%,"2,209",0.1133,56:44:00,56.0,44.0,Undergraduate & Postgraduate,-1.0,455.4347826086956,69,1.0,50.81734057971014,25.96666666666667,388.05,48.5,42.4,44.8,90.8,31,72.09,72.5,43.5
U0108,University of Florida,2024,62.0,38.0,49.1,United States,North America,Gainesville,Public,48.0,58.7,50.9,40.0,43.0,26.6,100.0,52.0,"Veterinary Science,Languages, Literature & Linguistics,Law,Geography,Psychology,Politics & International Studies (incl Development Studies),Civil Engineering,Biological Sciences,Agriculture & Forestry,Geology, Environmental, Earth & Marine Sciences,Sociology,Accounting & Finance,Medicine & Dentistry,Other Health,Economics & Econometrics,Sport Science,Chemical Engineering,Mathematics & Statistics,Business & Management,Chemistry,Physics & Astronomy,Education,Electrical & Electronic Engineering,Mechanical & Aerospace Engineering,History, Philosophy & Theology,Art, Performing Arts & Design,Communication & Media Studies,Architecture,Computer Science,General Engineering",48114.0,9%,"6,222",0.1293,56:44:00,56.0,44.0,Undergraduate & Postgraduate,-1.0,362.265306122449,98,2.0,56.84324489795918,31.06530612244898,265.6666666666667,23.5,55.5,56.7,78.3,9,93.88,60.82,48.0
U0109,"University of Maryland, College Park",2024,47.0,31.0,48.9,United States,North America,College Park,Public,49.2,26.1,79.2,92.0,42.0,68.4,100.0,54.6,"Chemical Engineering,Business & Management,Architecture,History, Philosophy & Theology,Chemistry,Other Health,Art, Performing Arts & Design,Electrical & Electronic Engineering,Archaeology,Politics & International Studies (incl Development Studies),Education,Sociology,Accounting & Finance,Mechanical & Aerospace Engineering,Physics & Astronomy,Civil Engineering,Geology, Environmental, Earth & Marine Sciences,Languages, Literature & Linguistics,Agriculture & Forestry,Communication & Media Studies,Veterinary Science,General Engineering,Economics & Econometrics,Sport Science,Geography,Biological Sciences,Mathematics & Statistics,Computer Science",33988.0,9%,"3,798",0.1117,49:51:00,49.0,51.0,Undergraduate & Postgraduate,-1.0,362.265306122449,98,2.0,56.84324489795918,31.06530612244898,265.6666666666667,23.5,49.4,58.1,92.8,9,95.38,83.2,49.2
U0110,University of Reading,2024,407.0,34.0,48.9,United Kingdom,Europe,Reading,Public,33.2,39.3,55.4,496.0,460.0,67.4,100.0,74.78,"Accounting & Finance,Law,Communication & Media Studies,Business & Management,Agriculture & Forestry,Geography,History, Philosophy & Theology,Other Health,Biological Sciences,Economics & Econometrics,Geology, Environmental, Earth & Marine Sciences,Languages, Literature & Linguistics,Mechanical & Aerospace Engineering,Politics & International Studies (incl Development Studies),Architecture,Civil Engineering,Physics & Astronomy,Sociology,Art, Performing Arts & Design,Education,Chemistry,General Engineering,Psychology,Archaeology,Chemical Engineering,Veterinary Science,Computer Science,Mathematics & Statistics",15945.0,31%,"1,325",0.0831,55:45:00,55.0,45.0,Undergraduate & Postgraduate,-1.0,455.4347826086956,69,1.0,50.81734057971014,25.96666666666667,388.05,48.5,37.5,40.6,84.1,31,59.24,78.04,33.2
U0111,Complutense University of Madrid,2024,264.0,3.0,48.8,Spain,Europe,Madrid,Public,68.2,69.3,,178.0,363.0,7.0,100.0,58.89,General,59814.0,10%,"4,778",0.0799,62:38:00,62.0,38.0,Undergraduate & Postgraduate,-1.0,727.0,9,313.0,39.44405555555555,25.51111111111111,558.7142857142857,,40.3,29.4,58.8,10,73.59,53.85,68.2
U0112,University College Dublin,2024,225.0,1.0,48.8,Ireland,Europe,Dublin,Public,49.8,41.3,86.3,315.0,200.0,38.9,100.0,65.73,"Accounting & Finance,Languages, Literature & Linguistics,Chemical Engineering,Geology, Environmental, Earth & Marine Sciences,Medicine & Dentistry,Agriculture & Forestry,Politics & International Studies (incl Development Studies),Economics & Econometrics,Mechanical & Aerospace Engineering,Communication & Media Studies,History, Philosophy & Theology,Electrical & Electronic Engineering,Biological Sciences,General Engineering,Chemistry,Architecture,Education,Mathematics & Statistics,Geography,Business & Management,Law,Psychology,Archaeology,Computer Science,Physics & Astronomy,Art, Performing Arts & Design,Civil Engineering,Veterinary Science,Sociology,Other Health,Sport Science",23405.0,25%,"1,836",0.0784,50:50,,,Undergraduate & Postgraduate,-1.0,484.2857142857143,7,231.0,47.20792857142857,23.4,544.0,,34.3,41.3,84.0,25,77.51,72.82,49.8
U0113,Qatar University,2024,999.0,999.0,48.7,Qatar,Asia,Doha,Public,27.1,43.9,,,0.0,38.8,100.0,50.0,General,10081.0,36%,"1,163",0.1154,77:23:00,77.0,23.0,Undergraduate & Postgraduate,-1.0,282.0,1,282.0,54.249500000000005,27.1,,,31.3,35.6,83.4,36,0.0,66.57,27.1
U0114,University of Cape Town,2024,223.0,1.0,48.7,South Africa,Africa,Cape Town,Public,44.4,51.0,82.8,293.0,254.0,45.7,100.0,64.64,"Other Health,Communication & Media Studies,Art, Performing Arts & Design,Biological Sciences,Archaeology,Mechanical & Aerospace Engineering,Business & Management,General Engineering,Physics & Astronomy,History, Philosophy & Theology,Education,Sport Science,Politics & International Studies (incl Development Studies),Economics & Econometrics,Chemical Engineering,Psychology,Languages, Literature & Linguistics,Computer Science,Chemistry,Geography,Accounting & Finance,Electrical & Electronic Engineering,Mathematics & Statistics,Sociology,Architecture,Law,Medicine & Dentistry,Civil Engineering,Geology, Environmental, Earth & Marine Sciences",21961.0,13%,"1,503",0.0684,54:46:00,54.0,46.0,Undergraduate & Postgraduate,-1.0,629.0,8,167.0,43.0708125,17.4875,559.4,,38.7,47.0,88.3,13,77.71,74.84,44.4
U0115,Nagoya University,2024,113.0,4.0,48.5,Japan,Asia,Nagoya,Public,61.5,65.1,43.8,132.0,222.0,33.0,100.0,56.59,"Other Health,Mathematics & Statistics,Archaeology,Computer Science,Mechanical & Aerospace Engineering,Politics & International Studies (incl Development Studies),Economics & Econometrics,Geology, Environmental, Earth & Marine Sciences,General Engineering,Biological Sciences,Languages, Literature & Linguistics,History, Philosophy & Theology,Electrical & Electronic Engineering,Sport Science,Sociology,Education,Physics & Astronomy,Psychology,Business & Management,Accounting & Finance,Civil Engineering,Chemistry,Architecture,Medicine & Dentistry,Law,Geography,Agriculture & Forestry,Communication & Media Studies,Chemical Engineering",15224.0,12%,"2,512",0.165,30 : 70,30.0,70.0,Undergraduate & Postgraduate,-1.0,1011.972972972973,37,29.0,35.23782432432433,24.98108108108108,567.8518518518518,,55.3,55.7,54.3,12,88.76,61.96,61.5
U0116,University of Liverpool,2024,179.0,17.0,48.5,United Kingdom,Europe,Liverpool,Public,44.4,35.0,59.6,189.0,139.0,37.9,100.0,59.44,"Archaeology,Architecture,Communication & Media Studies,Languages, Literature & Linguistics,Accounting & Finance,Business & Management,Computer Science,Electrical & Electronic Engineering,General Engineering,Mechanical & Aerospace Engineering,Biological Sciences,Medicine & Dentistry,Psychology,Veterinary Science,Law,Chemistry,Geology, Environmental, Earth & Marine Sciences,Mathematics & Statistics,Physics & Astronomy,Geography,Politics & International Studies (incl Development Studies),Sociology",25955.0,32%,"2,771",0.1068,54:46:00,54.0,46.0,Undergraduate & Postgraduate,-1.0,455.4347826086956,69,1.0,50.81734057971014,25.96666666666667,388.05,48.5,38.4,40.2,93.4,32,82.13,67.08,44.4
U0117,University of Calgary,2024,196.0,7.0,47.9,Canada,North America,Calgary,Public,37.7,61.2,39.7,141.0,240.0,41.5,100.0,57.04,"Geography,Psychology,Mechanical & Aerospace Engineering,Veterinary Science,History, Philosophy & Theology,Other Health,Sport Science,Physics & Astronomy,Accounting & Finance,Electrical & Electronic Engineering,Mathematics & Statistics,Art, Performing Arts & Design,Chemical Engineering,Chemistry,Education,Law,Archaeology,Civil Engineering,Politics & International Studies (incl Development Studies),Business & Management,Economics & Econometrics,General Engineering,Geology, Environmental, Earth & Marine Sciences,Sociology,Architecture,Medicine & Dentistry,Communication & Media Studies,Languages, Literature & Linguistics,Computer Science,Biological Sciences",34012.0,24%,"2,668",0.0784,54:46:00,54.0,46.0,Undergraduate & Postgraduate,-1.0,315.2173913043478,23,21.0,55.883456521739134,32.3,294.85714285714283,,36.5,41.4,81.7,24,80.42,64.54,37.7
U0118,Curtin University,2024,400.0,16.0,47.8,Australia,Oceania,Perth,Public,32.4,31.8,28.7,324.0,898.0,86.2,100.0,66.18,"History, Philosophy & Theology,Civil Engineering,Mathematics & Statistics,Business & Management,Law,Electrical & Electronic Engineering,General Engineering,Physics & Astronomy,Economics & Econometrics,Politics & International Studies (incl Development Studies),Psychology,Education,Chemical Engineering,Languages, Literature & Linguistics,Computer Science,Sport Science,Archaeology,Mechanical & Aerospace Engineering,Accounting & Finance,Agriculture & Forestry,Communication & Media Studies,Art, Performing Arts & Design,Other Health,Geology, Environmental, Earth & Marine Sciences,Biological Sciences,Medicine & Dentistry,Geography,Chemistry,Sociology,Architecture",29283.0,29%,"1,698",0.058,53:47:00,53.0,47.0,Undergraduate & Postgraduate,-1.0,250.1428571428572,21,54.0,57.36819047619048,33.990476190476194,519.8125,,30.2,36.5,87.5,29,59.94,80.22,32.4
U0119,École Normale Supérieure de Lyon,2024,999.0,999.0,47.6,France,Europe,Lyon,Public,30.5,14.4,88.8,,0.0,98.4,100.0,50.0,"History, Philosophy & Theology,Mathematics & Statistics,Sociology,Chemistry,Languages, Literature & Linguistics,Physics & Astronomy,Education,Geography,Computer Science,Biological Sciences,Economics & Econometrics,Art, Performing Arts & Design,Geology, Environmental, Earth & Marine Sciences",2024.0,11%,387,0.1912,43:57:00,43.0,57.0,Undergraduate & Postgraduate,-1.0,373.0,9,58.0,54.703833333333336,38.41111111111111,207.0,,58.5,46.8,53.9,11,0.0,97.12,30.5
U0120,University of Gothenburg,2024,166.0,6.0,47.3,Sweden,Europe,Gothenburg,Public,36.2,16.9,55.7,208.0,187.0,39.4,100.0,60.39,"Economics & Econometrics,Geology, Environmental, Earth & Marine Sciences,Computer Science,Business & Management,Physics & Astronomy,Education,Sociology,Languages, Literature & Linguistics,Sport Science,Geography,Chemistry,Accounting & Finance,Archaeology,Law,Communication & Media Studies,History, Philosophy & Theology,Other Health,Psychology,Medicine & Dentistry,Mathematics & Statistics,Art, Performing Arts & Design,Biological Sciences,Politics & International Studies (incl Development Studies)",21698.0,13%,"2,680",0.1235,50:50,,,Undergraduate & Postgraduate,-1.0,183.66666666666663,6,106.0,60.135250000000006,44.65,245.0,,34.0,43.4,90.2,13,83.43,66.9,36.2
U0121,McMaster University,2024,121.0,6.0,46.8,Canada,North America,Hamilton,Public,40.5,38.2,68.5,140.0,57.0,29.0,100.0,56.99,"Accounting & Finance,Communication & Media Studies,Chemical Engineering,Psychology,Art, Performing Arts & Design,Civil Engineering,Economics & Econometrics,Biological Sciences,Archaeology,General Engineering,Chemistry,Computer Science,Mechanical & Aerospace Engineering,Other Health,Electrical & Electronic Engineering,Geography,History, Philosophy & Theology,Politics & International Studies (incl Development Studies),Medicine & Dentistry,Business & Management,Sport Science,Sociology,Languages, Literature & Linguistics,Geology, Environmental, Earth & Marine Sciences,Mathematics & Statistics,Physics & Astronomy",28254.0,22%,"3,819",0.1352,56:44:00,56.0,44.0,Undergraduate & Postgraduate,-1.0,315.2173913043478,23,21.0,55.883456521739134,32.3,294.85714285714283,,43.8,51.3,93.0,22,87.95,65.3,40.5
U0122,Wuhan University,2024,335.0,20.0,46.6,China (Mainland),Asia,Wuhan,Public,40.9,44.0,25.3,143.0,898.0,87.4,100.0,57.14,"Law,Psychology,History, Philosophy & Theology,Computer Science,Geology, Environmental, Earth & Marine Sciences,Biological Sciences,Geography,General Engineering,Education,Physics & Astronomy,Mathematics & Statistics,Electrical & Electronic Engineering,Accounting & Finance,Agriculture & Forestry,Languages, Literature & Linguistics,Veterinary Science,Economics & Econometrics,Civil Engineering,Architecture,Archaeology,Other Health,Chemical Engineering,Mechanical & Aerospace Engineering,Business & Management,Communication & Media Studies,Art, Performing Arts & Design,Chemistry,Politics & International Studies (incl Development Studies),Medicine & Dentistry,Sociology",56066.0,5%,"3,828",0.0683,50:50,,,Undergraduate & Postgraduate,-1.0,328.4,35,12.0,56.53822857142857,28.66857142857143,574.8823529411765,12.0,50.9,45.0,88.5,5,66.47,80.02,40.9
U0123,Hokkaido University,2024,174.0,7.0,46.2,Japan,Asia,Sapporo,Public,57.3,66.0,21.6,137.0,304.0,27.8,100.0,56.84,"Accounting & Finance,Electrical & Electronic Engineering,Geology, Environmental, Earth & Marine Sciences,Education,Veterinary Science,Art, Performing Arts & Design,Chemical Engineering,Sociology,Computer Science,Agriculture & Forestry,Physics & Astronomy,Economics & Econometrics,Biological Sciences,Mathematics & Statistics,History, Philosophy & Theology,Civil Engineering,Politics & International Studies (incl Development Studies),Archaeology,Business & Management,Sport Science,Psychology,Architecture,Medicine & Dentistry,Law,Communication & Media Studies,Other Health,Mechanical & Aerospace Engineering,Geography,Languages, Literature & Linguistics,General Engineering,Chemistry",17659.0,10%,"2,476",0.1402,29 : 71,29.0,71.0,Undergraduate & Postgraduate,-1.0,1011.972972972973,37,29.0,35.23782432432433,24.98108108108108,567.8518518518518,,51.2,44.0,47.4,10,82.63,55.44,57.3
U0124,Emory University,2024,80.0,47.0,45.9,United States,North America,Atlanta,Private,25.6,16.4,77.8,101.0,63.0,69.7,100.0,55.04,"Law,Other Health,Politics & International Studies (incl Development Studies),History, Philosophy & Theology,Physics & Astronomy,Biological Sciences,Business & Management,Chemistry,Computer Science,Psychology,Economics & Econometrics,Communication & Media Studies,General Engineering,Accounting & Finance,Geology, Environmental, Earth & Marine Sciences,Medicine & Dentistry,Sociology,Languages, Literature & Linguistics,Art, Performing Arts & Design,Mathematics & Statistics",13127.0,19%,"2,725",0.2076,61:39:00,61.0,39.0,Undergraduate & Postgraduate,-1.0,362.265306122449,98,2.0,56.84324489795918,31.06530612244898,265.6666666666667,23.5,53.1,45.7,95.5,19,92.07,83.44,25.6
U0125,Waseda University,2024,303.0,12.0,45.9,Japan,Asia,Tokyo,Private,60.2,97.3,29.7,470.0,541.0,4.3,100.0,73.48,"Languages, Literature & Linguistics,Computer Science,Biological Sciences,Accounting & Finance,General Engineering,Physics & Astronomy,Business & Management,Civil Engineering,Geology, Environmental, Earth & Marine Sciences,Archaeology,Education,Psychology,Medicine & Dentistry,Sport Science,Politics & International Studies (incl Development Studies),Other Health,Chemistry,History, Philosophy & Theology,Electrical & Electronic Engineering,Mathematics & Statistics,Art, Performing Arts & Design,Mechanical & Aerospace Engineering,Geography,Chemical Engineering,Communication & Media Studies,Economics & Econometrics,Architecture,Law,Sociology",46013.0,13%,"3,833",0.0833,39 : 61,39.0,61.0,Undergraduate & Postgraduate,-1.0,1011.972972972973,37,29.0,35.23782432432433,24.98108108108108,567.8518518518518,,33.7,26.2,43.1,13,69.68,47.66,60.2
U0126,King Saud University,2024,421.0,2.0,45.2,Saudi Arabia,Asia,Riyadh,Public,36.9,21.3,32.3,191.0,898.0,32.2,100.0,59.54,"Physics & Astronomy,Veterinary Science,Geography,Languages, Literature & Linguistics,History, Philosophy & Theology,Chemical Engineering,Agriculture & Forestry,Art, Performing Arts & Design,Electrical & Electronic Engineering,Sport Science,Computer Science,Biological Sciences,Psychology,Accounting & Finance,Mechanical & Aerospace Engineering,Politics & International Studies (incl Development Studies),Architecture,Civil Engineering,Geology, Environmental, Earth & Marine Sciences,Archaeology,Economics & Econometrics,Law,Communication & Media Studies,Medicine & Dentistry,Mathematics & Statistics,Business & Management,Other Health,Sociology,Education,General Engineering,Chemistry",50906.0,6%,"4,216",0.0828,43:57:00,43.0,57.0,Undergraduate & Postgraduate,-1.0,721.5555555555555,9,424.0,39.266333333333336,13.544444444444444,898.0,,31.4,19.9,84.5,6,57.83,59.34,36.9
U0127,University of Ottawa,2024,205.0,9.0,45.2,Canada,North America,Ottawa,Public,26.5,29.7,54.8,162.0,200.0,79.1,100.0,58.09,"Languages, Literature & Linguistics,Computer Science,Veterinary Science,Psychology,Accounting & Finance,Electrical & Electronic Engineering,Mathematics & Statistics,Economics & Econometrics,Geology, Environmental, Earth & Marine Sciences,Other Health,Sport Science,History, Philosophy & Theology,Education,Biological Sciences,Communication & Media Studies,Medicine & Dentistry,Chemistry,General Engineering,Politics & International Studies (incl Development Studies),Law,Sociology,Business & Management,Civil Engineering,Physics & Astronomy,Art, Performing Arts & Design,Chemical Engineering,Mechanical & Aerospace Engineering,Geography",38366.0,26%,"1,677",0.0437,59:41:00,59.0,41.0,Undergraduate & Postgraduate,-1.0,315.2173913043478,23,21.0,55.883456521739134,32.3,294.85714285714283,,39.6,46.5,84.4,26,79.52,82.6,26.5
U0128,University of Otago,2024,309.0,2.0,45.0,New Zealand,Oceania,Dunedin,Public,46.3,27.1,48.0,323.0,254.0,51.0,100.0,66.13,"Mathematics & Statistics,Medicine & Dentistry,Business & Management,Agriculture & Forestry,Accounting & Finance,Art, Performing Arts & Design,Law,History, Philosophy & Theology,Biological Sciences,Communication & Media Studies,Economics & Econometrics,Sport Science,Politics & International Studies (incl Development Studies),Education,Sociology,Other Health,Geology, Environmental, Earth & Marine Sciences,Languages, Literature & Linguistics,Physics & Astronomy,Archaeology,Computer Science,Geography,Chemistry,Psychology",19350.0,16%,"1,333",0.0689,61:39:00,61.0,39.0,Undergraduate & Postgraduate,-1.0,425.5,4,320.0,48.221,34.974999999999994,400.0,,35.6,35.1,75.8,16,69.08,70.0,46.3
U0129,Vrije Universiteit Amsterdam,2024,999.0,999.0,44.9,Netherlands,Europe,Amsterdam,Public,39.6,15.7,58.5,,0.0,68.1,100.0,50.0,"Architecture,Mathematics & Statistics,Economics & Econometrics,Sociology,Politics & International Studies (incl Development Studies),Other Health,Geology, Environmental, Earth & Marine Sciences,Archaeology,Art, Performing Arts & Design,History, Philosophy & Theology,Geography,Law,Communication & Media Studies,Computer Science,Chemistry,Education,Accounting & Finance,Medicine & Dentistry,Sport Science,Physics & Astronomy,Mechanical & Aerospace Engineering,Business & Management,Psychology,Agriculture & Forestry,Languages, Literature & Linguistics,Biological Sciences",31704.0,18%,"2,598",0.0819,57:43:00,57.0,43.0,Undergraduate & Postgraduate,-1.0,116.22222222222224,9,48.0,67.17744444444445,47.4,271.0,,40.4,51.0,93.4,18,0.0,78.94,39.6
U0130,University of Aberdeen,2024,243.0,22.0,44.6,United Kingdom,Europe,Aberdeen,Public,29.6,32.5,64.6,348.0,254.0,42.1,100.0,67.38,"Computer Science,General Engineering,Geography,Archaeology,Mechanical & Aerospace Engineering,Civil Engineering,Business & Management,Biological Sciences,Economics & Econometrics,Education,History, Philosophy & Theology,Psychology,Chemistry,Geology, Environmental, Earth & Marine Sciences,Politics & International Studies (incl Development Studies),Accounting & Finance,Medicine & Dentistry,Art, Performing Arts & Design,Chemical Engineering,Mathematics & Statistics,Languages, Literature & Linguistics,Other Health,Sport Science,Sociology,Law,Electrical & Electronic Engineering,Physics & Astronomy",12755.0,40%,"1,175",0.0921,58:42:00,58.0,42.0,Undergraduate & Postgraduate,-1.0,455.4347826086956,69,1.0,50.81734057971014,25.96666666666667,388.05,48.5,36.4,35.8,81.8,40,75.7,69.76,29.6
U0131,University of Twente,2024,395.0,12.0,44.4,Netherlands,Europe,Enschede,Public,20.6,38.3,42.0,422.0,275.0,65.3,100.0,71.08,"Other Health,Psychology,Computer Science,Agriculture & Forestry,Politics & International Studies (incl Development Studies),Accounting & Finance,Mechanical & Aerospace Engineering,Geology, Environmental, Earth & Marine Sciences,Chemical Engineering,Communication & Media Studies,Business & Management,General Engineering,Mathematics & Statistics,Law,Chemistry,Economics & Econometrics,Civil Engineering,Sociology,History, Philosophy & Theology,Electrical & Electronic Engineering,Physics & Astronomy,Education,Biological Sciences,Geography,Sport Science,Medicine & Dentistry",9964.0,38%,"1,177",0.1181,37 : 63,37.0,63.0,Undergraduate & Postgraduate,-1.0,116.22222222222224,9,48.0,67.17744444444445,47.4,271.0,,43.4,46.0,75.1,38,60.44,74.52,20.6
U0132,Chulalongkorn University,2024,488.0,2.0,44.3,Thailand,Asia,Bangkok,Public,66.6,50.1,,435.0,460.0,7.0,75.0,59.23,General,34552.0,3%,"3,354",0.0971,56:44:00,56.0,44.0,Undergraduate & Postgraduate,-1.0,1271.3,10,612.0,27.2866,24.82,732.25,,36.7,32.2,50.2,3,51.1,43.85,66.6
U0133,Loughborough University,2024,612.0,44.0,44.2,United Kingdom,Europe,Loughborough,Public,30.5,66.8,9.2,520.0,541.0,34.6,100.0,75.97,"Art, Performing Arts & Design,Chemical Engineering,Accounting & Finance,General Engineering,Sociology,Geography,Physics & Astronomy,Economics & Econometrics,Civil Engineering,Politics & International Studies (incl Development Studies),Business & Management,Languages, Literature & Linguistics,Mechanical & Aerospace Engineering,Electrical & Electronic Engineering,Psychology,Medicine & Dentistry,History, Philosophy & Theology,Sport Science,Other Health,Biological Sciences,Communication & Media Studies,Computer Science,Geology, Environmental, Earth & Marine Sciences,Education,Architecture,Mathematics & Statistics,Chemistry",16110.0,25%,"1,445",0.0897,40 : 60,40.0,60.0,Undergraduate & Postgraduate,-1.0,455.4347826086956,69,1.0,50.81734057971014,25.96666666666667,388.05,48.5,36.5,34.4,77.4,25,38.65,55.68,30.5
U0134,Keio University,2024,175.0,8.0,44.0,Japan,Asia,Tokyo,Private,51.4,93.5,26.1,303.0,363.0,6.0,100.0,65.13,"Art, Performing Arts & Design,Chemical Engineering,Chemistry,Communication & Media Studies,Mechanical & Aerospace Engineering,Biological Sciences,Geology, Environmental, Earth & Marine Sciences,Architecture,History, Philosophy & Theology,Economics & Econometrics,Business & Management,Civil Engineering,Computer Science,Sociology,Geography,Archaeology,Law,Physics & Astronomy,Medicine & Dentistry,Languages, Literature & Linguistics,Education,Politics & International Studies (incl Development Studies),Psychology,Sport Science,Electrical & Electronic Engineering,Mathematics & Statistics,Other Health,Accounting & Finance,General Engineering",33577.0,8%,"4,028",0.12,36 : 64,36.0,64.0,Undergraduate & Postgraduate,-1.0,1011.972972972973,37,29.0,35.23782432432433,24.98108108108108,567.8518518518518,,36.9,27.0,49.2,8,82.53,47.62,51.4
U0135,Tel Aviv University,2024,85.0,3.0,43.9,Israel,Asia,Tel Aviv,Public,33.2,23.6,33.0,108.0,151.0,99.9,100.0,55.39,"Medicine & Dentistry,Biological Sciences,Business & Management,Education,Politics & International Studies (incl Development Studies),Languages, Literature & Linguistics,General Engineering,Physics & Astronomy,Art, Performing Arts & Design,Computer Science,Sociology,Economics & Econometrics,Geology, Environmental, Earth & Marine Sciences,History, Philosophy & Theology,Mechanical & Aerospace Engineering,Psychology,Architecture,Agriculture & Forestry,Geography,Accounting & Finance,Electrical & Electronic Engineering,Communication & Media Studies,Archaeology,Law,Mathematics & Statistics,Other Health,Chemistry",24995.0,5%,"1,048",0.0419,57:43:00,57.0,43.0,Undergraduate & Postgraduate,-1.0,476.0,3,209.0,47.23766666666666,18.1,574.0,,40.7,49.7,83.0,5,91.57,86.56,33.2
U0136,Tongji University,2024,312.0,16.0,43.5,China (Mainland),Asia,Shanghai,Public,34.4,13.1,,156.0,541.0,91.8,100.0,57.79,General,31632.0,15%,"2,785",0.088,41:59:00,41.0,59.0,Undergraduate & Postgraduate,-1.0,328.4,35,12.0,56.53822857142857,28.66857142857143,574.8823529411765,12.0,50.0,53.6,69.5,15,68.78,87.77,34.4
U0137,National Yang Ming Chiao Tung University,2024,999.0,999.0,43.3,Taiwan,Asia,Unknown,Public,33.3,67.9,,,0.0,52.1,100.0,50.0,General,16944.0,9%,"2,112",0.1246,36 : 64,36.0,64.0,Undergraduate & Postgraduate,-1.0,1021.181818181818,22,154.0,33.41943181818181,20.48181818181818,734.8571428571429,,44.0,44.3,52.9,9,0.0,71.89,33.3
U0138,University of Sussex,2024,211.0,21.0,43.1,United Kingdom,Europe,Brighton,Public,22.9,8.9,91.6,482.0,163.0,70.9,100.0,74.08,"Art, Performing Arts & Design,Computer Science,Psychology,Communication & Media Studies,Accounting & Finance,Biological Sciences,Electrical & Electronic Engineering,Geography,Mechanical & Aerospace Engineering,Physics & Astronomy,Education,Politics & International Studies (incl Development Studies),General Engineering,Mathematics & Statistics,History, Philosophy & Theology,Business & Management,Law,Languages, Literature & Linguistics,Geology, Environmental, Earth & Marine Sciences,Sociology,Economics & Econometrics,Chemistry",17640.0,34%,"1,320",0.0748,55:45:00,55.0,45.0,Undergraduate & Postgraduate,-1.0,455.4347826086956,69,1.0,50.81734057971014,25.96666666666667,388.05,48.5,29.7,35.6,92.7,34,78.92,86.68,22.9
U0139,University of Lausanne,2024,146.0,7.0,42.7,Switzerland,Europe,Lausanne,Public,29.4,15.1,59.1,286.0,151.0,65.1,100.0,64.29,"Communication & Media Studies,Archaeology,Other Health,Geography,Medicine & Dentistry,Law,Education,Accounting & Finance,Biological Sciences,History, Philosophy & Theology,Sociology,Psychology,Sport Science,Economics & Econometrics,Politics & International Studies (incl Development Studies),Business & Management,Languages, Literature & Linguistics,Geology, Environmental, Earth & Marine Sciences,Computer Science",14478.0,23%,"1,478",0.1021,50:50,,,Undergraduate & Postgraduate,-1.0,129.4,5,80.0,64.5411,38.38,99.6,,41.7,46.3,87.3,23,85.44,77.86,29.4
U0140,University of Rochester,2024,105.0,52.0,42.4,United States,North America,Rochester,Private,22.1,18.4,94.5,220.0,66.0,51.6,100.0,60.99,"Electrical & Electronic Engineering,Education,Politics & International Studies (incl Development Studies),Sociology,Psychology,History, Philosophy & Theology,Chemical Engineering,Computer Science,Art, Performing Arts & Design,Civil Engineering,Biological Sciences,Chemistry,Economics & Econometrics,Mathematics & Statistics,Geology, Environmental, Earth & Marine Sciences,Archaeology,Communication & Media Studies,Languages, Literature & Linguistics,General Engineering,Other Health,Medicine & Dentistry,Accounting & Finance,Business & Management,Mechanical & Aerospace Engineering,Physics & Astronomy",9855.0,34%,"1,853",0.188,50:50:00,50.0,50.0,Undergraduate & Postgraduate,-1.0,362.265306122449,98,2.0,56.84324489795918,31.06530612244898,265.6666666666667,23.5,50.8,42.9,88.3,34,89.56,79.54,22.1
U0141,Indian Institute of Science,2024,420.0,1.0,42.1,India,Asia,Bangalore,Public,41.5,20.0,51.6,342.0,405.0,100.0,100.0,67.08,"Biological Sciences,Geology, Environmental, Earth & Marine Sciences,Computer Science,Mathematics & Statistics,Chemistry,Civil Engineering,Electrical & Electronic Engineering,Mechanical & Aerospace Engineering,Physics & Astronomy,Chemical Engineering",4495.0,1%,446,0.0992,27 : 73,27.0,73.0,Undergraduate & Postgraduate,-1.0,783.3125,16,218.0,38.128875,14.1375,777.0,,62.9,57.8,53.9,1,57.93,90.32,41.5
U0142,National Cheng Kung University (NCKU),2024,999.0,999.0,41.8,Taiwan,Asia,Tainan City,Public,49.4,75.6,30.4,,0.0,21.2,100.0,50.0,"Architecture,Business & Management,Law,Politics & International Studies (incl Development Studies),Archaeology,Education,Biological Sciences,Accounting & Finance,Chemistry,Economics & Econometrics,Agriculture & Forestry,Physics & Astronomy,History, Philosophy & Theology,Civil Engineering,Mathematics & Statistics,Computer Science,Mechanical & Aerospace Engineering,Psychology,Art, Performing Arts & Design,Chemical Engineering,Geology, Environmental, Earth & Marine Sciences,Other Health,General Engineering,Medicine & Dentistry,Electrical & Electronic Engineering,Languages, Literature & Linguistics,Sport Science",20971.0,11%,"2,079",0.0991,37 : 63,37.0,63.0,Undergraduate & Postgraduate,-1.0,1021.181818181818,22,154.0,33.41943181818181,20.48181818181818,734.8571428571429,,35.4,39.2,47.2,11,0.0,54.56,49.4
U0143,Al-Farabi Kazakh National University,2024,999.0,999.0,41.6,Kazakhstan,Asia,Almaty,Public,51.4,74.9,,,0.0,1.4,75.0,37.5,General,24303.0,10%,"4,047",0.1665,59:41:00,59.0,41.0,Undergraduate & Postgraduate,-1.0,1542.0,2,1381.0,21.78675,37.35,,,24.8,11.1,27.1,10,0.0,41.61,51.4
U0144,University of Göttingen,2024,155.0,10.0,41.4,Germany,Europe,Göttingen,Public,47.4,29.0,92.5,188.0,187.0,17.7,100.0,59.39,"Politics & International Studies (incl Development Studies),Veterinary Science,Economics & Econometrics,Chemistry,Medicine & Dentistry,Geology, Environmental, Earth & Marine Sciences,History, Philosophy & Theology,Law,Geography,Languages, Literature & Linguistics,Sport Science,Psychology,Archaeology,Agriculture & Forestry,Business & Management,Physics & Astronomy,Art, Performing Arts & Design,Biological Sciences,Other Health,Computer Science,Mathematics & Statistics,Accounting & Finance,Education,Sociology",23349.0,14%,"3,717",0.1592,53:47:00,53.0,47.0,Undergraduate & Postgraduate,-1.0,234.0,9,31.0,59.47188888888888,32.65555555555556,257.5,,50.0,54.8,90.1,14,84.54,65.58,47.4
U0145,Deakin University,2024,387.0,12.0,41.3,Australia,Oceania,Geelong,Public,29.6,25.8,26.2,397.0,254.0,67.4,100.0,69.83,"Law,Medicine & Dentistry,Politics & International Studies (incl Development Studies),General Engineering,Sociology,Geology, Environmental, Earth & Marine Sciences,Psychology,Art, Performing Arts & Design,Electrical & Electronic Engineering,Architecture,Languages, Literature & Linguistics,Civil Engineering,Sport Science,Business & Management,Economics & Econometrics,Biological Sciences,History, Philosophy & Theology,Mathematics & Statistics,Geography,Mechanical & Aerospace Engineering,Accounting & Finance,Communication & Media Studies,Education,Chemistry,Other Health,Computer Science",40988.0,18%,"1,851",0.0452,60:40:00,60.0,40.0,Undergraduate & Postgraduate,-1.0,250.1428571428572,21,54.0,57.36819047619048,33.990476190476194,519.8125,,28.3,34.6,91.4,18,61.24,72.2,29.6
U0146,Deakin University,2024,387.0,12.0,41.3,Australia,Oceania,Geelong,Public,29.6,25.8,26.2,397.0,254.0,67.4,100.0,69.83,"Law,Medicine & Dentistry,Politics & International Studies (incl Development Studies),General Engineering,Sociology,Geology, Environmental, Earth & Marine Sciences,Psychology,Art, Performing Arts & Design,Electrical & Electronic Engineering,Architecture,Languages, Literature & Linguistics,Civil Engineering,Sport Science,Business & Management,Economics & Econometrics,Biological Sciences,History, Philosophy & Theology,Mathematics & Statistics,Geography,Mechanical & Aerospace Engineering,Accounting & Finance,Communication & Media Studies,Education,Chemistry,Other Health,Computer Science",40988.0,18%,"1,851",0.0452,60:40:00,60.0,40.0,Undergraduate & Postgraduate,-1.0,250.1428571428572,21,54.0,57.36819047619048,33.990476190476194,519.8125,,28.3,34.6,91.4,18,61.24,72.2,29.6
U0147,National Tsing Hua University,2024,378.0,3.0,41.3,Taiwan,Asia,Hsinchu City,Public,53.1,67.7,66.9,316.0,460.0,38.3,100.0,65.78,"Psychology,Economics & Econometrics,Sport Science,Mechanical & Aerospace Engineering,Art, Performing Arts & Design,Mathematics & Statistics,Education,Biological Sciences,Accounting & Finance,Physics & Astronomy,Electrical & Electronic Engineering,Languages, Literature & Linguistics,Medicine & Dentistry,History, Philosophy & Theology,Law,Archaeology,Geology, Environmental, Earth & Marine Sciences,Computer Science,General Engineering,Business & Management,Chemistry,Chemical Engineering,Other Health,Sociology",13979.0,12%,"1,265",0.0905,42:58:00,42.0,58.0,Undergraduate & Postgraduate,-1.0,1021.181818181818,22,154.0,33.41943181818181,20.48181818181818,734.8571428571429,,38.9,42.3,58.4,12,62.15,68.7,53.1
U0148,Heriot-Watt University,2024,764.0,51.0,41.2,United Kingdom,Europe,Edinburgh,Public,16.4,21.1,18.8,733.0,1001.0,79.4,100.0,86.61,"Architecture,Electrical & Electronic Engineering,Civil Engineering,Chemical Engineering,Chemistry,Accounting & Finance,Mechanical & Aerospace Engineering,Computer Science,Mathematics & Statistics,Sport Science,Psychology,Business & Management,General Engineering,Languages, Literature & Linguistics,Biological Sciences,Art, Performing Arts & Design,Geology, Environmental, Earth & Marine Sciences,Economics & Econometrics,Physics & Astronomy",9735.0,36%,806,0.0828,39 : 61,39.0,61.0,Undergraduate & Postgraduate,-1.0,455.4347826086956,69,1.0,50.81734057971014,25.96666666666667,388.05,48.5,34.3,33.4,65.2,36,23.39,75.52,16.4
U0149,Dartmouth College,2024,122.0,55.0,40.9,United States,North America,Hanover,Private,21.1,24.2,79.7,372.0,240.0,78.6,100.0,68.58,"Physics & Astronomy,Languages, Literature & Linguistics,Medicine & Dentistry,Mathematics & Statistics,Mechanical & Aerospace Engineering,History, Philosophy & Theology,Chemical Engineering,Geography,Other Health,Art, Performing Arts & Design,Archaeology,Computer Science,Communication & Media Studies,Economics & Econometrics,Electrical & Electronic Engineering,Geology, Environmental, Earth & Marine Sciences,Sociology,General Engineering,Biological Sciences,Civil Engineering,Psychology,Chemistry,Politics & International Studies (incl Development Studies)",6226.0,16%,836,0.1343,49:51:00,49.0,51.0,Undergraduate & Postgraduate,-1.0,362.265306122449,98,2.0,56.84324489795918,31.06530612244898,265.6666666666667,23.5,57.3,40.7,84.7,16,87.85,87.38,21.1
U0150,Massey University,2024,531.0,4.0,40.6,New Zealand,Oceania,Palmerston North,Public,30.4,16.0,24.5,573.0,405.0,22.7,100.0,78.62,"Psychology,Physics & Astronomy,Accounting & Finance,Sport Science,Archaeology,Architecture,Education,Geology, Environmental, Earth & Marine Sciences,Civil Engineering,Communication & Media Studies,Economics & Econometrics,Electrical & Electronic Engineering,History, Philosophy & Theology,Chemical Engineering,Chemistry,Languages, Literature & Linguistics,Biological Sciences,Art, Performing Arts & Design,Computer Science,General Engineering,Other Health,Mechanical & Aerospace Engineering,Sociology,Politics & International Studies (incl Development Studies),Business & Management,Veterinary Science,Agriculture & Forestry,Mathematics & Statistics,Geography",17883.0,27%,"1,209",0.0676,64:36:00,64.0,36.0,Undergraduate & Postgraduate,-1.0,425.5,4,320.0,48.221,34.974999999999994,400.0,,28.7,28.2,60.5,27,46.79,53.98,30.4
U0151,Victoria University of Wellington,2024,575.0,5.0,40.5,New Zealand,Oceania,"Kelburn, Wellington",Public,44.8,25.5,51.1,702.0,541.0,32.3,100.0,85.06,"Art, Performing Arts & Design,Geology, Environmental, Earth & Marine Sciences,Physics & Astronomy,History, Philosophy & Theology,Law,Accounting & Finance,Economics & Econometrics,Electrical & Electronic Engineering,Politics & International Studies (incl Development Studies),Computer Science,Biological Sciences,Mathematics & Statistics,Geography,Communication & Media Studies,Sociology,Other Health,Architecture,Education,Psychology,Chemistry,Business & Management,Languages, Literature & Linguistics",18231.0,17%,"1,124",0.0617,58:42:00,58.0,42.0,Undergraduate & Postgraduate,-1.0,425.5,4,320.0,48.221,34.974999999999994,400.0,,28.6,34.1,69.4,17,42.37,63.14,44.8
U0152,La Trobe University,2024,534.0,19.0,40.3,Australia,Oceania,Melbourne,Public,22.6,20.2,13.6,529.0,898.0,77.5,100.0,76.42,"Computer Science,Art, Performing Arts & Design,General Engineering,Mathematics & Statistics,Archaeology,Other Health,Veterinary Science,Education,Sport Science,Sociology,Economics & Econometrics,Civil Engineering,Politics & International Studies (incl Development Studies),Accounting & Finance,Law,Chemistry,Business & Management,Agriculture & Forestry,Psychology,Medicine & Dentistry,Biological Sciences,History, Philosophy & Theology,Electrical & Electronic Engineering,Communication & Media Studies,Languages, Literature & Linguistics,Mechanical & Aerospace Engineering,Physics & Astronomy,Geology, Environmental, Earth & Marine Sciences",19172.0,29%,1.252,0.0001,63:37:00,63.0,37.0,Undergraduate & Postgraduate,-1.0,250.1428571428572,21,54.0,57.36819047619048,33.990476190476194,519.8125,,28.9,35.4,88.1,29,46.49,73.72,22.6
U0153,Griffith University,2024,351.0,11.0,40.1,Australia,Oceania,Nathan,Public,26.5,16.2,20.3,361.0,240.0,65.8,100.0,68.03,"Physics & Astronomy,Chemistry,Architecture,Archaeology,Mathematics & Statistics,Civil Engineering,Psychology,Education,Business & Management,Computer Science,Law,Electrical & Electronic Engineering,Sociology,General Engineering,Politics & International Studies (incl Development Studies),Art, Performing Arts & Design,Languages, Literature & Linguistics,Biological Sciences,Geography,Medicine & Dentistry,Communication & Media Studies,Geology, Environmental, Earth & Marine Sciences,Other Health,Sport Science,History, Philosophy & Theology,Agriculture & Forestry,Accounting & Finance,Mechanical & Aerospace Engineering,Economics & Econometrics",34770.0,15%,"1,918",0.0552,60:40:00,60.0,40.0,Undergraduate & Postgraduate,-1.0,250.1428571428572,21,54.0,57.36819047619048,33.990476190476194,519.8125,,30.5,37.8,82.7,15,64.86,70.38,26.5
U0154,University of Surrey,2024,504.0,37.0,39.9,United Kingdom,Europe,Guildford,Public,20.4,23.4,12.4,525.0,460.0,56.2,100.0,76.22,"Business & Management,Sport Science,Chemistry,Mechanical & Aerospace Engineering,Electrical & Electronic Engineering,Art, Performing Arts & Design,Chemical Engineering,Biological Sciences,Other Health,Physics & Astronomy,Sociology,Languages, Literature & Linguistics,Law,Communication & Media Studies,Civil Engineering,Mathematics & Statistics,Computer Science,Accounting & Finance,Economics & Econometrics,Veterinary Science,Psychology,Politics & International Studies (incl Development Studies)",14630.0,33%,"1,221",0.0835,54:46:00,54.0,46.0,Undergraduate & Postgraduate,-1.0,455.4347826086956,69,1.0,50.81734057971014,25.96666666666667,388.05,48.5,31.3,34.5,88.0,33,49.5,64.96,20.4
U0155,Technical University of Darmstadt,2024,999.0,999.0,39.7,Germany,Europe,Darmstadt,Public,21.0,37.5,39.2,,0.0,79.0,100.0,50.0,"Languages, Literature & Linguistics,Mathematics & Statistics,Chemical Engineering,Biological Sciences,Politics & International Studies (incl Development Studies),Computer Science,Civil Engineering,Mechanical & Aerospace Engineering,Architecture,Physics & Astronomy,Other Health,Electrical & Electronic Engineering,Sport Science,Economics & Econometrics,Sociology,Business & Management,Psychology,Education,General Engineering,Chemistry,History, Philosophy & Theology,Geology, Environmental, Earth & Marine Sciences",15882.0,19%,804,0.0506,33 : 67,33.0,67.0,Undergraduate & Postgraduate,-1.0,234.0,9,31.0,59.47188888888888,32.65555555555556,257.5,,42.4,48.1,62.6,19,0.0,79.44,21.0
U0156,Charles University,2024,999.0,999.0,39.6,Czech Republic,Europe,Prague,Public,45.5,43.5,,,0.0,9.4,100.0,50.0,General,51728.0,23%,"5,019",0.097,62:38:00,62.0,38.0,Undergraduate & Postgraduate,-1.0,1151.7272727272727,11,459.0,29.91190909090909,13.754545454545456,587.6666666666666,,38.8,33.1,61.9,23,0.0,54.81,45.5
U0157,University of Antwerp,2024,292.0,6.0,39.6,Belgium,Europe,Antwerp,Public,23.7,11.8,55.3,287.0,200.0,49.2,100.0,64.34,"Electrical & Electronic Engineering,Other Health,Law,Art, Performing Arts & Design,Veterinary Science,Politics & International Studies (incl Development Studies),Languages, Literature & Linguistics,Geology, Environmental, Earth & Marine Sciences,Architecture,Biological Sciences,History, Philosophy & Theology,Chemistry,Business & Management,Mechanical & Aerospace Engineering,Computer Science,Sociology,General Engineering,Medicine & Dentistry,Education,Mathematics & Statistics,Economics & Econometrics,Chemical Engineering,Physics & Astronomy,Communication & Media Studies",16168.0,17%,"1,704",0.1054,56:44:00,56.0,44.0,Undergraduate & Postgraduate,-1.0,107.33333333333331,3,45.0,68.01683333333334,53.9,122.33333333333331,,38.2,44.4,92.5,17,70.78,70.74,23.7
U0158,University of Waikato,2024,999.0,999.0,39.5,New Zealand,Oceania,Hamilton ,Public,18.4,13.2,47.8,,0.0,75.0,100.0,50.0,"Civil Engineering,Communication & Media Studies,Accounting & Finance,General Engineering,Geology, Environmental, Earth & Marine Sciences,Mechanical & Aerospace Engineering,Geography,Art, Performing Arts & Design,Business & Management,Chemical Engineering,Psychology,History, Philosophy & Theology,Electrical & Electronic Engineering,Chemistry,Sociology,Sport Science,Other Health,Computer Science,Biological Sciences,Languages, Literature & Linguistics,Mathematics & Statistics,Education,Physics & Astronomy,Economics & Econometrics,Agriculture & Forestry,Law,Politics & International Studies (incl Development Studies)",10538.0,26%,595,0.0565,61:39:00,61.0,39.0,Undergraduate & Postgraduate,-1.0,425.5,4,320.0,48.221,34.974999999999994,400.0,,26.1,31.0,74.3,26,0.0,79.56,18.4
U0159,University of Porto,2024,227.0,2.0,39.0,Portugal,Europe,Porto,Public,39.8,22.9,43.9,179.0,304.0,58.1,100.0,58.94,"Sociology,Computer Science,Agriculture & Forestry,Chemical Engineering,Medicine & Dentistry,Veterinary Science,Economics & Econometrics,Sport Science,Geology, Environmental, Earth & Marine Sciences,Mechanical & Aerospace Engineering,Languages, Literature & Linguistics,Psychology,Civil Engineering,Accounting & Finance,Mathematics & Statistics,Electrical & Electronic Engineering,Geography,Architecture,Chemistry,Politics & International Studies (incl Development Studies),Physics & Astronomy,General Engineering,Business & Management,Art, Performing Arts & Design,Biological Sciences,Other Health,History, Philosophy & Theology,Communication & Media Studies,Law,Archaeology,Education",36386.0,17%,"2,028",0.0557,54:46:00,54.0,46.0,Undergraduate & Postgraduate,-1.0,561.25,4,436.0,43.51375,24.425,492.5,,31.3,35.4,71.1,17,77.31,72.02,39.8
U0160,University of Macau,2024,995.0,1.0,38.9,Macau SAR,Asia,Unknown,Public,10.6,14.2,68.1,883.0,1001.0,96.9,100.0,94.11,"Art, Performing Arts & Design,Law,Politics & International Studies (incl Development Studies),Biological Sciences,Civil Engineering,Computer Science,Psychology,Economics & Econometrics,Communication & Media Studies,Business & Management,General Engineering,Geology, Environmental, Earth & Marine Sciences,Other Health,Chemistry,Languages, Literature & Linguistics,History, Philosophy & Theology,Education,Mathematics & Statistics,Medicine & Dentistry,Sport Science,Physics & Astronomy,Mechanical & Aerospace Engineering,Electrical & Electronic Engineering,Sociology,Accounting & Finance",10908.0,41%,650,0.0596,54:46:00,54.0,46.0,Undergraduate & Postgraduate,-1.0,248.5,2,196.0,56.01275,7.4,1001.0,,38.4,38.1,90.3,41,0.2,92.38,10.6
U0161,Case Western Reserve University,2024,142.0,61.0,38.8,United States,North America,Cleveland,Private,18.4,17.1,66.0,183.0,76.0,63.9,100.0,59.14,"Business & Management,Geology, Environmental, Earth & Marine Sciences,Economics & Econometrics,Chemical Engineering,Physics & Astronomy,Accounting & Finance,Chemistry,Law,Architecture,Medicine & Dentistry,Electrical & Electronic Engineering,Geography,Computer Science,Politics & International Studies (incl Development Studies),General Engineering,Languages, Literature & Linguistics,Civil Engineering,Mathematics & Statistics,Art, Performing Arts & Design,Education,Psychology,History, Philosophy & Theology,Biological Sciences,Other Health,Sociology,Mechanical & Aerospace Engineering",10294.0,25%,"1,639",0.1592,51:49:00,51.0,49.0,Undergraduate & Postgraduate,-1.0,362.265306122449,98,2.0,56.84324489795918,31.06530612244898,265.6666666666667,23.5,51.7,40.2,88.7,25,85.84,78.76,18.4
U0162,Harbin Institute of Technology,2024,300.0,14.0,38.7,China (Mainland),Asia,Harbin,Public,28.6,14.9,21.0,104.0,405.0,98.8,100.0,55.19,"Physics & Astronomy,Languages, Literature & Linguistics,Chemical Engineering,Chemistry,Law,Biological Sciences,Geology, Environmental, Earth & Marine Sciences,Business & Management,Economics & Econometrics,Mechanical & Aerospace Engineering,Accounting & Finance,Computer Science,Mathematics & Statistics,General Engineering,Electrical & Electronic Engineering,Civil Engineering",30933.0,6%,"3,215",0.1039,50:50,,,Undergraduate & Postgraduate,-1.0,328.4,35,12.0,56.53822857142857,28.66857142857143,574.8823529411765,12.0,58.8,55.1,70.9,6,69.98,83.72,28.6
U0163,Vanderbilt University,2024,64.0,40.0,38.4,United States,North America,Nashville,Private,25.2,19.8,78.1,95.0,45.0,37.2,100.0,54.75,"Psychology,Politics & International Studies (incl Development Studies),History, Philosophy & Theology,Business & Management,General Engineering,Economics & Econometrics,Communication & Media Studies,Electrical & Electronic Engineering,Languages, Literature & Linguistics,Education,Art, Performing Arts & Design,Mechanical & Aerospace Engineering,Geography,Geology, Environmental, Earth & Marine Sciences,Law,Chemical Engineering,Mathematics & Statistics,Computer Science,Archaeology,Biological Sciences,Medicine & Dentistry,Physics & Astronomy,Sociology,Civil Engineering,Accounting & Finance,Other Health,Chemistry",12971.0,17%,"4,473",0.3448,55:45:00,55.0,45.0,Undergraduate & Postgraduate,-1.0,362.265306122449,98,2.0,56.84324489795918,31.06530612244898,265.6666666666667,23.5,54.1,48.5,96.0,17,93.67,70.5,25.2
U0164,University of Colorado Boulder,2024,50.0,32.0,37.9,United States,North America,Boulder,Public,36.9,13.5,83.4,145.0,59.0,49.4,100.0,57.24,"Languages, Literature & Linguistics,Geology, Environmental, Earth & Marine Sciences,Economics & Econometrics,Biological Sciences,Sociology,Accounting & Finance,Chemistry,Art, Performing Arts & Design,Civil Engineering,Mathematics & Statistics,Education,Politics & International Studies (incl Development Studies),History, Philosophy & Theology,Chemical Engineering,Communication & Media Studies,Architecture,Electrical & Electronic Engineering,Physics & Astronomy,Business & Management,Mechanical & Aerospace Engineering,Computer Science,Law,General Engineering,Psychology,Geography",35844.0,8%,"2,946",0.0822,45:55:00,45.0,55.0,Undergraduate & Postgraduate,-1.0,362.265306122449,98,2.0,56.84324489795918,31.06530612244898,265.6666666666667,23.5,46.5,51.9,88.6,8,95.08,76.44,36.9
U0165,Ulsan National Institute of Science and Technology (UNIST),2024,999.0,999.0,37.7,South Korea,Asia,Unknown,Public,15.0,11.9,,,0.0,98.6,100.0,50.0,General,3799.0,9%,518,0.1364,28 : 72,28.0,72.0,Undergraduate & Postgraduate,-1.0,667.5,18,62.0,43.17502777777778,24.98333333333333,605.0,,47.7,40.8,85.0,9,0.0,90.49,15.0
U0166,Linköping University,2024,357.0,8.0,37.5,Sweden,Europe,Linköping,Public,19.0,26.6,42.8,343.0,327.0,48.8,100.0,67.13,"Languages, Literature & Linguistics,Electrical & Electronic Engineering,Physics & Astronomy,Education,Chemistry,History, Philosophy & Theology,Other Health,Mathematics & Statistics,Geography,Art, Performing Arts & Design,Computer Science,Geology, Environmental, Earth & Marine Sciences,Accounting & Finance,Biological Sciences,Business & Management,Agriculture & Forestry,Sociology,Psychology,Chemical Engineering,Medicine & Dentistry,Mechanical & Aerospace Engineering,Politics & International Studies (incl Development Studies),Economics & Econometrics,General Engineering,Communication & Media Studies,Civil Engineering,Veterinary Science",15233.0,15%,1.471,0.0001,54:46:00,54.0,46.0,Undergraduate & Postgraduate,-1.0,183.66666666666663,6,106.0,60.135250000000006,44.65,245.0,,28.3,41.3,86.4,15,64.26,68.08,19.0
U0167,"University of California, Irvine",2024,59.0,37.0,37.5,United States,North America,Irvine,Public,37.6,16.6,91.6,133.0,57.0,50.3,100.0,56.64,"Languages, Literature & Linguistics,Biological Sciences,Chemical Engineering,Mathematics & Statistics,Economics & Econometrics,Sociology,Civil Engineering,Business & Management,General Engineering,Architecture,Computer Science,Geology, Environmental, Earth & Marine Sciences,Accounting & Finance,Law,Other Health,Electrical & Electronic Engineering,Physics & Astronomy,Art, Performing Arts & Design,Education,Politics & International Studies (incl Development Studies),History, Philosophy & Theology,Chemistry,Medicine & Dentistry,Mechanical & Aerospace Engineering,Psychology",35675.0,26%,"2,775",0.0778,53:47:00,53.0,47.0,Undergraduate & Postgraduate,-1.0,362.265306122449,98,2.0,56.84324489795918,31.06530612244898,265.6666666666667,23.5,47.1,53.8,93.2,26,94.18,78.44,37.6
U0168,University of Cologne,2024,213.0,15.0,37.5,Germany,Europe,Cologne,Public,36.9,38.5,63.6,221.0,222.0,31.2,100.0,61.04,"Other Health,Economics & Econometrics,Geology, Environmental, Earth & Marine Sciences,Languages, Literature & Linguistics,Psychology,Medicine & Dentistry,Chemistry,Accounting & Finance,Mathematics & Statistics,History, Philosophy & Theology,Computer Science,Sociology,Business & Management,Physics & Astronomy,Archaeology,Law,Geography,Biological Sciences,Communication & Media Studies,Art, Performing Arts & Design,Education,Politics & International Studies (incl Development Studies)",31299.0,17%,"2,724",0.087,50:50,,,Undergraduate & Postgraduate,-1.0,234.0,9,31.0,59.47188888888888,32.65555555555556,257.5,,42.9,47.1,85.6,17,78.71,65.2,36.9
U0169,University of Leicester,2024,266.0,24.0,37.3,United Kingdom,Europe,Leicester,Public,21.2,14.2,56.3,345.0,275.0,45.3,100.0,67.23,"Biological Sciences,Languages, Literature & Linguistics,Accounting & Finance,Archaeology,Other Health,Communication & Media Studies,Law,Business & Management,Art, Performing Arts & Design,General Engineering,Veterinary Science,Politics & International Studies (incl Development Studies),Electrical & Electronic Engineering,Geology, Environmental, Earth & Marine Sciences,Chemical Engineering,Psychology,Civil Engineering,Physics & Astronomy,Medicine & Dentistry,Sport Science,Agriculture & Forestry,Education,Geography,Economics & Econometrics,History, Philosophy & Theology,Mechanical & Aerospace Engineering,Chemistry,Sociology,Computer Science,Mathematics & Statistics",14000.0,31%,"1,518",0.1084,54:46:00,54.0,46.0,Undergraduate & Postgraduate,-1.0,455.4347826086956,69,1.0,50.81734057971014,25.96666666666667,388.05,48.5,33.4,34.2,95.5,31,73.39,69.38,21.2
U0170,North Carolina State University,2024,167.0,68.0,37.2,United States,North America,Raleigh,Public,27.8,25.0,47.6,170.0,200.0,67.3,100.0,58.49,"Biological Sciences,Art, Performing Arts & Design,Chemistry,Education,Agriculture & Forestry,Politics & International Studies (incl Development Studies),Economics & Econometrics,Civil Engineering,Psychology,Computer Science,Communication & Media Studies,History, Philosophy & Theology,Architecture,Mathematics & Statistics,General Engineering,Mechanical & Aerospace Engineering,Sociology,Business & Management,Chemical Engineering,Physics & Astronomy,Veterinary Science,Accounting & Finance,Languages, Literature & Linguistics,Electrical & Electronic Engineering,Geology, Environmental, Earth & Marine Sciences",31391.0,11%,"1,944",0.0619,49:51:00,49.0,51.0,Undergraduate & Postgraduate,-1.0,362.265306122449,98,2.0,56.84324489795918,31.06530612244898,265.6666666666667,23.5,46.0,41.4,73.3,11,83.33,76.44,27.8
U0171,Huazhong University of Science and Technology,2024,276.0,12.0,37.1,China (Mainland),Asia,Wuhan,Public,22.7,29.2,,77.0,541.0,99.3,100.0,53.85,General,57663.0,4%,4.014,0.0001,50:50,,,Undergraduate & Postgraduate,-1.0,328.4,35,12.0,56.53822857142857,28.66857142857143,574.8823529411765,12.0,48.8,48.1,90.0,4,72.39,90.77,22.7
U0172,Huazhong University of Science and Technology,2024,276.0,12.0,37.1,China (Mainland),Asia,Wuhan,Public,22.7,29.2,,77.0,541.0,99.3,100.0,53.85,General,57663.0,4%,4.014,0.0001,50:50,,,Undergraduate & Postgraduate,-1.0,328.4,35,12.0,56.53822857142857,28.66857142857143,574.8823529411765,12.0,48.8,48.1,90.0,4,72.39,90.77,22.7
U0173,University of Milan,2024,148.0,2.0,37.0,Italy,Europe,Milan,Public,51.2,12.7,51.3,117.0,114.0,47.8,100.0,55.84,"Communication & Media Studies,Business & Management,Accounting & Finance,Law,Art, Performing Arts & Design,History, Philosophy & Theology,Sociology,Chemistry,Computer Science,Mathematics & Statistics,Archaeology,Agriculture & Forestry,Politics & International Studies (incl Development Studies),Veterinary Science,Medicine & Dentistry,Geology, Environmental, Earth & Marine Sciences,Physics & Astronomy,Economics & Econometrics,Geography,Psychology,Chemical Engineering,Languages, Literature & Linguistics,Sport Science,Other Health,Biological Sciences",50995.0,7%,"2,516",0.0493,60:40:00,60.0,40.0,Undergraduate & Postgraduate,-1.0,458.72222222222223,18,181.0,47.393,24.450000000000003,335.6666666666667,,31.3,31.8,87.3,7,85.24,69.38,51.2
U0174,University of Strathclyde,2024,424.0,35.0,37.0,United Kingdom,Europe,Glasgow,Public,26.3,34.6,19.3,466.0,304.0,33.7,100.0,73.28,"Geology, Environmental, Earth & Marine Sciences,Physics & Astronomy,Civil Engineering,Law,Mathematics & Statistics,Mechanical & Aerospace Engineering,Other Health,Chemistry,Chemical Engineering,History, Philosophy & Theology,Sport Science,Psychology,Sociology,Agriculture & Forestry,Art, Performing Arts & Design,Architecture,Geography,Education,Economics & Econometrics,Electrical & Electronic Engineering,General Engineering,Politics & International Studies (incl Development Studies),Languages, Literature & Linguistics,Biological Sciences,Computer Science,Accounting & Finance,Communication & Media Studies,Business & Management",20400.0,25%,"1,532",0.0751,51:49:00,51.0,49.0,Undergraduate & Postgraduate,-1.0,455.4347826086956,69,1.0,50.81734057971014,25.96666666666667,388.05,48.5,32.4,35.5,71.2,25,57.53,57.34,26.3
U0175,University of Miami,2024,197.0,78.0,36.9,United States,North America,Miami,Private,20.1,44.7,70.3,204.0,129.0,19.2,100.0,60.19,"Architecture,Education,Computer Science,Geology, Environmental, Earth & Marine Sciences,Business & Management,Biological Sciences,Psychology,Art, Performing Arts & Design,Civil Engineering,Physics & Astronomy,Languages, Literature & Linguistics,General Engineering,Communication & Media Studies,History, Philosophy & Theology,Electrical & Electronic Engineering,Mathematics & Statistics,Sociology,Other Health,Agriculture & Forestry,Accounting & Finance,Chemical Engineering,Sport Science,Economics & Econometrics,Law,Politics & International Studies (incl Development Studies),Medicine & Dentistry,Mechanical & Aerospace Engineering,Geography,Chemistry",17060.0,14%,"2,565",0.1504,54:46:00,54.0,46.0,Undergraduate & Postgraduate,-1.0,362.265306122449,98,2.0,56.84324489795918,31.06530612244898,265.6666666666667,23.5,48.5,34.7,83.2,14,80.32,61.74,20.1
U0176,University of Navarra,2024,653.0,20.0,36.8,Spain,Europe,Pamplona,Private,29.0,61.2,33.7,677.0,1001.0,15.1,100.0,83.82,"History, Philosophy & Theology,Electrical & Electronic Engineering,Chemistry,Other Health,Geology, Environmental, Earth & Marine Sciences,Art, Performing Arts & Design,Law,Archaeology,Medicine & Dentistry,Architecture,Biological Sciences,Education,Economics & Econometrics,Politics & International Studies (incl Development Studies),Accounting & Finance,Communication & Media Studies,Languages, Literature & Linguistics,Mechanical & Aerospace Engineering,Business & Management,Psychology,General Engineering",11969.0,26%,"1,175",0.0982,54:46:00,54.0,46.0,Undergraduate & Postgraduate,-1.0,727.0,9,313.0,39.44405555555555,25.51111111111111,558.7142857142857,,35.6,30.4,82.3,26,34.54,52.78,29.0
U0177,Bandung Institute of Technology (ITB),2024,999.0,999.0,36.6,Indonesia,Asia,Bandung,Public,41.0,65.6,,,0.0,2.5,100.0,50.0,General,27774.0,3%,"2,228",0.0802,43:57:00,43.0,57.0,Undergraduate & Postgraduate,-1.0,1580.0,11,1332.0,21.125681818181818,12.318181818181818,,,23.7,17.1,29.2,3,0.0,52.05,41.0
U0178,University of Bergen,2024,252.0,2.0,36.6,Norway,Europe,Bergen,Public,32.7,5.4,73.1,264.0,222.0,31.2,100.0,63.19,"Geography,History, Philosophy & Theology,Other Health,Chemistry,Geology, Environmental, Earth & Marine Sciences,Economics & Econometrics,Archaeology,Computer Science,Politics & International Studies (incl Development Studies),Physics & Astronomy,Communication & Media Studies,Medicine & Dentistry,Mathematics & Statistics,Psychology,Education,Art, Performing Arts & Design,Law,Languages, Literature & Linguistics,Biological Sciences,Sociology",15751.0,11%,"1,634",0.1037,61:39:00,61.0,39.0,Undergraduate & Postgraduate,-1.0,378.3333333333333,3,127.0,52.4375,31.9,157.5,,36.7,33.9,84.2,11,74.8,67.1,32.7
U0179,Stellenbosch University,2024,448.0,5.0,36.5,South Africa,Africa,Stellenbosch,Public,25.0,39.4,36.6,428.0,541.0,59.9,100.0,71.38,"Archaeology,Chemical Engineering,Chemistry,Accounting & Finance,Electrical & Electronic Engineering,Sport Science,Languages, Literature & Linguistics,Mechanical & Aerospace Engineering,Politics & International Studies (incl Development Studies),History, Philosophy & Theology,Education,Geology, Environmental, Earth & Marine Sciences,Sociology,Economics & Econometrics,Biological Sciences,Geography,Business & Management,Computer Science,Mathematics & Statistics,Medicine & Dentistry,Agriculture & Forestry,Other Health,Law,Psychology,General Engineering,Physics & Astronomy,Art, Performing Arts & Design,Civil Engineering,Communication & Media Studies",25140.0,7%,934,0.0372,56:44:00,56.0,44.0,Undergraduate & Postgraduate,-1.0,629.0,8,167.0,43.0708125,17.4875,559.4,,33.8,39.5,76.9,7,55.12,71.28,25.0
U0180,Swinburne University of Technology,2024,643.0,24.0,36.1,Australia,Oceania,Melbourne,Public,13.4,12.0,35.6,822.0,541.0,89.5,100.0,91.06,"Electrical & Electronic Engineering,History, Philosophy & Theology,Economics & Econometrics,Sociology,Law,General Engineering,Computer Science,Business & Management,Art, Performing Arts & Design,Accounting & Finance,Education,Physics & Astronomy,Biological Sciences,Communication & Media Studies,Mathematics & Statistics,Mechanical & Aerospace Engineering,Chemistry,Civil Engineering,Other Health,Agriculture & Forestry,Psychology,Chemical Engineering,Politics & International Studies (incl Development Studies),Sport Science,Architecture,Languages, Literature & Linguistics",14324.0,24%,946,0.066,42:58:00,42.0,58.0,Undergraduate & Postgraduate,-1.0,250.1428571428572,21,54.0,57.36819047619048,33.990476190476194,519.8125,,31.7,34.0,91.3,24,35.54,82.92,13.4
U0181,Tianjin University,2024,347.0,23.0,36.1,China (Mainland),Asia,Tianjin,Public,18.7,8.6,,182.0,541.0,98.2,100.0,59.09,General,26486.0,13%,3.147,0.0001,50:50,,,Undergraduate & Postgraduate,-1.0,328.4,35,12.0,56.53822857142857,28.66857142857143,574.8823529411765,12.0,46.1,47.6,71.4,13,65.26,90.33,18.7
U0182,University of Galway,2024,999.0,999.0,36.0,Ireland,Unknown,Galway,Unknown,26.3,28.2,31.3,,0.0,13.5,,50.0,"Physics & Astronomy,General Engineering,Business & Management,Civil Engineering,Electrical & Electronic Engineering,Medicine & Dentistry,Education,Art, Performing Arts & Design,Other Health,Politics & International Studies (incl Development Studies),Biological Sciences,Psychology,Mathematics & Statistics,Chemistry,History, Philosophy & Theology,Sociology,Geology, Environmental, Earth & Marine Sciences,Computer Science,Mechanical & Aerospace Engineering,Economics & Econometrics,Agriculture & Forestry,Communication & Media Studies,Law,Languages, Literature & Linguistics,Accounting & Finance,Geography,Archaeology",15734.0,16%,0,0.0,59:41:00,59.0,41.0,Undergraduate & Postgraduate,-1.0,484.2857142857143,7,231.0,47.20792857142857,23.4,544.0,,32.9,33.8,76.7,16,0.0,51.66,26.3
U0183,United Arab Emirates University,2024,999.0,999.0,35.9,United Arab Emirates,Asia,Al Ain,Public,28.3,37.8,,,0.0,13.8,75.0,37.5,General,8147.0,18%,919,0.1128,74:26:00,74.0,26.0,Undergraduate & Postgraduate,-1.0,399.2,5,229.0,49.6779,18.2,,,27.0,34.5,83.2,18,0.0,46.57,28.3
U0184,Xi’an Jiaotong University,2024,999.0,999.0,35.8,China (Mainland),Asia,Xi'an,Public,21.4,42.2,,,0.0,80.9,100.0,50.0,General,45764.0,7%,"3,729",0.0815,35 : 65,35.0,65.0,Undergraduate & Postgraduate,-1.0,328.4,35,12.0,56.53822857142857,28.66857142857143,574.8823529411765,12.0,46.9,48.0,70.0,7,0.0,83.41,21.4
U0185,University College Cork,2024,473.0,3.0,35.7,Ireland,Europe,Cork,Public,28.4,36.3,29.4,518.0,405.0,21.6,75.0,63.37,"Art, Performing Arts & Design,Chemical Engineering,Geology, Environmental, Earth & Marine Sciences,Architecture,Education,Chemistry,History, Philosophy & Theology,Electrical & Electronic Engineering,Physics & Astronomy,Accounting & Finance,Law,Sociology,Economics & Econometrics,Mechanical & Aerospace Engineering,Politics & International Studies (incl Development Studies),Archaeology,Computer Science,Civil Engineering,Psychology,Languages, Literature & Linguistics,Agriculture & Forestry,Other Health,Biological Sciences,Communication & Media Studies,Medicine & Dentistry,Sport Science,Business & Management,General Engineering,Mathematics & Statistics,Geography",18567.0,16%,"1,619",0.0872,59:41:00,59.0,41.0,Undergraduate & Postgraduate,-1.0,484.2857142857143,7,231.0,47.20792857142857,23.4,544.0,,28.3,31.6,82.4,16,52.61,44.52,28.4
U0186,Université Grenoble Alpes,2024,999.0,999.0,35.6,France,Europe,Grenoble,Public,44.5,10.1,,,0.0,48.8,100.0,50.0,General,51244.0,17%,"3,088",0.0603,53:47:00,53.0,47.0,Undergraduate & Postgraduate,-1.0,373.0,9,58.0,54.703833333333336,38.41111111111111,207.0,,42.2,37.9,66.9,17,0.0,70.57,44.5
U0187,Hong Kong Baptist University,2024,744.0,6.0,35.4,Hong Kong SAR,Asia,Hong Kong,Public,19.4,12.6,97.6,724.0,673.0,51.9,100.0,86.16,"Geography,Economics & Econometrics,Art, Performing Arts & Design,Languages, Literature & Linguistics,Agriculture & Forestry,Business & Management,Biological Sciences,Chemistry,History, Philosophy & Theology,Mathematics & Statistics,Education,Sport Science,Computer Science,Accounting & Finance,Sociology,Communication & Media Studies,Medicine & Dentistry,Politics & International Studies (incl Development Studies),Physics & Astronomy",7460.0,55%,980,0.1314,65:35:00,65.0,35.0,Undergraduate & Postgraduate,-1.0,160.66666666666666,3,65.0,64.663,54.1,500.0,,34.0,28.9,77.2,55,25.4,80.28,19.4
U0188,Georgetown University,2024,289.0,102.0,35.3,United States,North America,Washington D.C.,Private,30.3,34.4,45.0,427.0,275.0,18.6,100.0,71.33,"Law,Languages, Literature & Linguistics,Accounting & Finance,Chemistry,History, Philosophy & Theology,Agriculture & Forestry,Economics & Econometrics,Architecture,Communication & Media Studies,Biological Sciences,Medicine & Dentistry,Sport Science,Other Health,Politics & International Studies (incl Development Studies),Art, Performing Arts & Design,Education,Physics & Astronomy,Business & Management,Mathematics & Statistics,General Engineering,Sociology,Computer Science,Psychology",17508.0,18%,"2,009",0.1147,55:45:00,55.0,45.0,Undergraduate & Postgraduate,-1.0,362.265306122449,98,2.0,56.84324489795918,31.06530612244898,265.6666666666667,23.5,52.6,37.0,85.1,18,71.08,56.44,30.3
U0189,Dalhousie University,2024,278.0,14.0,34.9,Canada,North America,Halifax,Public,19.2,18.0,48.8,308.0,200.0,41.8,100.0,65.38,"Law,General Engineering,Mathematics & Statistics,Agriculture & Forestry,Geology, Environmental, Earth & Marine Sciences,Economics & Econometrics,Medicine & Dentistry,Other Health,Sport Science,Communication & Media Studies,Languages, Literature & Linguistics,Art, Performing Arts & Design,Mechanical & Aerospace Engineering,Business & Management,Chemical Engineering,Architecture,Electrical & Electronic Engineering,Sociology,Veterinary Science,Civil Engineering,History, Philosophy & Theology,Politics & International Studies (incl Development Studies),Chemistry,Computer Science,Physics & Astronomy,Biological Sciences,Psychology,Accounting & Finance",17314.0,27%,"1,150",0.0664,54:46:00,54.0,46.0,Undergraduate & Postgraduate,-1.0,315.2173913043478,23,21.0,55.883456521739134,32.3,294.85714285714283,,30.8,31.6,78.9,27,72.19,66.48,19.2
U0190,Virginia Polytechnic Institute and State University,2024,999.0,999.0,34.5,United States,North America,Blacksburg,Public,26.2,40.4,30.3,,0.0,34.8,100.0,50.0,"Languages, Literature & Linguistics,General Engineering,Mechanical & Aerospace Engineering,Mathematics & Statistics,Education,Sport Science,Communication & Media Studies,Art, Performing Arts & Design,Business & Management,Geology, Environmental, Earth & Marine Sciences,Architecture,Computer Science,Sociology,Archaeology,Geography,Politics & International Studies (incl Development Studies),Chemistry,Veterinary Science,Agriculture & Forestry,Other Health,Physics & Astronomy,History, Philosophy & Theology,Biological Sciences,Medicine & Dentistry,Electrical & Electronic Engineering,Economics & Econometrics,Psychology,Chemical Engineering,Accounting & Finance,Civil Engineering",37225.0,13%,2.802,0.0001,44:56:00,44.0,56.0,Undergraduate & Postgraduate,-1.0,362.265306122449,98,2.0,56.84324489795918,31.06530612244898,265.6666666666667,23.5,42.5,39.4,78.8,13,0.0,59.98,26.2
U0191,Jagiellonian University,2024,381.0,2.0,34.3,Poland,Europe,Krakow,Public,37.3,47.2,43.1,279.0,460.0,6.2,100.0,63.94,"Sociology,Geology, Environmental, Earth & Marine Sciences,Geography,Medicine & Dentistry,Law,Archaeology,Art, Performing Arts & Design,Psychology,Other Health,Accounting & Finance,Education,Physics & Astronomy,Languages, Literature & Linguistics,Mathematics & Statistics,Communication & Media Studies,Business & Management,Economics & Econometrics,Politics & International Studies (incl Development Studies),History, Philosophy & Theology,Chemistry,Biological Sciences,Computer Science",34309.0,11%,"4,089",0.1192,67:33:00,67.0,33.0,Undergraduate & Postgraduate,-1.0,1234.625,8,614.0,28.03875,13.5375,479.0,,38.4,29.0,55.7,11,61.85,51.1,37.3
U0192,University of Notre Dame,2024,160.0,67.0,34.3,United States,North America,Notre Dame,Private,26.5,32.2,89.1,379.0,327.0,39.1,100.0,68.93,"Chemical Engineering,Electrical & Electronic Engineering,Biological Sciences,Education,Mathematics & Statistics,Accounting & Finance,Mechanical & Aerospace Engineering,Psychology,Civil Engineering,Physics & Astronomy,Languages, Literature & Linguistics,Law,History, Philosophy & Theology,General Engineering,Communication & Media Studies,Art, Performing Arts & Design,Business & Management,Sociology,Architecture,Economics & Econometrics,Politics & International Studies (incl Development Studies),Geology, Environmental, Earth & Marine Sciences,Chemistry,Computer Science",12576.0,12%,"1,545",0.1229,47:53:00,47.0,53.0,Undergraduate & Postgraduate,-1.0,362.265306122449,98,2.0,56.84324489795918,31.06530612244898,265.6666666666667,23.5,51.9,42.6,76.1,12,84.04,73.46,26.5
U0193,University of Johannesburg,2024,790.0,6.0,34.0,South Africa,Africa,Johannesburg,Public,16.2,21.4,,785.0,541.0,20.7,100.0,89.21,General,31721.0,13%,1.886,0.0001,55:45:00,55.0,45.0,Undergraduate & Postgraduate,-1.0,629.0,8,167.0,43.0708125,17.4875,559.4,,28.6,36.3,66.8,13,20.78,59.33,16.2
U0194,Daegu Gyeongbuk Institute of Science and Technology (DGIST),2024,999.0,999.0,34.0,South Korea,Unknown,Unknown,Unknown,10.4,7.5,,,0.0,100.0,,50.0,General,742.0,4%,0,0.0,36 : 64,36.0,64.0,Undergraduate & Postgraduate,-1.0,667.5,18,62.0,43.17502777777778,24.98333333333333,605.0,,48.8,38.9,64.8,4,0.0,91.05,10.4
U0195,Swansea University,2024,529.0,40.0,33.9,United Kingdom,Europe,Swansea,Public,21.0,45.0,25.6,639.0,460.0,27.4,75.0,69.42,"Medicine & Dentistry,Chemistry,Biological Sciences,Education,Mechanical & Aerospace Engineering,Economics & Econometrics,Mathematics & Statistics,Accounting & Finance,Physics & Astronomy,Law,History, Philosophy & Theology,Computer Science,Sport Science,Sociology,Chemical Engineering,Communication & Media Studies,Electrical & Electronic Engineering,Politics & International Studies (incl Development Studies),Languages, Literature & Linguistics,Other Health,Geology, Environmental, Earth & Marine Sciences,Business & Management,General Engineering,Psychology,Civil Engineering,Geography",18505.0,21%,3290,0.1778,47:53:00,47.0,53.0,Undergraduate & Postgraduate,-1.0,455.4347826086956,69,1.0,50.81734057971014,25.96666666666667,388.05,48.5,27.6,30.2,89.7,21,46.99,46.08,21.0
U0196,University of Tasmania,2024,399.0,15.0,33.9,Australia,Oceania,Hobart,Public,17.2,7.8,34.9,459.0,460.0,58.1,100.0,72.93,"Accounting & Finance,Electrical & Electronic Engineering,Politics & International Studies (incl Development Studies),Psychology,History, Philosophy & Theology,Other Health,Medicine & Dentistry,Biological Sciences,Sociology,Art, Performing Arts & Design,Mechanical & Aerospace Engineering,Chemistry,Agriculture & Forestry,Sport Science,Civil Engineering,Communication & Media Studies,Economics & Econometrics,Computer Science,Physics & Astronomy,Languages, Literature & Linguistics,General Engineering,Mathematics & Statistics,Architecture,Education,Geography,Business & Management,Law,Geology, Environmental, Earth & Marine Sciences",16894.0,31%,982,0.0581,60:40:00,60.0,40.0,Undergraduate & Postgraduate,-1.0,250.1428571428572,21,54.0,57.36819047619048,33.990476190476194,519.8125,,31.6,38.4,82.0,31,60.04,70.22,17.2
U0197,University of Oulu,2024,365.0,4.0,33.5,Finland,Europe,Oulu,Public,15.8,17.3,,446.0,275.0,56.9,100.0,72.28,General,10719.0,8%,883,0.0824,55:45:00,55.0,45.0,Undergraduate & Postgraduate,-1.0,312.125,8,121.0,53.541875,26.9,424.6666666666667,,33.1,38.2,84.1,8,63.45,73.81,15.8
U0198,Quaid-i-Azam University,2024,799.0,1.0,33.4,Pakistan,Asia,Islamabad,Public,15.8,40.3,,643.0,541.0,97.0,100.0,82.12,General,11386.0,1%,452,0.0397,45:55:00,45.0,55.0,Undergraduate & Postgraduate,-1.0,981.5,6,486.0,33.59258333333333,10.95,541.0,,29.7,24.1,84.2,1,19.88,89.85,15.8
U0199,University of Turku,2024,339.0,2.0,33.4,Finland,Europe,Turku,Public,28.3,21.1,28.9,355.0,363.0,32.4,100.0,67.73,"Accounting & Finance,Other Health,Mathematics & Statistics,Computer Science,Communication & Media Studies,Archaeology,Law,Chemical Engineering,Business & Management,Education,Geography,Languages, Literature & Linguistics,Biological Sciences,History, Philosophy & Theology,Geology, Environmental, Earth & Marine Sciences,Sociology,Economics & Econometrics,Politics & International Studies (incl Development Studies),Chemistry,Medicine & Dentistry,Physics & Astronomy,Psychology,Civil Engineering",13528.0,6%,"1,505",0.1113,63:37:00,63.0,37.0,Undergraduate & Postgraduate,-1.0,312.125,8,121.0,53.541875,26.9,424.6666666666667,,31.6,34.9,83.3,6,66.06,58.74,28.3
U0200,Simon Fraser University,2024,311.0,15.0,33.3,Canada,North America,Burnaby,Public,25.5,13.5,60.2,370.0,254.0,42.5,100.0,68.48,"Geology, Environmental, Earth & Marine Sciences,History, Philosophy & Theology,Education,Psychology,Chemistry,Languages, Literature & Linguistics,Biological Sciences,Communication & Media Studies,Art, Performing Arts & Design,Electrical & Electronic Engineering,Other Health,Sociology,Mathematics & Statistics,Law,Computer Science,Business & Management,Geography,Sport Science,Archaeology,Economics & Econometrics,General Engineering,Politics & International Studies (incl Development Studies),Accounting & Finance,Physics & Astronomy",27269.0,31%,"1,193",0.0437,54:46:00,54.0,46.0,Undergraduate & Postgraduate,-1.0,315.2173913043478,23,21.0,55.883456521739134,32.3,294.85714285714283,,28.7,36.7,84.2,31,68.88,69.04,25.5
U0201,Bauman Moscow State Technical University,2024,999.0,999.0,33.2,Russia,Europe,Moscow,Public,31.3,44.4,,,0.0,1.4,100.0,50.0,General,16061.0,18%,"4,349",0.2708,42:58:00,42.0,58.0,Undergraduate & Postgraduate,-1.0,1185.0416666666667,24,95.0,29.87127083333333,13.9625,541.0,,71.7,43.9,22.1,18,0.0,51.61,31.3
U0202,Sun Yat-sen University,2024,202.0,8.0,32.8,China (Mainland),Asia,Guangzhou,Public,36.4,22.3,70.2,71.0,200.0,44.1,100.0,53.55,"History, Philosophy & Theology,Psychology,Veterinary Science,Mathematics & Statistics,Computer Science,Mechanical & Aerospace Engineering,Chemistry,Languages, Literature & Linguistics,Civil Engineering,Communication & Media Studies,Medicine & Dentistry,Electrical & Electronic Engineering,Archaeology,Geology, Environmental, Earth & Marine Sciences,Physics & Astronomy,Business & Management,Biological Sciences,Politics & International Studies (incl Development Studies),Chemical Engineering,Art, Performing Arts & Design,Other Health,Sport Science,Sociology,Accounting & Finance,Economics & Econometrics,Geography,Agriculture & Forestry,General Engineering,Education,Law",61453.0,5%,"7,002",0.1139,48:52:00,48.0,52.0,Undergraduate & Postgraduate,-1.0,328.4,35,12.0,56.53822857142857,28.66857142857143,574.8823529411765,12.0,46.6,39.5,83.2,5,79.82,71.68,36.4
U0203,University of Pretoria,2024,438.0,4.0,32.8,South Africa,Africa,Pretoria,Public,23.6,52.3,,416.0,460.0,20.7,100.0,70.78,General,37315.0,6%,1.613,0.0,59:41:00,59.0,41.0,Undergraduate & Postgraduate,-1.0,629.0,8,167.0,43.0708125,17.4875,559.4,,31.2,34.3,56.7,6,56.12,59.33,23.6
U0204,University of South Australia,2024,570.0,22.0,32.7,Australia,Oceania,Magill,Public,22.5,14.0,19.4,564.0,541.0,32.8,100.0,78.17,"Education,Communication & Media Studies,Architecture,Computer Science,Biological Sciences,Medicine & Dentistry,Geology, Environmental, Earth & Marine Sciences,Business & Management,Electrical & Electronic Engineering,Languages, Literature & Linguistics,Law,Other Health,Sport Science,Accounting & Finance,General Engineering,Sociology,Art, Performing Arts & Design,Economics & Econometrics,Mathematics & Statistics,Civil Engineering,Psychology,History, Philosophy & Theology,Mechanical & Aerospace Engineering",22822.0,17%,1.524,0.0001,60:40:00,60.0,40.0,Undergraduate & Postgraduate,-1.0,250.1428571428572,21,54.0,57.36819047619048,33.990476190476194,519.8125,,25.0,36.8,82.5,17,42.87,57.0,22.5
U0205,"City, University of London",2024,891.0,56.0,32.6,United Kingdom,Europe,London,Public,21.4,18.1,,912.0,898.0,42.2,100.0,95.55,General,16080.0,45%,970,0.0603,58:42:00,58.0,42.0,Undergraduate & Postgraduate,-1.0,455.4347826086956,69,1.0,50.81734057971014,25.96666666666667,388.05,48.5,27.4,30.9,78.6,45,10.64,67.93,21.4
U0206,Gwangju Institute of Science and Technology (GIST),2024,999.0,999.0,32.6,South Korea,Asia,Gwangju,Public,17.4,8.9,,,0.0,100.0,100.0,50.0,General,1795.0,7%,180,0.1003,26 : 74,26.0,74.0,Undergraduate & Postgraduate,-1.0,667.5,18,62.0,43.17502777777778,24.98333333333333,605.0,,48.5,39.6,50.3,7,0.0,91.05,17.4
U0207,Kyung Hee University,2024,385.0,10.0,32.5,South Korea,Asia,Unknown,Private,28.0,41.6,6.6,240.0,460.0,14.0,100.0,61.99,"Politics & International Studies (incl Development Studies),Sport Science,Business & Management,General Engineering,Mechanical & Aerospace Engineering,Other Health,Accounting & Finance,Physics & Astronomy,Sociology,Education,Geology, Environmental, Earth & Marine Sciences,Biological Sciences,Civil Engineering,Chemistry,History, Philosophy & Theology,Architecture,Languages, Literature & Linguistics,Computer Science,Geography,Agriculture & Forestry,Medicine & Dentistry,Economics & Econometrics,Art, Performing Arts & Design,Chemical Engineering,Law,Communication & Media Studies,Electrical & Electronic Engineering,Mathematics & Statistics",20427.0,30%,"3,435",0.1682,56:44:00,56.0,44.0,Undergraduate & Postgraduate,-1.0,667.5,18,62.0,43.17502777777778,24.98333333333333,605.0,,40.3,40.0,71.0,30,61.45,46.92,28.0
U0208,"University of California, Santa Cruz",2024,111.0,53.0,32.5,United States,North America,Santa Cruz,Public,18.4,4.9,99.6,412.0,93.0,79.6,100.0,70.58,"Electrical & Electronic Engineering,Politics & International Studies (incl Development Studies),Art, Performing Arts & Design,Biological Sciences,Archaeology,Agriculture & Forestry,Business & Management,Physics & Astronomy,Languages, Literature & Linguistics,General Engineering,Computer Science,Chemistry,Other Health,Mathematics & Statistics,Education,Sociology,History, Philosophy & Theology,Geology, Environmental, Earth & Marine Sciences,Economics & Econometrics,Psychology",19154.0,12%,1.045,0.0001,47:53:00,47.0,53.0,Undergraduate & Postgraduate,-1.0,362.265306122449,98,2.0,56.84324489795918,31.06530612244898,265.6666666666667,23.5,34.9,39.8,93.3,12,88.96,91.76,18.4
U0209,Sharif University of Technology,2024,592.0,4.0,32.4,"Iran, Islamic Republic of",Asia,Tehran,Public,10.1,43.8,19.3,432.0,541.0,99.1,100.0,71.58,"Computer Science,Chemical Engineering,General Engineering,Economics & Econometrics,History, Philosophy & Theology,Mathematics & Statistics,Languages, Literature & Linguistics,Civil Engineering,Business & Management,Electrical & Electronic Engineering,Accounting & Finance,Chemistry,Physics & Astronomy,Mechanical & Aerospace Engineering",9389.0,2%,495,0.0527,26 : 74,26.0,74.0,Undergraduate & Postgraduate,-1.0,553.5,6,325.0,44.60775,8.5,818.1666666666666,,39.1,37.4,78.3,2,40.66,83.5,10.1
U0210,Aalborg University,2024,453.0,5.0,32.2,Denmark,Europe,Aalborg,Public,20.0,22.2,27.1,486.0,327.0,42.4,100.0,74.28,"Education,Politics & International Studies (incl Development Studies),Chemical Engineering,Civil Engineering,Geology, Environmental, Earth & Marine Sciences,Business & Management,Sociology,Communication & Media Studies,History, Philosophy & Theology,Accounting & Finance,Economics & Econometrics,Languages, Literature & Linguistics,Mathematics & Statistics,Agriculture & Forestry,Other Health,Physics & Astronomy,Law,Mechanical & Aerospace Engineering,Architecture,Geography,Computer Science,Sport Science,Chemistry,Art, Performing Arts & Design,Biological Sciences,Electrical & Electronic Engineering,General Engineering,Psychology,Medicine & Dentistry",17275.0,12%,1.716,0.0001,50:50,,,Undergraduate & Postgraduate,-1.0,143.75,4,103.0,63.334375,45.6,144.75,,33.7,45.0,83.0,12,54.62,62.38,20.0
U0211,Middle East Technical University,2024,596.0,3.0,32.2,Turkey,Asia,Ankara,Public,29.0,63.7,66.4,504.0,460.0,22.2,100.0,75.17,"Languages, Literature & Linguistics,Sport Science,Archaeology,Civil Engineering,Communication & Media Studies,Art, Performing Arts & Design,Chemical Engineering,Physics & Astronomy,Computer Science,Mechanical & Aerospace Engineering,Geography,Accounting & Finance,Biological Sciences,Psychology,History, Philosophy & Theology,Electrical & Electronic Engineering,Sociology,Business & Management,Geology, Environmental, Earth & Marine Sciences,Other Health,General Engineering,Politics & International Studies (incl Development Studies),Architecture,Chemistry,Education,Economics & Econometrics,Mathematics & Statistics",16182.0,12%,1.049,0.0001,49:51:00,49.0,51.0,Undergraduate & Postgraduate,-1.0,965.9,10,382.0,34.57495,16.61,499.5,,44.2,43.1,53.6,12,40.26,62.16,29.0
U0212,University of Kent,2024,619.0,45.0,32.2,United Kingdom,Europe,Canterbury,Public,17.0,6.7,19.1,706.0,673.0,43.9,100.0,85.26,"Art, Performing Arts & Design,Computer Science,Geology, Environmental, Earth & Marine Sciences,Accounting & Finance,Mechanical & Aerospace Engineering,Psychology,History, Philosophy & Theology,Other Health,Chemistry,Geography,Electrical & Electronic Engineering,Biological Sciences,Sociology,Economics & Econometrics,Law,Physics & Astronomy,Languages, Literature & Linguistics,General Engineering,Communication & Media Studies,Sport Science,Archaeology,Education,Mathematics & Statistics,Architecture,Medicine & Dentistry,Veterinary Science,Business & Management,Agriculture & Forestry,Politics & International Studies (incl Development Studies)",16515.0,27%,"4,000",0.2422,53:47:00,53.0,47.0,Undergraduate & Postgraduate,-1.0,455.4347826086956,69,1.0,50.81734057971014,25.96666666666667,388.05,48.5,27.6,29.0,77.6,27,37.95,61.38,17.0
U0213,Beijing Institute of Technology,2024,515.0,37.0,32.1,China (Mainland),Asia,Beijing,Public,22.7,18.1,,309.0,673.0,76.4,100.0,65.43,General,34050.0,8%,2.811,0.0001,50:50,,,Undergraduate & Postgraduate,-1.0,328.4,35,12.0,56.53822857142857,28.66857142857143,574.8823529411765,12.0,45.1,44.0,74.7,8,48.39,81.61,22.7
U0214,George Washington University,2024,308.0,106.0,32.1,United States,North America,Ashburn,Private,26.9,24.5,70.2,352.0,405.0,29.3,100.0,67.58,"Sociology,Languages, Literature & Linguistics,Mechanical & Aerospace Engineering,Psychology,Archaeology,Other Health,Physics & Astronomy,Medicine & Dentistry,General Engineering,Art, Performing Arts & Design,Education,Sport Science,Economics & Econometrics,Biological Sciences,Accounting & Finance,Mathematics & Statistics,Business & Management,Law,Communication & Media Studies,Computer Science,Chemistry,History, Philosophy & Theology,Civil Engineering,Politics & International Studies (incl Development Studies),Architecture,Electrical & Electronic Engineering,Geology, Environmental, Earth & Marine Sciences,Geography",22211.0,14%,2.016,0.0001,62:38:00,62.0,38.0,Undergraduate & Postgraduate,-1.0,362.265306122449,98,2.0,56.84324489795918,31.06530612244898,265.6666666666667,23.5,48.2,35.7,86.0,14,69.18,65.76,26.9
U0215,RUDN University,2024,999.0,999.0,32.0,Russia,Europe,Moscow,Public,22.4,45.0,,,0.0,2.0,75.0,37.5,General,22866.0,32%,"3,890",0.1701,59:41:00,59.0,41.0,Undergraduate & Postgraduate,-1.0,1185.0416666666667,24,95.0,29.87127083333333,13.9625,541.0,,39.1,23.0,46.1,32,0.0,41.85,22.4
U0216,Brunel University London,2024,674.0,46.0,31.9,United Kingdom,Europe,Unknown,Public,11.3,13.3,51.7,654.0,673.0,44.2,100.0,82.67,"Sport Science,Civil Engineering,Art, Performing Arts & Design,Law,Communication & Media Studies,Other Health,Electrical & Electronic Engineering,Computer Science,History, Philosophy & Theology,Psychology,General Engineering,Geology, Environmental, Earth & Marine Sciences,Chemical Engineering,Mechanical & Aerospace Engineering,Politics & International Studies (incl Development Studies),Economics & Econometrics,Mathematics & Statistics,Biological Sciences,Languages, Literature & Linguistics,Business & Management,Education,Accounting & Finance,Medicine & Dentistry,Sociology",14130.0,40%,860,0.0609,47:53:00,47.0,53.0,Undergraduate & Postgraduate,-1.0,455.4347826086956,69,1.0,50.81734057971014,25.96666666666667,388.05,48.5,25.2,26.5,80.7,40,32.43,68.02,11.3
U0217,University of Aveiro,2024,551.0,6.0,31.6,Portugal,Europe,Aveiro,Public,13.4,6.6,40.9,413.0,898.0,84.3,100.0,70.63,"Mathematics & Statistics,Biological Sciences,Chemistry,Communication & Media Studies,Business & Management,Psychology,Electrical & Electronic Engineering,Physics & Astronomy,Geology, Environmental, Earth & Marine Sciences,Computer Science,Sociology,Art, Performing Arts & Design,Economics & Econometrics,Chemical Engineering,Mechanical & Aerospace Engineering,Languages, Literature & Linguistics,Agriculture & Forestry,Education,Other Health,General Engineering,Politics & International Studies (incl Development Studies),Civil Engineering,Accounting & Finance",13563.0,11%,1.400,0.0001,54:46:00,54.0,46.0,Undergraduate & Postgraduate,-1.0,561.25,4,436.0,43.51375,24.425,492.5,,27.1,30.2,57.3,11,44.78,81.9,13.4
U0218,University of Saskatchewan,2024,411.0,19.0,31.5,Canada,North America,Saskatoon,Public,12.0,6.8,,338.0,460.0,54.3,100.0,66.88,General,17924.0,21%,1.415,0.0001,56:44:00,56.0,44.0,Undergraduate & Postgraduate,-1.0,315.2173913043478,23,21.0,55.883456521739134,32.3,294.85714285714283,,39.0,35.1,62.9,21,58.84,72.77,12.0
U0219,National Technical University of Athens,2024,627.0,4.0,31.4,Greece,Europe,Athens,Public,20.5,42.7,,551.0,460.0,72.3,100.0,77.52,General,13532.0,6%,689,0.0509,37 : 63,37.0,63.0,Undergraduate & Postgraduate,-1.0,882.625,8,521.0,35.509249999999994,15.3625,455.0,,26.3,23.0,59.1,6,37.15,79.97,20.5
U0220,University of Pisa,2024,285.0,9.0,31.3,Italy,Europe,Pisa,Public,40.4,12.7,50.8,228.0,222.0,41.1,100.0,61.39,"Chemistry,General Engineering,Other Health,Archaeology,Civil Engineering,Communication & Media Studies,Languages, Literature & Linguistics,Art, Performing Arts & Design,Veterinary Science,Computer Science,Geology, Environmental, Earth & Marine Sciences,Mathematics & Statistics,Medicine & Dentistry,Psychology,Chemical Engineering,Business & Management,Biological Sciences,Law,Mechanical & Aerospace Engineering,History, Philosophy & Theology,Electrical & Electronic Engineering,Accounting & Finance,Sport Science,Politics & International Studies (incl Development Studies),Education,Physics & Astronomy,Economics & Econometrics,Sociology,Agriculture & Forestry",31567.0,5%,1.796,0.0001,52:48:00,52.0,48.0,Undergraduate & Postgraduate,-1.0,458.72222222222223,18,181.0,47.393,24.450000000000003,335.6666666666667,,31.1,31.2,80.5,5,71.49,66.6,40.4
U0221,Lappeenranta-Lahti University of Technology LUT,2024,999.0,999.0,31.2,Finland,Europe,Lappeenranta ,Public,6.9,13.3,59.9,,0.0,97.7,100.0,50.0,"Chemical Engineering,Communication & Media Studies,Economics & Econometrics,General Engineering,Sociology,Business & Management,Physics & Astronomy,Accounting & Finance,Mathematics & Statistics,Mechanical & Aerospace Engineering,Electrical & Electronic Engineering,Computer Science,Chemistry,Geology, Environmental, Earth & Marine Sciences",5028.0,14%,298,0.0593,34 : 66,34.0,66.0,Undergraduate & Postgraduate,-1.0,312.125,8,121.0,53.541875,26.9,424.6666666666667,,33.4,36.7,91.7,14,0.0,91.06,6.9
U0222,University of Coimbra,2024,403.0,3.0,31.2,Portugal,Europe,Coimbra,Public,28.9,13.1,27.4,332.0,405.0,41.6,100.0,66.58,"Other Health,General Engineering,Accounting & Finance,Communication & Media Studies,Mechanical & Aerospace Engineering,Business & Management,Languages, Literature & Linguistics,Civil Engineering,Sport Science,Medicine & Dentistry,Law,Geography,Archaeology,Computer Science,Agriculture & Forestry,Sociology,Architecture,Electrical & Electronic Engineering,Chemistry,Economics & Econometrics,Biological Sciences,Psychology,History, Philosophy & Theology,Education,Geology, Environmental, Earth & Marine Sciences,Art, Performing Arts & Design,Chemical Engineering,Mathematics & Statistics,Physics & Astronomy,Politics & International Studies (incl Development Studies)",21767.0,15%,1.740,0.0001,57:43:00,57.0,43.0,Undergraduate & Postgraduate,-1.0,561.25,4,436.0,43.51375,24.425,492.5,,31.4,38.2,59.9,15,59.64,62.12,28.9
U0223,York University,2024,388.0,18.0,31.1,Canada,North America,Toronto,Public,23.0,21.0,41.2,468.0,275.0,29.2,100.0,73.38,"Physics & Astronomy,Geology, Environmental, Earth & Marine Sciences,History, Philosophy & Theology,General Engineering,Computer Science,Business & Management,Chemistry,Other Health,Psychology,Electrical & Electronic Engineering,Languages, Literature & Linguistics,Biological Sciences,Mechanical & Aerospace Engineering,Art, Performing Arts & Design,Communication & Media Studies,Law,Education,Politics & International Studies (incl Development Studies),Economics & Econometrics,Civil Engineering,Sport Science,Geography,Agriculture & Forestry,Mathematics & Statistics,Accounting & Finance,Sociology",44038.0,28%,1.508,0.0,55:45:00,55.0,45.0,Undergraduate & Postgraduate,-1.0,315.2173913043478,23,21.0,55.883456521739134,32.3,294.85714285714283,,28.2,32.4,78.3,28,61.14,59.92,23.0
U0224,Sichuan University,2024,296.0,13.0,30.9,China (Mainland),Asia,Chengdu,Public,20.1,7.6,,75.0,898.0,94.7,100.0,53.75,General,49117.0,5%,3.173,0.0001,50:50,,,Undergraduate & Postgraduate,-1.0,328.4,35,12.0,56.53822857142857,28.66857142857143,574.8823529411765,12.0,59.1,57.3,69.3,5,70.38,88.93,20.1
U0225,University of Tsukuba,2024,238.0,10.0,30.9,Japan,Asia,Tsukuba City,Public,35.8,24.0,41.4,259.0,405.0,19.0,100.0,62.94,"Law,Politics & International Studies (incl Development Studies),Business & Management,General Engineering,Archaeology,Other Health,Agriculture & Forestry,Architecture,Electrical & Electronic Engineering,Languages, Literature & Linguistics,Civil Engineering,Physics & Astronomy,Accounting & Finance,Psychology,Economics & Econometrics,Sport Science,Chemistry,Computer Science,Biological Sciences,Sociology,Chemical Engineering,Art, Performing Arts & Design,History, Philosophy & Theology,Medicine & Dentistry,Geography,Mathematics & Statistics,Communication & Media Studies,Mechanical & Aerospace Engineering,Education,Geology, Environmental, Earth & Marine Sciences",15506.0,16%,"2,073",0.1337,38 : 62,38.0,62.0,Undergraduate & Postgraduate,-1.0,1011.972972972973,37,29.0,35.23782432432433,24.98108108108108,567.8518518518518,,51.8,42.6,52.3,16,76.2,55.88,35.8
U0226,University of Florence,2024,185.0,4.0,30.8,Italy,Europe,Florence,Public,33.6,5.7,57.7,213.0,200.0,49.6,100.0,60.64,"Agriculture & Forestry,Education,History, Philosophy & Theology,Civil Engineering,Architecture,Law,Politics & International Studies (incl Development Studies),Mathematics & Statistics,Geology, Environmental, Earth & Marine Sciences,Languages, Literature & Linguistics,Computer Science,Art, Performing Arts & Design,Biological Sciences,Economics & Econometrics,Geography,Communication & Media Studies,Chemistry,Medicine & Dentistry,Business & Management,Sport Science,Other Health,Sociology,Electrical & Electronic Engineering,Archaeology,Psychology,Mechanical & Aerospace Engineering,Physics & Astronomy,Accounting & Finance",40535.0,10%,1.775,0.0,56:44:00,56.0,44.0,Undergraduate & Postgraduate,-1.0,458.72222222222223,18,181.0,47.393,24.450000000000003,335.6666666666667,,35.5,34.4,78.6,10,81.53,71.38,33.6
U0227,University of Tartu,2024,490.0,1.0,30.8,Estonia,Europe,Tartu,Public,24.4,9.0,34.4,590.0,541.0,11.5,100.0,79.47,"Medicine & Dentistry,Mathematics & Statistics,Art, Performing Arts & Design,Law,Geography,Other Health,Politics & International Studies (incl Development Studies),History, Philosophy & Theology,Biological Sciences,Sociology,Education,Communication & Media Studies,Economics & Econometrics,Psychology,Computer Science,Physics & Astronomy,Business & Management,Chemistry,Archaeology,Accounting & Finance,Geology, Environmental, Earth & Marine Sciences,Languages, Literature & Linguistics,Sport Science",9694.0,12%,"1,605",0.1656,68:32:00,68.0,32.0,Undergraduate & Postgraduate,-1.0,327.0,1,327.0,51.9645,24.4,541.0,,32.8,31.8,86.5,12,50.9,51.48,24.4
U0228,University of Tehran,2024,461.0,2.0,30.7,"Iran, Islamic Republic of",Asia,Tehran,Public,18.7,38.8,,217.0,1001.0,67.5,100.0,60.84,General,54890.0,2%,2.118,0.0,0.274305556,0.274305556,,Undergraduate & Postgraduate,-1.0,553.5,6,325.0,44.60775,8.5,818.1666666666666,,37.7,28.4,71.9,2,53.82,78.05,18.7
U0229,American University of Sharjah,2024,999.0,999.0,30.3,United Arab Emirates,Asia,Sharjah,Private,20.0,39.1,,,0.0,20.0,100.0,50.0,General,4737.0,74%,371,0.0783,54:46:00,54.0,46.0,Undergraduate & Postgraduate,-1.0,399.2,5,229.0,49.6779,18.2,,,24.5,26.3,57.9,74,0.0,59.05,20.0
U0230,University of Turin,2024,208.0,6.0,30.3,Italy,Europe,Turin,Public,39.8,5.7,66.2,199.0,200.0,36.8,100.0,59.94,"Art, Performing Arts & Design,Mathematics & Statistics,Sport Science,Medicine & Dentistry,Psychology,Accounting & Finance,Chemistry,History, Philosophy & Theology,Sociology,Archaeology,Law,Business & Management,Computer Science,Geology, Environmental, Earth & Marine Sciences,Veterinary Science,Architecture,Languages, Literature & Linguistics,Physics & Astronomy,Agriculture & Forestry,Politics & International Studies (incl Development Studies),Geography,Other Health,Education,Economics & Econometrics,Biological Sciences,Communication & Media Studies",63232.0,6%,2.261,0.0,61:39:00,61.0,39.0,Undergraduate & Postgraduate,-1.0,458.72222222222223,18,181.0,47.393,24.450000000000003,335.6666666666667,,23.0,30.1,84.5,6,79.22,67.96,39.8
U0231,Cairo University,2024,452.0,1.0,29.9,Egypt,Africa,Giza,Public,43.7,33.2,,378.0,541.0,2.8,100.0,68.88,General,202915.0,5%,11.924,0.0001,60:40:00,60.0,40.0,Undergraduate & Postgraduate,-1.0,1062.7142857142858,7,818.0,31.52378571428571,13.071428571428571,719.5,,25.0,18.5,59.9,5,54.72,52.17,43.7
U0232,Tilburg University,2024,502.0,13.0,29.9,Netherlands,Europe,Tilburg,Public,15.2,33.4,23.6,760.0,460.0,44.2,100.0,87.96,"Psychology,History, Philosophy & Theology,Languages, Literature & Linguistics,Computer Science,Accounting & Finance,Education,Other Health,Law,Business & Management,Communication & Media Studies,Economics & Econometrics,Sociology,Data Science",13225.0,21%,745,0.0563,51:49:00,51.0,49.0,Undergraduate & Postgraduate,-1.0,116.22222222222224,9,48.0,67.17744444444445,47.4,271.0,,32.8,44.9,80.1,21,49.7,62.4,15.2
U0233,Amirkabir University of Technology,2024,689.0,6.0,29.5,"Iran, Islamic Republic of",Asia,Tehran,Public,4.1,33.4,,396.0,898.0,99.8,100.0,69.78,General,9859.0,3%,525,0.0533,35 : 65,35.0,65.0,Undergraduate & Postgraduate,-1.0,553.5,6,325.0,44.60775,8.5,818.1666666666666,,34.8,33.7,77.0,3,30.92,90.97,4.1
U0234,Tufts University,2024,154.0,66.0,29.4,United States,North America,Medford,Private,18.1,5.3,83.9,272.0,151.0,42.9,100.0,63.59,"Other Health,Business & Management,Veterinary Science,Geography,Medicine & Dentistry,Mechanical & Aerospace Engineering,Sociology,Computer Science,General Engineering,Psychology,Chemical Engineering,Architecture,Chemistry,Electrical & Electronic Engineering,Archaeology,Mathematics & Statistics,History, Philosophy & Theology,Physics & Astronomy,Education,Languages, Literature & Linguistics,Biological Sciences,Communication & Media Studies,Art, Performing Arts & Design,Civil Engineering,Geology, Environmental, Earth & Marine Sciences,Economics & Econometrics,Law,Politics & International Studies (incl Development Studies),Agriculture & Forestry",11611.0,16%,"1,459",0.1257,57:43:00,57.0,43.0,Undergraduate & Postgraduate,-1.0,362.265306122449,98,2.0,56.84324489795918,31.06530612244898,265.6666666666667,23.5,51.5,35.0,87.5,16,84.64,73.94,18.1
U0235,Flinders University,2024,493.0,18.0,29.2,Australia,Oceania,Adelaide,Public,13.3,6.7,20.3,511.0,541.0,42.6,100.0,75.52,"Psychology,Mathematics & Statistics,Accounting & Finance,Medicine & Dentistry,Agriculture & Forestry,Law,Electrical & Electronic Engineering,General Engineering,Economics & Econometrics,Sociology,Languages, Literature & Linguistics,Biological Sciences,Archaeology,Sport Science,Computer Science,Education,Communication & Media Studies,Business & Management,Physics & Astronomy,Geography,Other Health,Chemistry,Art, Performing Arts & Design,Politics & International Studies (incl Development Studies),Geology, Environmental, Earth & Marine Sciences,Mechanical & Aerospace Engineering,Civil Engineering,History, Philosophy & Theology",17422.0,33%,932,0.0535,66:34:00,66.0,34.0,Undergraduate & Postgraduate,-1.0,250.1428571428572,21,54.0,57.36819047619048,33.990476190476194,519.8125,,29.2,35.4,78.4,33,50.6,61.1,13.3
U0236,University of Luxembourg,2024,999.0,999.0,29.1,Luxembourg,Unknown,Esch-sur-Alzette,Unknown,9.1,4.9,,,0.0,28.6,,50.0,General,5599.0,49%,0,0.0,53:47:00,53.0,47.0,Undergraduate & Postgraduate,-1.0,243.0,1,243.0,56.048,9.1,,,39.6,39.4,78.1,49,0.0,62.49,9.1
U0237,Mahidol University,2024,471.0,1.0,29.0,Thailand,Asia,Nakhon Pathom,Public,42.4,30.3,20.9,424.0,898.0,4.7,100.0,71.18,"Mathematics & Statistics,Education,Geology, Environmental, Earth & Marine Sciences,Chemistry,Electrical & Electronic Engineering,Medicine & Dentistry,Other Health,Sociology,Economics & Econometrics,Physics & Astronomy,Civil Engineering,Veterinary Science,Politics & International Studies (incl Development Studies),Biological Sciences,General Engineering,Sport Science,Communication & Media Studies,Computer Science,Geography,History, Philosophy & Theology,Accounting & Finance,Languages, Literature & Linguistics,Chemical Engineering,Business & Management,Art, Performing Arts & Design,Psychology,Mechanical & Aerospace Engineering",28790.0,5%,"3,850",0.1337,64:36:00,64.0,36.0,Undergraduate & Postgraduate,-1.0,1271.3,10,612.0,27.2866,24.82,732.25,,39.3,25.0,46.3,5,52.81,46.06,42.4
U0238,Nankai University,2024,337.0,21.0,28.6,China (Mainland),Asia,Tianjin,Public,21.1,8.6,,252.0,405.0,73.9,100.0,62.59,General,31416.0,7%,2.846,0.0001,50:50,,,Undergraduate & Postgraduate,-1.0,328.4,35,12.0,56.53822857142857,28.66857142857143,574.8823529411765,12.0,48.8,31.4,85.3,7,66.27,80.61,21.1
U0239,Aix-Marseille University,2024,138.0,8.0,28.3,France,Europe,Marseille,Public,36.1,4.5,,87.0,139.0,26.5,100.0,54.35,General,72946.0,14%,4.069,0.0001,60:40:00,60.0,40.0,Undergraduate & Postgraduate,-1.0,373.0,9,58.0,54.703833333333336,38.41111111111111,207.0,,43.0,27.2,71.9,14,86.24,61.65,36.1
U0240,Belarusian State University,2024,999.0,999.0,28.3,Belarus,Europe,Minsk,Public,26.6,42.5,,,0.0,1.3,100.0,50.0,General,23030.0,19%,"4,173",0.1812,62:38:00,62.0,38.0,Undergraduate & Postgraduate,-1.0,1476.0,1,1476.0,23.1835,26.6,,,25.5,11.5,17.0,19,0.0,51.57,26.6
U0241,Concordia University,2024,719.0,24.0,28.3,Canada,North America,Montreal,Public,15.0,15.2,,605.0,1001.0,23.7,100.0,80.22,General,36749.0,34%,"2,282",0.0621,50:50:00,50.0,50.0,Undergraduate & Postgraduate,-1.0,315.2173913043478,23,21.0,55.883456521739134,32.3,294.85714285714283,,25.7,29.3,66.2,34,27.91,60.53,15.0
U0242,National Taiwan University of Science and Technology (Taiwan Tech),2024,999.0,999.0,28.3,Taiwan,Asia,Taipei City,Public,27.1,37.8,19.4,,0.0,27.0,100.0,50.0,"Computer Science,Business & Management,Architecture,General Engineering,Languages, Literature & Linguistics,Civil Engineering,Art, Performing Arts & Design,Accounting & Finance,Mechanical & Aerospace Engineering,Electrical & Electronic Engineering,Chemical Engineering,Education",9221.0,19%,"1,005",0.109,30 : 70,30.0,70.0,Undergraduate & Postgraduate,-1.0,1021.181818181818,22,154.0,33.41943181818181,20.48181818181818,734.8571428571429,,33.2,36.9,63.8,19,0.0,54.68,27.1
U0243,South China University of Technology,2024,319.0,17.0,28.2,China (Mainland),Asia,Guangzhou,Public,12.5,4.2,,200.0,304.0,95.4,100.0,59.99,General,40449.0,6%,3.006,0.0001,38 : 62,38.0,62.0,Undergraduate & Postgraduate,-1.0,328.4,35,12.0,56.53822857142857,28.66857142857143,574.8823529411765,12.0,36.6,38.2,83.2,6,68.07,89.21,12.5
U0244,Xiamen University,2024,369.0,26.0,28.2,China (Mainland),Asia,Xiamen,Public,25.9,11.6,,246.0,898.0,65.3,100.0,62.29,General,44715.0,2%,3.106,0.0001,50:50,,,Undergraduate & Postgraduate,-1.0,328.4,35,12.0,56.53822857142857,28.66857142857143,574.8823529411765,12.0,38.0,33.5,83.7,2,63.05,77.17,25.9
U0245,HSE University,2024,999.0,999.0,28.0,Russia,Europe,Moscow,Public,27.3,31.9,,,0.0,1.9,100.0,50.0,General,34656.0,12%,2724,0.0786,50:50,,,Undergraduate & Postgraduate,-1.0,1185.0416666666667,24,95.0,29.87127083333333,13.9625,541.0,,34.4,44.0,57.3,12,0.0,51.81,27.3
U0246,Iowa State University,2024,177.0,69.0,27.9,United States,North America,Ames,Public,20.0,13.5,58.2,203.0,222.0,58.7,100.0,60.14,"Mechanical & Aerospace Engineering,History, Philosophy & Theology,Chemical Engineering,Accounting & Finance,Veterinary Science,Mathematics & Statistics,Politics & International Studies (incl Development Studies),Architecture,Other Health,General Engineering,Psychology,Medicine & Dentistry,Sport Science,Geology, Environmental, Earth & Marine Sciences,Physics & Astronomy,Languages, Literature & Linguistics,Civil Engineering,Biological Sciences,Law,Business & Management,Sociology,Education,Art, Performing Arts & Design,Computer Science,Economics & Econometrics,Communication & Media Studies,Chemistry,Electrical & Electronic Engineering,Agriculture & Forestry",28591.0,8%,1.656,0.0001,46:54:00,46.0,54.0,Undergraduate & Postgraduate,-1.0,362.265306122449,98,2.0,56.84324489795918,31.06530612244898,265.6666666666667,23.5,39.5,34.5,69.3,8,82.33,75.12,20.0
U0247,Masaryk University,2024,571.0,2.0,27.9,Czech Republic,Europe,Brno,Public,23.2,32.2,,500.0,898.0,15.2,100.0,74.98,General,32789.0,23%,1.892,0.0001,62:38:00,62.0,38.0,Undergraduate & Postgraduate,-1.0,1151.7272727272727,11,459.0,29.91190909090909,13.754545454545456,587.6666666666666,,25.9,31.0,50.1,23,42.77,57.13,23.2
U0248,University of Granada,2024,318.0,6.0,27.8,Spain,Europe,Granada,Public,44.0,9.8,,251.0,200.0,23.3,100.0,62.54,General,55523.0,9%,2.682,0.0,59:41:00,59.0,41.0,Undergraduate & Postgraduate,-1.0,727.0,9,313.0,39.44405555555555,25.51111111111111,558.7142857142857,,28.5,26.6,65.7,9,68.17,60.37,44.0
U0249,Istanbul Technical University,2024,648.0,6.0,27.6,Turkey,Asia,Maslak-Istanbul,Public,24.2,60.4,48.9,587.0,405.0,13.3,100.0,79.32,"Mathematics & Statistics,Electrical & Electronic Engineering,Architecture,Other Health,Civil Engineering,Physics & Astronomy,Art, Performing Arts & Design,Business & Management,Mechanical & Aerospace Engineering,Politics & International Studies (incl Development Studies),Economics & Econometrics,Chemistry,Computer Science,General Engineering,Geology, Environmental, Earth & Marine Sciences,Biological Sciences,Accounting & Finance,Chemical Engineering",19055.0,14%,1.800,0.0001,42:58:00,42.0,58.0,Undergraduate & Postgraduate,-1.0,965.9,10,382.0,34.57495,16.61,499.5,,35.8,36.6,51.8,14,35.04,55.1,24.2
U0250,"University of California, Riverside",2024,245.0,87.0,27.6,United States,North America,Riverside,Public,17.5,7.0,78.3,328.0,200.0,59.9,100.0,66.38,"Economics & Econometrics,Mathematics & Statistics,Chemical Engineering,Chemistry,Languages, Literature & Linguistics,General Engineering,Sociology,History, Philosophy & Theology,Psychology,Other Health,Physics & Astronomy,Accounting & Finance,Agriculture & Forestry,Medicine & Dentistry,Communication & Media Studies,Biological Sciences,Education,Mechanical & Aerospace Engineering,Computer Science,Geology, Environmental, Earth & Marine Sciences,Art, Performing Arts & Design,Business & Management,Electrical & Electronic Engineering,Politics & International Studies (incl Development Studies)",25670.0,14%,1.497,0.0001,53:47:00,53.0,47.0,Undergraduate & Postgraduate,-1.0,362.265306122449,98,2.0,56.84324489795918,31.06530612244898,265.6666666666667,23.5,35.9,35.4,85.7,14,75.5,79.62,17.5
U0251,University of the Philippines,2024,999.0,999.0,27.6,Philippines,Asia,Quezon City,Public,34.4,58.9,,,0.0,1.9,75.0,37.5,General,53676.0,0%,4.480,0.0001,59:41:00,59.0,41.0,Undergraduate & Postgraduate,-1.0,1347.25,4,1050.0,25.6985,21.65,,,25.4,15.3,38.7,0,0.0,41.81,34.4
U0252,University of Delhi,2024,726.0,7.0,27.4,India,Asia,New Delhi,Public,36.1,28.2,,569.0,1001.0,22.5,100.0,78.42,General,29532.0,1%,1.171,0.0,48:52:00,48.0,52.0,Undergraduate & Postgraduate,-1.0,783.3125,16,218.0,38.128875,14.1375,777.0,,40.4,24.2,39.0,1,27.21,60.05,36.1
U0253,University of Kansas,2024,224.0,83.0,27.2,United States,North America,Lawrence,Public,15.1,13.3,43.0,243.0,121.0,9.0,100.0,62.14,"History, Philosophy & Theology,Economics & Econometrics,Communication & Media Studies,Electrical & Electronic Engineering,Chemical Engineering,Mechanical & Aerospace Engineering,Psychology,Other Health,Agriculture & Forestry,Biological Sciences,Sport Science,Education,Geology, Environmental, Earth & Marine Sciences,Physics & Astronomy,Business & Management,Chemistry,General Engineering,Computer Science,Sociology,Civil Engineering,Accounting & Finance,Art, Performing Arts & Design,Law,Geography,Languages, Literature & Linguistics,Medicine & Dentistry,Politics & International Studies (incl Development Studies),Architecture,Mathematics & Statistics",23410.0,7%,3.357,0.0001,53:47:00,53.0,47.0,Undergraduate & Postgraduate,-1.0,362.265306122449,98,2.0,56.84324489795918,31.06530612244898,265.6666666666667,23.5,42.7,25.9,73.1,7,77.61,52.2,15.1
U0254,Oxford Brookes University,2024,999.0,999.0,27.1,United Kingdom,Europe,Oxford,Public,28.9,29.7,,,0.0,8.4,75.0,37.5,General,13860.0,25%,"1,471",0.1061,58:42:00,58.0,42.0,Undergraduate & Postgraduate,-1.0,455.4347826086956,69,1.0,50.81734057971014,25.96666666666667,388.05,48.5,25.1,21.1,62.5,25,0.0,44.41,28.9
U0255,James Cook University,2024,390.0,13.0,27.0,Australia,Oceania,Townsville,Public,15.4,8.7,,537.0,327.0,51.1,100.0,76.82,General,9759.0,9%,"2,940",0.3013,66:34:00,66.0,34.0,Undergraduate & Postgraduate,-1.0,250.1428571428572,21,54.0,57.36819047619048,33.990476190476194,519.8125,,28.3,30.9,79.6,9,60.94,71.49,15.4
U0256,Tomsk State University,2024,999.0,999.0,26.9,Russia,Europe,Tomsk,Public,23.1,10.9,,,0.0,5.1,100.0,50.0,General,7930.0,37%,"1,742",0.2197,50:50,,,Undergraduate & Postgraduate,-1.0,1185.0416666666667,24,95.0,29.87127083333333,13.9625,541.0,,49.2,40.0,31.8,37,0.0,53.09,23.1
U0257,Washington State University,2024,277.0,99.0,26.8,United States,North America,Pullman,Public,24.4,17.9,33.5,321.0,460.0,35.4,100.0,66.03,"Medicine & Dentistry,Geography,Agriculture & Forestry,Accounting & Finance,Chemistry,Civil Engineering,Architecture,Electrical & Electronic Engineering,Physics & Astronomy,Languages, Literature & Linguistics,Psychology,Computer Science,Business & Management,Geology, Environmental, Earth & Marine Sciences,Chemical Engineering,General Engineering,History, Philosophy & Theology,Sport Science,Mechanical & Aerospace Engineering,Mathematics & Statistics,Archaeology,Sociology,Art, Performing Arts & Design,Education,Veterinary Science,Biological Sciences,Economics & Econometrics,Politics & International Studies (incl Development Studies),Communication & Media Studies,Other Health",28896.0,6%,1.935,0.0001,55:45:00,55.0,45.0,Undergraduate & Postgraduate,-1.0,362.265306122449,98,2.0,56.84324489795918,31.06530612244898,265.6666666666667,23.5,36.9,34.5,74.8,6,72.29,60.86,24.4
U0258,Graz University of Technology,2024,718.0,8.0,26.7,Austria,Europe,Graz,Public,14.5,11.0,,780.0,460.0,13.6,100.0,88.96,General,6660.0,24%,"1,427",0.2143,26 : 74,26.0,74.0,Undergraduate & Postgraduate,-1.0,395.6666666666667,3,119.0,51.20583333333333,30.266666666666666,317.0,,40.4,21.4,51.5,24,28.01,56.49,14.5
U0259,Novosibirsk State University,2024,595.0,4.0,26.7,Russia,Europe,Novosibirsk ,Public,27.5,14.4,70.5,509.0,541.0,12.6,100.0,75.42,"Languages, Literature & Linguistics,General Engineering,Sociology,Archaeology,Geology, Environmental, Earth & Marine Sciences,Electrical & Electronic Engineering,Education,Mathematics & Statistics,Chemical Engineering,Psychology,History, Philosophy & Theology,Accounting & Finance,Chemistry,Art, Performing Arts & Design,Civil Engineering,Physics & Astronomy,Economics & Econometrics,Agriculture & Forestry,Business & Management,Biological Sciences,Computer Science,Mechanical & Aerospace Engineering,Politics & International Studies (incl Development Studies),Law,Other Health,Communication & Media Studies",7264.0,20%,"1,218",0.1677,50:50,,,Undergraduate & Postgraduate,-1.0,1185.0416666666667,24,95.0,29.87127083333333,13.9625,541.0,,42.2,36.6,31.6,20,40.36,59.14,27.5
U0260,University of Limerick,2024,949.0,6.0,26.6,Ireland,Europe,Limerick,Public,17.5,29.1,,927.0,898.0,21.9,75.0,83.8,General,14640.0,15%,952,0.065,50:50:00,50.0,50.0,Undergraduate & Postgraduate,-1.0,484.2857142857143,7,231.0,47.20792857142857,23.4,544.0,,27.1,32.6,64.1,15,4.82,49.81,17.5
U0261,Anna University,2024,999.0,999.0,26.5,India,Asia,Chennai,Public,8.5,8.5,,,0.0,99.8,100.0,50.0,General,12824.0,1%,730,0.0569,41:59:00,41.0,59.0,Undergraduate & Postgraduate,-1.0,783.3125,16,218.0,38.128875,14.1375,777.0,,32.0,26.3,72.4,1,0.0,90.97,8.5
U0262,University of Trento,2024,479.0,25.0,26.3,Italy,Europe,Trento,Public,24.6,8.9,51.5,565.0,405.0,44.0,100.0,78.22,"Sociology,Business & Management,Electrical & Electronic Engineering,Politics & International Studies (incl Development Studies),Archaeology,Agriculture & Forestry,Mathematics & Statistics,History, Philosophy & Theology,Economics & Econometrics,Mechanical & Aerospace Engineering,Languages, Literature & Linguistics,Physics & Astronomy,Biological Sciences,Sport Science,Computer Science,Accounting & Finance,Civil Engineering,Chemical Engineering,Psychology,Law,Architecture,Medicine & Dentistry",14100.0,7%,1.066,0.0001,51:49:00,51.0,49.0,Undergraduate & Postgraduate,-1.0,458.72222222222223,18,181.0,47.393,24.450000000000003,335.6666666666667,,29.3,34.8,80.5,7,52.01,67.9,24.6
U0263,Koç University,2024,999.0,999.0,26.2,Turkey,Asia,Istanbul,Private,22.4,47.3,79.2,,0.0,28.6,75.0,37.5,"Medicine & Dentistry,Politics & International Studies (incl Development Studies),General Engineering,Languages, Literature & Linguistics,Law,History, Philosophy & Theology,Business & Management,Psychology,Electrical & Electronic Engineering,Communication & Media Studies,Art, Performing Arts & Design,Other Health,Physics & Astronomy,Computer Science,Chemistry,Accounting & Finance,Mechanical & Aerospace Engineering,Archaeology,Chemical Engineering,Biological Sciences,Sociology,Economics & Econometrics,Mathematics & Statistics",6427.0,9%,560,0.0871,49:51:00,49.0,51.0,Undergraduate & Postgraduate,-1.0,965.9,10,382.0,34.57495,16.61,499.5,,31.8,40.5,68.9,9,0.0,57.28,22.4
U0264,Murdoch University,2024,870.0,25.0,26.2,Australia,Oceania,Murdoch,Public,7.3,5.3,49.6,856.0,1001.0,53.1,100.0,92.76,"Economics & Econometrics,Law,Biological Sciences,Education,Communication & Media Studies,Languages, Literature & Linguistics,Physics & Astronomy,Chemical Engineering,Chemistry,Sociology,Other Health,Sport Science,Art, Performing Arts & Design,General Engineering,Geology, Environmental, Earth & Marine Sciences,History, Philosophy & Theology,Electrical & Electronic Engineering,Psychology,Accounting & Finance,Mathematics & Statistics,Business & Management,Veterinary Science,Computer Science,Politics & International Studies (incl Development Studies),Agriculture & Forestry",14816.0,38%,613,0.0414,62:38:00,62.0,38.0,Undergraduate & Postgraduate,-1.0,250.1428571428572,21,54.0,57.36819047619048,33.990476190476194,519.8125,,23.2,29.6,81.4,38,12.75,71.16,7.3
U0265,National Taipei University of Technology,2024,999.0,999.0,26.2,Taiwan,Asia,Taipei City,Public,15.0,57.7,,,0.0,34.3,100.0,50.0,General,9868.0,10%,714,0.0724,28 : 72,28.0,72.0,Undergraduate & Postgraduate,-1.0,1021.181818181818,22,154.0,33.41943181818181,20.48181818181818,734.8571428571429,,27.3,25.0,35.8,10,0.0,64.77,15.0
U0266,National Taiwan Normal University,2024,846.0,14.0,26.2,Taiwan,Asia,Taipei City,Public,34.5,20.8,,848.0,673.0,5.9,100.0,92.36,General,10878.0,12%,1.374,0.0001,50:50,,,Undergraduate & Postgraduate,-1.0,1021.181818181818,22,154.0,33.41943181818181,20.48181818181818,734.8571428571429,,35.0,32.0,51.4,12,15.16,53.41,34.5
U0267,University of Stirling,2024,777.0,53.0,26.2,United Kingdom,Europe,Stirling,Public,11.5,10.2,42.0,969.0,460.0,34.7,100.0,98.4,"Accounting & Finance,Communication & Media Studies,Biological Sciences,History, Philosophy & Theology,Sport Science,Business & Management,Law,Education,Psychology,Geology, Environmental, Earth & Marine Sciences,Sociology,Computer Science,Languages, Literature & Linguistics,General Engineering,Other Health,Mathematics & Statistics,Economics & Econometrics,Politics & International Studies (incl Development Studies)",10650.0,28%,728,0.0684,64:36:00,64.0,36.0,Undergraduate & Postgraduate,-1.0,455.4347826086956,69,1.0,50.81734057971014,25.96666666666667,388.05,48.5,23.0,26.2,82.4,28,22.09,62.28,11.5
U0268,Dublin City University,2024,936.0,5.0,26.0,Ireland,Europe,Dublin,Public,19.7,27.0,,968.0,673.0,12.4,75.0,85.85,General,14325.0,12%,1.257,0.0001,58:42:00,58.0,42.0,Undergraduate & Postgraduate,-1.0,484.2857142857143,7,231.0,47.20792857142857,23.4,544.0,,24.5,35.2,77.1,12,6.12,46.01,19.7
U0269,Tampere University,2024,999.0,999.0,26.0,Finland,Europe,Tampere,Public,22.5,19.5,,,0.0,31.8,100.0,50.0,General,16236.0,7%,1.310,0.0001,55:45:00,55.0,45.0,Undergraduate & Postgraduate,-1.0,312.125,8,121.0,53.541875,26.9,424.6666666666667,,30.6,38.4,80.9,7,0.0,63.77,22.5
U0270,Université Laval,2024,999.0,999.0,25.9,Canada,North America,Québec,Public,19.9,11.0,57.5,,0.0,25.1,100.0,50.0,"Sociology,Electrical & Electronic Engineering,Computer Science,General Engineering,Art, Performing Arts & Design,Psychology,Mechanical & Aerospace Engineering,Mathematics & Statistics,Agriculture & Forestry,Biological Sciences,Sport Science,Business & Management,Archaeology,Chemistry,Geography,Other Health,Economics & Econometrics,Accounting & Finance,Civil Engineering,Law,Medicine & Dentistry,Politics & International Studies (incl Development Studies),Geology, Environmental, Earth & Marine Sciences,Chemical Engineering,Education,Physics & Astronomy,History, Philosophy & Theology,Architecture,Languages, Literature & Linguistics,Communication & Media Studies",30362.0,16%,2.290,0.0001,58:42:00,58.0,42.0,Undergraduate & Postgraduate,-1.0,315.2173913043478,23,21.0,55.883456521739134,32.3,294.85714285714283,,40.7,38.7,73.7,16,0.0,61.54,19.9
U0271,University of Utah,2024,83.0,48.0,25.9,United States,North America,Salt Lake City,Public,15.9,6.0,72.0,125.0,93.0,36.5,100.0,56.24,"Architecture,Electrical & Electronic Engineering,Accounting & Finance,Education,Mathematics & Statistics,Languages, Literature & Linguistics,Civil Engineering,Geology, Environmental, Earth & Marine Sciences,Geography,Business & Management,Biological Sciences,Chemical Engineering,History, Philosophy & Theology,Chemistry,Politics & International Studies (incl Development Studies),Other Health,Law,Sociology,Mechanical & Aerospace Engineering,Medicine & Dentistry,Computer Science,General Engineering,Physics & Astronomy,Sport Science,Art, Performing Arts & Design,Economics & Econometrics,Agriculture & Forestry,Psychology,Communication & Media Studies",31502.0,8%,3.345,0.0001,50:50:00,50.0,50.0,Undergraduate & Postgraduate,-1.0,362.265306122449,98,2.0,56.84324489795918,31.06530612244898,265.6666666666667,23.5,43.5,38.5,87.0,8,91.77,69.0,15.9
U0272,National and Kapodistrian University of Athens,2024,305.0,1.0,25.8,Greece,Europe,Athens,Public,26.3,31.6,,201.0,275.0,29.1,100.0,60.04,General,67934.0,11%,2.164,0.0,59:41:00,59.0,41.0,Undergraduate & Postgraduate,-1.0,882.625,8,521.0,35.509249999999994,15.3625,455.0,,22.6,23.9,77.3,11,69.48,62.69,26.3
U0273,University of Connecticut,2024,193.0,75.0,25.8,United States,North America,Storrs,Public,15.1,6.9,50.0,210.0,254.0,41.6,100.0,60.49,"Civil Engineering,Sociology,Business & Management,Economics & Econometrics,General Engineering,Physics & Astronomy,Languages, Literature & Linguistics,Mechanical & Aerospace Engineering,Geography,Art, Performing Arts & Design,Education,Biological Sciences,Psychology,History, Philosophy & Theology,Chemistry,Law,Medicine & Dentistry,Geology, Environmental, Earth & Marine Sciences,Electrical & Electronic Engineering,Communication & Media Studies,Accounting & Finance,Architecture,Computer Science,Sport Science,Other Health,Mathematics & Statistics,Agriculture & Forestry,Politics & International Studies (incl Development Studies),Chemical Engineering",28128.0,11%,1.328,0.0,53:47:00,53.0,47.0,Undergraduate & Postgraduate,-1.0,362.265306122449,98,2.0,56.84324489795918,31.06530612244898,265.6666666666667,23.5,41.2,30.2,72.8,11,80.72,66.64,15.1
U0274,Aston University,2024,999.0,999.0,25.7,United Kingdom,Europe,Birmingham,Public,12.9,22.8,11.7,,0.0,34.1,100.0,50.0,"Chemical Engineering,Sociology,Electrical & Electronic Engineering,Languages, Literature & Linguistics,Biological Sciences,General Engineering,Medicine & Dentistry,Mathematics & Statistics,Economics & Econometrics,Accounting & Finance,Mechanical & Aerospace Engineering,Psychology,Other Health,Chemistry,Politics & International Studies (incl Development Studies),History, Philosophy & Theology,Civil Engineering,Computer Science,Law,Business & Management",12950.0,25%,730,0.0564,48:52:00,48.0,52.0,Undergraduate & Postgraduate,-1.0,455.4347826086956,69,1.0,50.81734057971014,25.96666666666667,388.05,48.5,22.2,26.5,82.5,25,0.0,55.98,12.9
U0275,University of Jyväskylä,2024,603.0,7.0,25.7,Finland,Europe,Jyväskylä,Public,17.2,12.5,44.6,593.0,898.0,15.3,100.0,79.62,"Accounting & Finance,Politics & International Studies (incl Development Studies),Other Health,Languages, Literature & Linguistics,Sport Science,History, Philosophy & Theology,Biological Sciences,Education,Mathematics & Statistics,Computer Science,Art, Performing Arts & Design,Chemistry,Sociology,Economics & Econometrics,Psychology,Business & Management,Communication & Media Studies,Physics & Astronomy",10702.0,3%,1.573,0.0001,62:38:00,62.0,38.0,Undergraduate & Postgraduate,-1.0,312.125,8,121.0,53.541875,26.9,424.6666666666667,,31.4,34.1,78.2,3,39.56,55.04,17.2
U0276,Iran University of Science and Technology,2024,760.0,8.0,25.6,"Iran, Islamic Republic of",Asia,Tehran,Public,6.6,23.2,,546.0,673.0,94.8,100.0,77.27,General,14679.0,1%,532,0.0362,35 : 65,35.0,65.0,Undergraduate & Postgraduate,-1.0,553.5,6,325.0,44.60775,8.5,818.1666666666666,,33.6,37.4,75.2,1,23.8,88.97,6.6
U0277,Czech Technical University in Prague,2024,667.0,4.0,25.2,Czech Republic,Europe,Prague,Public,21.5,37.6,,673.0,460.0,4.1,100.0,83.62,General,15663.0,21%,2.628,0.0002,30 : 70,30.0,70.0,Undergraduate & Postgraduate,-1.0,1151.7272727272727,11,459.0,29.91190909090909,13.754545454545456,587.6666666666666,,30.9,18.8,32.2,21,33.13,52.69,21.5
U0278,Southeast University,2024,367.0,25.0,25.2,China (Mainland),Asia,Nanjing,Public,12.8,7.4,,175.0,541.0,73.1,100.0,58.74,General,39637.0,4%,3.409,0.0001,36 : 64,36.0,64.0,Undergraduate & Postgraduate,-1.0,328.4,35,12.0,56.53822857142857,28.66857142857143,574.8823529411765,12.0,39.9,46.3,68.4,4,63.25,80.29,12.8
U0279,Sultan Qaboos University,2024,999.0,999.0,25.2,Oman,Asia,Muscat,Public,16.7,13.7,,,0.0,18.4,75.0,37.5,General,7512.0,4%,916,0.1219,50:50:00,50.0,50.0,Undergraduate & Postgraduate,-1.0,653.0,1,653.0,40.39549999999999,16.7,,,28.1,22.2,62.3,4,0.0,48.41,16.7
U0280,Florida State University,2024,248.0,89.0,24.9,United States,North America,Tallahassee,Public,25.1,25.7,,275.0,139.0,30.7,100.0,63.74,General,39831.0,6%,2.236,0.0001,58:42:00,58.0,42.0,Undergraduate & Postgraduate,-1.0,362.265306122449,98,2.0,56.84324489795918,31.06530612244898,265.6666666666667,23.5,38.2,38.6,79.4,6,75.2,63.33,25.1
U0281,University of Bordeaux,2024,454.0,22.0,24.7,France,Europe,Talence,Public,30.2,5.3,,519.0,460.0,21.4,100.0,75.92,General,52643.0,14%,3.195,0.0001,60:40:00,60.0,40.0,Undergraduate & Postgraduate,-1.0,373.0,9,58.0,54.703833333333336,38.41111111111111,207.0,,37.2,29.9,72.5,14,54.52,59.61,30.2
U0282,University of Sharjah,2024,999.0,999.0,24.7,United Arab Emirates,Asia,Unknown,Private,16.7,18.8,,,0.0,13.5,75.0,37.5,General,12848.0,51%,678,0.0528,67:33:00,67.0,33.0,Undergraduate & Postgraduate,-1.0,399.2,5,229.0,49.6779,18.2,,,20.7,25.7,93.8,51,0.0,46.45,16.7
U0283,Illinois Institute of Technology,2024,750.0,179.0,24.6,United States,North America,Chicago,Private,14.2,15.6,50.3,1001.0,541.0,48.5,100.0,100.0,"Art, Performing Arts & Design,Mechanical & Aerospace Engineering,Sociology,Languages, Literature & Linguistics,Chemical Engineering,Physics & Astronomy,Economics & Econometrics,Law,General Engineering,Mathematics & Statistics,Computer Science,Education,Communication & Media Studies,Architecture,Civil Engineering,Accounting & Finance,Chemistry,Electrical & Electronic Engineering,Psychology,Business & Management,Biological Sciences",6107.0,36%,402,0.0658,37 : 63,37.0,63.0,Undergraduate & Postgraduate,-1.0,362.265306122449,98,2.0,56.84324489795918,31.06530612244898,265.6666666666667,23.5,42.6,26.9,67.8,36,24.8,69.46,14.2
U0284,Hiroshima University,2024,377.0,13.0,24.5,Japan,Asia,Higashihiroshima City,Public,23.6,14.0,20.1,312.0,541.0,9.6,100.0,65.58,"Archaeology,Medicine & Dentistry,Other Health,Agriculture & Forestry,Mathematics & Statistics,Architecture,Civil Engineering,Geology, Environmental, Earth & Marine Sciences,Economics & Econometrics,Law,Psychology,Business & Management,Mechanical & Aerospace Engineering,Physics & Astronomy,Accounting & Finance,General Engineering,Communication & Media Studies,Computer Science,Sport Science,Politics & International Studies (incl Development Studies),Art, Performing Arts & Design,Chemical Engineering,History, Philosophy & Theology,Education,Veterinary Science,Languages, Literature & Linguistics,Biological Sciences,Sociology,Electrical & Electronic Engineering,Geography,Chemistry",14590.0,10%,2.366,0.0002,38 : 62,38.0,62.0,Undergraduate & Postgraduate,-1.0,1011.972972972973,37,29.0,35.23782432432433,24.98108108108108,567.8518518518518,,39.6,26.4,44.7,10,62.25,47.86,23.6
U0285,Kobe University,2024,286.0,11.0,24.3,Japan,Asia,Kobe City,Public,28.5,38.8,24.3,369.0,327.0,11.6,100.0,68.43,"Education,Mechanical & Aerospace Engineering,Civil Engineering,History, Philosophy & Theology,Chemistry,Medicine & Dentistry,Physics & Astronomy,Law,Business & Management,Architecture,Computer Science,Sport Science,Art, Performing Arts & Design,Communication & Media Studies,Agriculture & Forestry,Accounting & Finance,General Engineering,Economics & Econometrics,Psychology,Politics & International Studies (incl Development Studies),Mathematics & Statistics,Electrical & Electronic Engineering,Geology, Environmental, Earth & Marine Sciences,Languages, Literature & Linguistics,Chemical Engineering,Other Health,Geography,Sociology,Biological Sciences",15333.0,7%,1.986,0.0001,35 : 65,35.0,65.0,Undergraduate & Postgraduate,-1.0,1011.972972972973,37,29.0,35.23782432432433,24.98108108108108,567.8518518518518,,39.5,27.2,48.1,7,71.39,49.5,28.5
U0286,Missouri University of Science and Technology,2024,977.0,209.0,24.0,United States,North America,Rolla,Public,4.6,4.8,,916.0,1001.0,85.1,100.0,95.75,General,7271.0,9%,369,0.0507,24 : 76,24.0,76.0,Undergraduate & Postgraduate,-1.0,362.265306122449,98,2.0,56.84324489795918,31.06530612244898,265.6666666666667,23.5,33.2,28.7,69.6,9,2.01,85.09,4.6
U0287,Bangor University,2024,738.0,50.0,23.9,United Kingdom,Europe,Unknown,Public,8.8,5.3,48.0,866.0,673.0,39.7,100.0,93.26,"Languages, Literature & Linguistics,Geology, Environmental, Earth & Marine Sciences,Electrical & Electronic Engineering,Psychology,Computer Science,Sociology,Art, Performing Arts & Design,Law,Education,History, Philosophy & Theology,Sport Science,Business & Management,Agriculture & Forestry,Accounting & Finance,Biological Sciences,Other Health,Communication & Media Studies,Archaeology,Economics & Econometrics,Geography",8130.0,23%,740,0.091,61:39:00,61.0,39.0,Undergraduate & Postgraduate,-1.0,455.4347826086956,69,1.0,50.81734057971014,25.96666666666667,388.05,48.5,27.6,25.3,72.7,23,26.0,65.48,8.8
U0288,Leibniz University Hannover,2024,999.0,999.0,23.9,Germany,Europe,Hanover,Public,21.3,33.2,21.7,,0.0,14.8,100.0,50.0,"Economics & Econometrics,Education,Mechanical & Aerospace Engineering,Sociology,General Engineering,Civil Engineering,Geography,Sport Science,Geology, Environmental, Earth & Marine Sciences,Mathematics & Statistics,Art, Performing Arts & Design,History, Philosophy & Theology,Business & Management,Agriculture & Forestry,Languages, Literature & Linguistics,Politics & International Studies (incl Development Studies),Law,Computer Science,Architecture,Biological Sciences,Physics & Astronomy,Chemistry,Accounting & Finance,Electrical & Electronic Engineering",19807.0,15%,2.540,0.0001,44:56:00,44.0,56.0,Undergraduate & Postgraduate,-1.0,234.0,9,31.0,59.47188888888888,32.65555555555556,257.5,,38.3,41.5,62.1,15,0.0,50.26,21.3
U0289,Satbayev University,2024,999.0,999.0,23.9,Kazakhstan,Asia,Almaty,Public,23.3,36.0,,,0.0,1.2,100.0,50.0,General,8114.0,5%,1.281,0.0002,44:56:00,44.0,56.0,Undergraduate & Postgraduate,-1.0,1542.0,2,1381.0,21.78675,37.35,,,22.7,10.8,8.5,5,0.0,51.53,23.3
U0290,University of Electronic Science and Technology of China,2024,484.0,32.0,23.7,China (Mainland),Asia,Chengdu,Public,4.3,3.0,,291.0,673.0,96.4,100.0,64.54,General,37498.0,3%,2.032,0.0001,30 : 70,30.0,70.0,Undergraduate & Postgraduate,-1.0,328.4,35,12.0,56.53822857142857,28.66857142857143,574.8823529411765,12.0,34.8,35.2,80.9,3,51.51,89.61,4.3
U0291,University of Guelph,2024,326.0,16.0,23.7,Canada,North America,Guelph,Public,13.5,20.9,38.6,360.0,200.0,47.5,100.0,67.98,"Communication & Media Studies,Mathematics & Statistics,Economics & Econometrics,History, Philosophy & Theology,Sociology,Politics & International Studies (incl Development Studies),General Engineering,Chemistry,Physics & Astronomy,Psychology,Business & Management,Biological Sciences,Veterinary Science,Geography,Accounting & Finance,Art, Performing Arts & Design,Languages, Literature & Linguistics,Computer Science,Sport Science,Agriculture & Forestry,Electrical & Electronic Engineering,Other Health,Geology, Environmental, Earth & Marine Sciences,Mechanical & Aerospace Engineering",22936.0,10%,1.102,0.0,59:41:00,59.0,41.0,Undergraduate & Postgraduate,-1.0,315.2173913043478,23,21.0,55.883456521739134,32.3,294.85714285714283,,32.6,36.2,66.2,10,67.37,66.72,13.5
U0292,Dalian University of Technology,2024,346.0,22.0,23.5,China (Mainland),Asia,Dalian,Public,9.1,3.2,,176.0,405.0,79.8,100.0,58.79,General,37389.0,3%,2.906,0.0001,50:50,,,Undergraduate & Postgraduate,-1.0,328.4,35,12.0,56.53822857142857,28.66857142857143,574.8823529411765,12.0,37.0,35.0,68.1,3,65.36,82.97,9.1
U0293,University of Iowa,2024,134.0,59.0,23.5,United States,North America,Iowa City,Public,19.9,11.2,54.8,148.0,151.0,20.9,100.0,57.39,"Other Health,Biological Sciences,Education,Geology, Environmental, Earth & Marine Sciences,Medicine & Dentistry,Mechanical & Aerospace Engineering,Politics & International Studies (incl Development Studies),Computer Science,General Engineering,Geography,History, Philosophy & Theology,Electrical & Electronic Engineering,Mathematics & Statistics,Business & Management,Civil Engineering,Physics & Astronomy,Economics & Econometrics,Law,Sociology,Languages, Literature & Linguistics,Chemical Engineering,Psychology,Accounting & Finance,Chemistry,Art, Performing Arts & Design,Sport Science,Communication & Media Studies",28583.0,6%,2.924,0.0001,55:45:00,55.0,45.0,Undergraduate & Postgraduate,-1.0,362.265306122449,98,2.0,56.84324489795918,31.06530612244898,265.6666666666667,23.5,46.1,37.0,79.9,6,86.65,59.32,19.9
U0294,Rensselaer Polytechnic Institute,2024,430.0,124.0,23.4,United States,North America,Troy,Private,8.3,7.0,64.9,664.0,254.0,70.7,100.0,83.17,"History, Philosophy & Theology,Chemical Engineering,Psychology,Art, Performing Arts & Design,Civil Engineering,Communication & Media Studies,Accounting & Finance,General Engineering,Electrical & Electronic Engineering,Architecture,Computer Science,Physics & Astronomy,Medicine & Dentistry,Geology, Environmental, Earth & Marine Sciences,Other Health,Chemistry,Languages, Literature & Linguistics,Mathematics & Statistics,Economics & Econometrics,Biological Sciences,Business & Management,Mechanical & Aerospace Engineering",7496.0,20%,639,0.0852,31 : 69,31.0,69.0,Undergraduate & Postgraduate,-1.0,362.265306122449,98,2.0,56.84324489795918,31.06530612244898,265.6666666666667,23.5,34.1,30.3,60.9,20,56.93,81.26,8.3
U0295,Ewha Womans University,2024,538.0,14.0,23.2,South Korea,Asia,Seoul,Private,26.7,23.0,57.6,487.0,673.0,7.7,75.0,61.83,"Architecture,Economics & Econometrics,Sport Science,Sociology,Business & Management,Agriculture & Forestry,Physics & Astronomy,Languages, Literature & Linguistics,General Engineering,Geography,Accounting & Finance,Education,Civil Engineering,Geology, Environmental, Earth & Marine Sciences,Archaeology,Other Health,Biological Sciences,Politics & International Studies (incl Development Studies),History, Philosophy & Theology,Mechanical & Aerospace Engineering,Psychology,Electrical & Electronic Engineering,Communication & Media Studies,Computer Science,Chemistry,Chemical Engineering,Art, Performing Arts & Design,Law,Mathematics & Statistics,Medicine & Dentistry,Veterinary Science",13999.0,15%,2.436,0.0002,100:00:00,100.0,0.0,Undergraduate & Postgraduate,-1.0,667.5,18,62.0,43.17502777777778,24.98333333333333,605.0,,37.6,35.3,44.5,15,46.08,44.6,26.7
U0296,Ulster University,2024,910.0,58.0,23.2,United Kingdom,Europe,Coleraine,Public,8.4,13.0,,893.0,898.0,12.1,100.0,94.61,General,19825.0,10%,1.152,0.0001,56:44:00,56.0,44.0,Undergraduate & Postgraduate,-1.0,455.4347826086956,69,1.0,50.81734057971014,25.96666666666667,388.05,48.5,21.3,22.4,62.0,10,8.73,55.89,8.4
U0297,University of Delaware,2024,288.0,101.0,23.2,United States,North America,Newark,Public,10.3,7.9,61.3,371.0,405.0,59.1,100.0,68.53,"Art, Performing Arts & Design,Electrical & Electronic Engineering,Psychology,Other Health,Veterinary Science,Politics & International Studies (incl Development Studies),Business & Management,Biological Sciences,Mathematics & Statistics,Languages, Literature & Linguistics,Agriculture & Forestry,Architecture,Computer Science,Sport Science,Sociology,Economics & Econometrics,Physics & Astronomy,Mechanical & Aerospace Engineering,Chemical Engineering,Geography,Civil Engineering,Geology, Environmental, Earth & Marine Sciences,Accounting & Finance,General Engineering,History, Philosophy & Theology,Education,Chemistry,Communication & Media Studies",21545.0,11%,1.272,0.0001,57:43:00,57.0,43.0,Undergraduate & Postgraduate,-1.0,362.265306122449,98,2.0,56.84324489795918,31.06530612244898,265.6666666666667,23.5,32.7,31.8,72.5,11,71.18,75.9,10.3
U0298,Bilkent University,2024,789.0,9.0,23.1,Turkey,Asia,Ankara,Private,22.2,44.9,95.7,967.0,460.0,12.9,100.0,98.3,"Art, Performing Arts & Design,Economics & Econometrics,Archaeology,Electrical & Electronic Engineering,Psychology,Accounting & Finance,Business & Management,Chemistry,Computer Science,Languages, Literature & Linguistics,Biological Sciences,Law,Mathematics & Statistics,Education,Physics & Astronomy,History, Philosophy & Theology,Mechanical & Aerospace Engineering,Politics & International Studies (incl Development Studies),Other Health",9109.0,8%,770,0.0845,46:54:00,46.0,54.0,Undergraduate & Postgraduate,-1.0,965.9,10,382.0,34.57495,16.61,499.5,,27.8,26.0,48.8,8,20.88,64.3,22.2
U0299,University of Portsmouth,2024,710.0,48.0,23.1,United Kingdom,Europe,Portsmouth,Public,8.4,9.6,72.3,943.0,304.0,18.7,100.0,97.1,"Politics & International Studies (incl Development Studies),Law,Psychology,Languages, Literature & Linguistics,Computer Science,Communication & Media Studies,Physics & Astronomy,Economics & Econometrics,Geography,Sport Science,Mathematics & Statistics,Geology, Environmental, Earth & Marine Sciences,Other Health,Business & Management,General Engineering,Electrical & Electronic Engineering,Art, Performing Arts & Design,Biological Sciences,Chemical Engineering,Sociology,Civil Engineering,History, Philosophy & Theology,Accounting & Finance,Architecture,Education,Mechanical & Aerospace Engineering",23625.0,29%,1.359,0.0001,47:53:00,47.0,53.0,Undergraduate & Postgraduate,-1.0,455.4347826086956,69,1.0,50.81734057971014,25.96666666666667,388.05,48.5,20.0,20.0,84.5,29,28.82,61.94,8.4
U0300,Macau University of Science and Technology,2024,999.0,999.0,23.0,Macau SAR,Asia,Unknown,Private,4.2,4.2,,,0.0,47.8,100.0,50.0,General,14091.0,92%,486,0.0345,57:43:00,57.0,43.0,Undergraduate & Postgraduate,-1.0,248.5,2,196.0,56.01275,7.4,1001.0,,33.1,34.2,78.9,92,0.0,70.17,4.2
U0301,Sogang University,2024,961.0,34.0,22.9,South Korea,Asia,Seoul,Private,21.5,49.1,,838.0,1001.0,5.5,100.0,91.86,General,9688.0,19%,1.017,0.0001,47:53:00,47.0,53.0,Undergraduate & Postgraduate,-1.0,667.5,18,62.0,43.17502777777778,24.98333333333333,605.0,,27.2,30.6,39.8,19,3.61,53.25,21.5
U0302,University of Bayreuth,2024,477.0,38.0,22.9,Germany,Europe,Bayreuth,Public,10.3,19.3,72.1,667.0,327.0,27.0,100.0,83.32,"Business & Management,Sport Science,Art, Performing Arts & Design,Mathematics & Statistics,Geology, Environmental, Earth & Marine Sciences,Accounting & Finance,Electrical & Electronic Engineering,General Engineering,Geography,Education,Chemistry,History, Philosophy & Theology,Computer Science,Physics & Astronomy,Languages, Literature & Linguistics,Communication & Media Studies,Politics & International Studies (incl Development Studies),Sociology,Economics & Econometrics,Biological Sciences,Chemical Engineering,Mechanical & Aerospace Engineering,Law",8944.0,14%,892,0.0997,46:54:00,46.0,54.0,Undergraduate & Postgraduate,-1.0,234.0,9,31.0,59.47188888888888,32.65555555555556,257.5,,38.0,40.8,65.0,14,52.21,65.22,10.3
U0303,East China Normal University,2024,533.0,38.0,22.8,China (Mainland),Asia,Shanghai,Public,15.2,3.7,,383.0,1001.0,53.1,100.0,69.13,General,28787.0,8%,2.471,0.0001,64:36:00,64.0,36.0,Undergraduate & Postgraduate,-1.0,328.4,35,12.0,56.53822857142857,28.66857142857143,574.8823529411765,12.0,42.7,35.1,76.3,8,46.59,72.29,15.2
U0304,Boğaziçi University,2024,999.0,999.0,22.7,Turkey,Unknown,Unknown,Unknown,23.0,58.4,45.7,,0.0,14.3,,50.0,"Sociology,Mathematics & Statistics,Accounting & Finance,Civil Engineering,Education,Physics & Astronomy,Electrical & Electronic Engineering,Business & Management,Chemical Engineering,Languages, Literature & Linguistics,Economics & Econometrics,Chemistry,History, Philosophy & Theology,Geology, Environmental, Earth & Marine Sciences,Politics & International Studies (incl Development Studies),Psychology,Mechanical & Aerospace Engineering,Computer Science,Biological Sciences",12877.0,2%,0,0.0,45:55:00,45.0,55.0,Undergraduate & Postgraduate,-1.0,965.9,10,382.0,34.57495,16.61,499.5,,26.1,26.6,57.4,2,0.0,54.86,23.0
U0305,Duy Tan University,2024,999.0,999.0,22.7,Vietnam,Unknown,Da Nang,Unknown,10.7,26.3,,,0.0,33.6,,50.0,General,23951.0,0%,0,0.0,57:43:00,57.0,43.0,Undergraduate & Postgraduate,-1.0,966.0,3,629.0,33.961,7.0,,,12.1,14.2,87.5,0,0.0,64.49,10.7
U0306,Shanghai University,2024,536.0,40.0,22.7,China (Mainland),Asia,Shanghai,Public,22.2,9.0,,357.0,673.0,25.4,100.0,67.83,General,38015.0,6%,4.156,0.0001,51:49:00,51.0,49.0,Undergraduate & Postgraduate,-1.0,328.4,35,12.0,56.53822857142857,28.66857142857143,574.8823529411765,12.0,31.8,38.0,62.7,6,46.29,61.21,22.2
U0307,Kyungpook National University,2024,408.0,11.0,22.6,South Korea,Asia,Daegu,Public,11.1,18.0,,280.0,363.0,17.2,100.0,63.99,General,18432.0,14%,2.711,0.0001,45:55:00,45.0,55.0,Undergraduate & Postgraduate,-1.0,667.5,18,62.0,43.17502777777778,24.98333333333333,605.0,,33.2,38.1,51.5,14,59.14,57.93,11.1
U0308,University of Hull,2024,523.0,38.0,22.5,United Kingdom,Europe,Hull,Public,8.5,3.5,40.2,754.0,898.0,25.4,75.0,75.16,"Medicine & Dentistry,Chemistry,Politics & International Studies (incl Development Studies),Education,Languages, Literature & Linguistics,Geography,Art, Performing Arts & Design,Mechanical & Aerospace Engineering,History, Philosophy & Theology,Mathematics & Statistics,General Engineering,Business & Management,Law,Computer Science,Geology, Environmental, Earth & Marine Sciences,Accounting & Finance,Electrical & Electronic Engineering,Psychology,Economics & Econometrics,Biological Sciences,Communication & Media Studies,Physics & Astronomy,Chemical Engineering,Other Health,Sport Science,Sociology",12305.0,21%,996,0.0809,56:44:00,56.0,44.0,Undergraduate & Postgraduate,-1.0,455.4347826086956,69,1.0,50.81734057971014,25.96666666666667,388.05,48.5,27.4,24.3,74.3,21,47.59,48.2,8.5
U0309,Aristotle University of Thessaloniki,2024,375.0,2.0,22.1,Greece,Europe,Thessaloniki,Public,28.7,25.9,,285.0,240.0,13.5,100.0,64.24,General,49654.0,5%,1.737,0.0,58:42:00,58.0,42.0,Undergraduate & Postgraduate,-1.0,882.625,8,521.0,35.509249999999994,15.3625,455.0,,22.3,16.8,66.3,5,62.45,56.45,28.7
U0310,University of Genoa,2024,349.0,11.0,22.1,Italy,Europe,Genoa,Public,17.4,3.8,,306.0,304.0,40.6,100.0,65.28,General,21470.0,7%,1.336,0.0001,58:42:00,58.0,42.0,Undergraduate & Postgraduate,-1.0,458.72222222222223,18,181.0,47.393,24.450000000000003,335.6666666666667,,36.1,28.3,78.0,7,65.06,67.29,17.4
U0311,University of Crete,2024,605.0,3.0,22.0,Greece,Europe,Heraklion,Public,15.1,14.3,66.7,698.0,541.0,67.9,75.0,72.37,"Computer Science,History, Philosophy & Theology,Chemistry,Physics & Astronomy,Sociology,General Engineering,Biological Sciences,Archaeology,Other Health,Psychology,Education,Medicine & Dentistry,Business & Management,Geology, Environmental, Earth & Marine Sciences,Mathematics & Statistics,Economics & Econometrics,Politics & International Studies (incl Development Studies),Languages, Literature & Linguistics",14119.0,4%,437,0.031,63:37:00,63.0,37.0,Undergraduate & Postgraduate,-1.0,882.625,8,521.0,35.509249999999994,15.3625,455.0,,19.9,25.7,76.5,4,39.36,70.5,15.1
U0312,University of Salamanca,2024,553.0,16.0,22.0,Spain,Europe,Salamanca,Public,26.8,15.0,,621.0,460.0,6.9,75.0,68.52,General,24707.0,13%,2.034,0.0001,61:39:00,61.0,39.0,Undergraduate & Postgraduate,-1.0,727.0,9,313.0,39.44405555555555,25.51111111111111,558.7142857142857,,32.0,21.8,50.4,13,44.58,43.81,26.8
U0313,ITMO University,2024,999.0,999.0,21.7,Russia,Europe,St. Petersburg,Public,12.0,11.6,,,0.0,6.9,100.0,50.0,General,10902.0,18%,1.849,0.0002,34 : 66,34.0,66.0,Undergraduate & Postgraduate,-1.0,1185.0416666666667,24,95.0,29.87127083333333,13.9625,541.0,,34.0,34.9,40.0,18,0.0,53.81,12.0
U0314,Bar-Ilan University,2024,492.0,6.0,21.5,Israel,Asia,Ramat Gan,Public,8.0,5.3,15.7,512.0,673.0,62.2,100.0,75.57,"Business & Management,Education,Accounting & Finance,General Engineering,Politics & International Studies (incl Development Studies),Biological Sciences,History, Philosophy & Theology,Communication & Media Studies,Archaeology,Chemical Engineering,Mathematics & Statistics,Computer Science,Geology, Environmental, Earth & Marine Sciences,Other Health,Physics & Astronomy,Economics & Econometrics,Law,Geography,Languages, Literature & Linguistics,Agriculture & Forestry,Art, Performing Arts & Design,Electrical & Electronic Engineering,Sociology,Medicine & Dentistry,Chemistry,Psychology",19599.0,4%,923,0.0471,61:39:00,61.0,39.0,Undergraduate & Postgraduate,-1.0,476.0,3,209.0,47.23766666666666,18.1,574.0,,30.0,34.1,54.1,4,50.7,68.02,8.0
U0315,Lehigh University,2024,500.0,139.0,21.4,United States,North America,Bethlehem,Private,5.8,4.2,44.9,891.0,405.0,38.4,100.0,94.51,"Art, Performing Arts & Design,Accounting & Finance,Economics & Econometrics,Civil Engineering,Agriculture & Forestry,Politics & International Studies (incl Development Studies),Chemistry,Education,Psychology,Languages, Literature & Linguistics,Communication & Media Studies,Biological Sciences,Geology, Environmental, Earth & Marine Sciences,Electrical & Electronic Engineering,Sociology,Physics & Astronomy,Chemical Engineering,Mechanical & Aerospace Engineering,Architecture,History, Philosophy & Theology,Other Health,General Engineering,Computer Science,Business & Management,Mathematics & Statistics",6518.0,17%,540,0.0828,46:54:00,46.0,54.0,Undergraduate & Postgraduate,-1.0,362.265306122449,98,2.0,56.84324489795918,31.06530612244898,265.6666666666667,23.5,33.0,22.5,57.6,17,49.9,64.34,5.8
U0316,University of Eastern Finland,2024,418.0,5.0,21.4,Finland,Europe,Kuopio,Public,14.8,9.7,51.1,440.0,541.0,24.6,100.0,71.98,"Physics & Astronomy,Mathematics & Statistics,Economics & Econometrics,Sport Science,Computer Science,Business & Management,History, Philosophy & Theology,Psychology,Languages, Literature & Linguistics,Agriculture & Forestry,Other Health,Biological Sciences,Accounting & Finance,Medicine & Dentistry,Chemistry,Geography,Law,Sociology,Geology, Environmental, Earth & Marine Sciences,Education,Politics & International Studies (incl Development Studies)",12237.0,5%,1.207,0.0001,67:33:00,67.0,33.0,Undergraduate & Postgraduate,-1.0,312.125,8,121.0,53.541875,26.9,424.6666666666667,,28.9,31.2,69.7,5,58.13,60.06,14.8
U0317,Florida International University,2024,532.0,146.0,21.1,United States,North America,Miami,Public,14.9,35.4,,538.0,541.0,12.8,75.0,64.37,General,35006.0,9%,2.221,0.0001,60:40:00,60.0,40.0,Undergraduate & Postgraduate,-1.0,362.265306122449,98,2.0,56.84324489795918,31.06530612244898,265.6666666666667,23.5,31.0,29.3,74.2,9,46.69,46.17,14.9
U0318,"University of Chemistry and Technology, Prague",2024,999.0,999.0,21.1,Czech Republic,Europe,Prague,Public,6.1,7.9,,,0.0,12.9,100.0,50.0,General,4061.0,23%,903,0.2224,57:43:00,57.0,43.0,Undergraduate & Postgraduate,-1.0,1151.7272727272727,11,459.0,29.91190909090909,13.754545454545456,587.6666666666666,,32.8,14.7,29.0,23,0.0,56.21,6.1
U0319,Chongqing University,2024,535.0,39.0,21.0,China (Mainland),Asia,Chongqing,Public,8.4,3.8,,302.0,898.0,70.4,100.0,65.08,General,42607.0,2%,2.791,0.0001,50:50,,,Undergraduate & Postgraduate,-1.0,328.4,35,12.0,56.53822857142857,28.66857142857143,574.8823529411765,12.0,32.8,38.2,75.9,2,46.39,79.21,8.4
U0320,University of Plymouth,2024,537.0,41.0,21.0,United Kingdom,Europe,Plymouth,Public,9.0,12.1,58.1,695.0,363.0,29.1,75.0,72.22,"Chemistry,Mathematics & Statistics,Sport Science,Civil Engineering,History, Philosophy & Theology,Computer Science,Mechanical & Aerospace Engineering,Biological Sciences,Geology, Environmental, Earth & Marine Sciences,Politics & International Studies (incl Development Studies),Economics & Econometrics,Art, Performing Arts & Design,Education,Other Health,Accounting & Finance,Psychology,Electrical & Electronic Engineering,Geography,Business & Management,Languages, Literature & Linguistics,Architecture,Law,Medicine & Dentistry,Agriculture & Forestry,Communication & Media Studies,Sociology",15675.0,16%,1.056,0.0001,59:41:00,59.0,41.0,Undergraduate & Postgraduate,-1.0,455.4347826086956,69,1.0,50.81734057971014,25.96666666666667,388.05,48.5,24.4,21.9,79.5,16,46.18,53.26,9.0
U0321,Ateneo de Manila University,2024,999.0,999.0,20.9,Philippines,Asia,Quezon City,Private,19.7,57.9,,,0.0,1.7,50.0,25.0,General,14168.0,1%,1.017,0.0001,52:48:00,52.0,48.0,Undergraduate & Postgraduate,-1.0,1347.25,4,1050.0,25.6985,21.65,,,30.8,10.8,52.4,1,0.0,31.73,19.7
U0322,University of South Florida,2024,262.0,96.0,20.9,United States,North America,Tampa,Public,13.2,10.2,,256.0,174.0,36.6,100.0,62.79,General,40379.0,13%,2.171,0.0001,50:50,,,Undergraduate & Postgraduate,-1.0,362.265306122449,98,2.0,56.84324489795918,31.06530612244898,265.6666666666667,23.5,31.7,36.4,87.6,13,73.8,65.69,13.2
U0323,Bond University,2024,999.0,999.0,20.8,Australia,Oceania,Gold Coast,Private,4.7,5.2,,,0.0,22.8,75.0,37.5,General,3170.0,34%,325,0.1025,54:46:00,54.0,46.0,Undergraduate & Postgraduate,-1.0,250.1428571428572,21,54.0,57.36819047619048,33.990476190476194,519.8125,,28.2,23.1,82.5,34,0.0,50.17,4.7
U0324,National Chengchi University,2024,999.0,999.0,20.8,Taiwan,Asia,Taipei City,Public,19.5,39.0,,,0.0,2.7,75.0,37.5,General,12329.0,12%,917,0.0744,56:44:00,56.0,44.0,Undergraduate & Postgraduate,-1.0,1021.181818181818,22,154.0,33.41943181818181,20.48181818181818,734.8571428571429,,27.6,27.8,24.8,12,0.0,42.13,19.5
U0325,University of Huddersfield,2024,999.0,999.0,20.8,United Kingdom,Europe,Huddersfield,Public,12.5,15.0,,,0.0,20.9,100.0,50.0,General,14270.0,26%,816,0.0572,58:42:00,58.0,42.0,Undergraduate & Postgraduate,-1.0,455.4347826086956,69,1.0,50.81734057971014,25.96666666666667,388.05,48.5,28.3,25.0,66.3,26,0.0,59.41,12.5
U0326,Chiang Mai University,2024,793.0,3.0,20.7,Thailand,Asia,Chiang Mai,Public,33.8,19.3,,718.0,673.0,3.9,75.0,73.36,General,33649.0,4%,2.510,0.0001,61:39:00,61.0,39.0,Undergraduate & Postgraduate,-1.0,1271.3,10,612.0,27.2866,24.82,732.25,,28.5,19.1,46.3,4,20.48,42.61,33.8
U0327,Coventry University,2024,999.0,999.0,20.7,United Kingdom,Europe,Coventry,Public,9.2,12.5,,,0.0,6.8,75.0,37.5,General,32635.0,48%,2.304,0.0001,48:52:00,48.0,52.0,Undergraduate & Postgraduate,-1.0,455.4347826086956,69,1.0,50.81734057971014,25.96666666666667,388.05,48.5,20.9,14.9,69.6,48,0.0,43.77,9.2
U0328,Coventry University,2024,999.0,999.0,20.7,United Kingdom,Europe,Coventry,Public,9.2,12.5,,,0.0,6.8,75.0,37.5,General,32635.0,48%,2.304,0.0001,48:52:00,48.0,52.0,Undergraduate & Postgraduate,-1.0,455.4347826086956,69,1.0,50.81734057971014,25.96666666666667,388.05,48.5,20.9,14.9,69.6,48,0.0,43.77,9.2
U0329,Warsaw University of Technology,2024,576.0,3.0,20.7,Poland,Europe,Warsaw,Public,22.8,49.8,,570.0,304.0,4.3,100.0,78.47,General,23167.0,7%,2.306,0.0001,32 : 68,32.0,68.0,Undergraduate & Postgraduate,-1.0,1234.625,8,614.0,28.03875,13.5375,479.0,,22.0,19.6,33.3,7,42.27,52.77,22.8
U0330,Lebanese University,2024,999.0,999.0,20.5,Lebanon,Asia,Beirut,Public,23.7,49.8,,,0.0,2.1,50.0,25.0,General,46704.0,16%,3.206,0.0001,70:30:00,70.0,30.0,Undergraduate & Postgraduate,-1.0,792.5,2,591.0,37.52125,17.1,,,42.8,22.3,23.6,16,0.0,31.89,23.7
U0331,Abu Dhabi University,2024,999.0,999.0,20.4,United Arab Emirates,Asia,Abu Dhabi,Private,11.5,17.9,,,0.0,12.4,100.0,50.0,General,2506.0,60%,239,0.0954,51:49:00,51.0,49.0,Undergraduate & Postgraduate,-1.0,399.2,5,229.0,49.6779,18.2,,,48.2,30.0,85.8,60,0.0,56.01,11.5
U0332,University of Klagenfurt,2024,999.0,999.0,20.4,Austria,Europe,Klagenfurt,Public,5.5,4.3,,,0.0,11.4,100.0,50.0,General,3479.0,31%,427,0.1227,67:33:00,67.0,33.0,Undergraduate & Postgraduate,-1.0,395.6666666666667,3,119.0,51.20583333333333,30.266666666666666,317.0,,31.2,19.4,72.4,31,0.0,55.61,5.5
U0333,Sunway University,2024,999.0,999.0,20.2,Malaysia,Asia,Petaling Jaya,Private,10.5,44.1,,,0.0,7.2,100.0,50.0,General,4350.0,14%,569,0.1308,52:48:00,52.0,48.0,Undergraduate & Postgraduate,-1.0,1151.625,8,685.0,29.5884375,10.025,,,24.7,14.6,71.7,14,0.0,53.93,10.5
U0334,"Goldsmiths, University of London",2024,999.0,999.0,20.0,United Kingdom,Europe,London,Public,14.9,6.0,,,0.0,13.6,100.0,50.0,General,8780.0,38%,683,0.0778,66:34:00,66.0,34.0,Undergraduate & Postgraduate,-1.0,455.4347826086956,69,1.0,50.81734057971014,25.96666666666667,388.05,48.5,29.2,25.2,75.4,38,0.0,56.49,14.9
U0335,University of Central Florida,2024,455.0,128.0,20.0,United States,North America,Orlando,Public,14.4,37.1,,463.0,405.0,25.7,100.0,73.13,General,65269.0,4%,2.146,0.0,57:43:00,57.0,43.0,Undergraduate & Postgraduate,-1.0,362.265306122449,98,2.0,56.84324489795918,31.06530612244898,265.6666666666667,23.5,28.5,34.4,74.7,4,54.42,61.33,14.4
U0336,Nottingham Trent University,2024,999.0,999.0,19.9,United Kingdom,Europe,Nottingham,Public,10.6,20.5,,,0.0,5.2,75.0,37.5,General,32545.0,21%,0,0.0,55:45:00,55.0,45.0,Undergraduate & Postgraduate,-1.0,455.4347826086956,69,1.0,50.81734057971014,25.96666666666667,388.05,48.5,20.7,14.3,84.6,21,0.0,43.13,10.6
U0337,Shenzhen University,2024,685.0,58.0,19.9,China (Mainland),Asia,Shenzhen,Public,8.4,2.3,,665.0,673.0,42.6,100.0,83.22,General,35736.0,1%,4.947,0.0001,49:51:00,49.0,51.0,Undergraduate & Postgraduate,-1.0,328.4,35,12.0,56.53822857142857,28.66857142857143,574.8823529411765,12.0,27.8,34.3,85.3,1,31.33,68.09,8.4
U0338,Thammasat University,2024,999.0,999.0,19.8,Thailand,Asia,Bangkok,Public,23.8,26.4,,,0.0,2.1,75.0,37.5,General,30488.0,1%,2.460,0.0001,64:36:00,64.0,36.0,Undergraduate & Postgraduate,-1.0,1271.3,10,612.0,27.2866,24.82,732.25,,26.3,19.1,25.7,1,0.0,41.89,23.8
U0339,Tulane University,2024,429.0,123.0,19.8,United States,North America,New Orleans,Private,9.6,5.0,58.8,494.0,541.0,10.4,100.0,74.68,"Languages, Literature & Linguistics,Chemistry,Art, Performing Arts & Design,Computer Science,Biological Sciences,Architecture,Education,Business & Management,General Engineering,Geology, Environmental, Earth & Marine Sciences,Chemical Engineering,Mechanical & Aerospace Engineering,Sociology,History, Philosophy & Theology,Sport Science,Accounting & Finance,Agriculture & Forestry,Communication & Media Studies,Other Health,Law,Politics & International Studies (incl Development Studies),Medicine & Dentistry,Physics & Astronomy,Economics & Econometrics,Psychology,Mathematics & Statistics",12217.0,9%,1.733,0.0001,60:40:00,60.0,40.0,Undergraduate & Postgraduate,-1.0,362.265306122449,98,2.0,56.84324489795918,31.06530612244898,265.6666666666667,23.5,42.9,24.4,73.1,9,57.03,55.92,9.6
U0340,Drexel University,2024,354.0,115.0,,United States,North America,Philadelphia,Private,8.4,6.1,58.2,444.0,187.0,35.1,100.0,72.18,"Education,Physics & Astronomy,Accounting & Finance,Mechanical & Aerospace Engineering,Computer Science,Biological Sciences,Architecture,General Engineering,Communication & Media Studies,Medicine & Dentistry,Languages, Literature & Linguistics,Art, Performing Arts & Design,Politics & International Studies (incl Development Studies),Chemical Engineering,Electrical & Electronic Engineering,Sport Science,Business & Management,Economics & Econometrics,Law,History, Philosophy & Theology,Psychology,Veterinary Science,Civil Engineering,Geology, Environmental, Earth & Marine Sciences,Sociology,Mathematics & Statistics,Other Health,Chemistry,Agriculture & Forestry",16910.0,15%,1.837,0.0001,51:49:00,51.0,49.0,Undergraduate & Postgraduate,-1.0,362.265306122449,98,2.0,56.84324489795918,31.06530612244898,265.6666666666667,23.5,44.1,26.0,79.6,15,64.56,65.68,8.4
U0341,Jawaharlal Nehru University,2024,883.0,15.0,,India,Asia,New Delhi,Public,29.1,10.6,,1001.0,1001.0,24.1,100.0,100.0,General,9737.0,1%,565,0.058,45:55:00,45.0,55.0,Undergraduate & Postgraduate,-1.0,783.3125,16,218.0,38.128875,14.1375,777.0,,41.9,24.3,51.8,1,11.45,60.69,29.1
U0342,University of Szeged,2024,758.0,4.0,,Hungary,Europe,Szeged,Public,18.0,12.0,,684.0,898.0,4.9,75.0,71.67,General,20050.0,20%,1.965,0.0001,56:44:00,56.0,44.0,Undergraduate & Postgraduate,-1.0,1190.875,8,779.0,28.8165,12.025,629.25,,29.9,15.8,40.5,20,24.0,43.01,18.0
U0343,Brno University of Technology,2024,999.0,999.0,,Czech Republic,Europe,Brno,Public,13.1,34.7,,,0.0,6.7,100.0,50.0,General,18137.0,25%,1.464,0.0001,28 : 72,28.0,72.0,Undergraduate & Postgraduate,-1.0,1151.7272727272727,11,459.0,29.91190909090909,13.754545454545456,587.6666666666666,,22.2,19.3,39.0,25,0.0,53.73,13.1
U0344,National Central University,2024,501.0,6.0,,Taiwan,Asia,Taoyuan City,Public,21.5,27.1,27.1,451.0,673.0,17.8,100.0,72.53,"Medicine & Dentistry,Languages, Literature & Linguistics,History, Philosophy & Theology,Physics & Astronomy,Politics & International Studies (incl Development Studies),Veterinary Science,Civil Engineering,Geology, Environmental, Earth & Marine Sciences,Art, Performing Arts & Design,Biological Sciences,Chemical Engineering,Architecture,Agriculture & Forestry,Communication & Media Studies,Business & Management,Psychology,Electrical & Electronic Engineering,General Engineering,Mechanical & Aerospace Engineering,Education,Geography,Chemistry,Economics & Econometrics,Archaeology,Accounting & Finance,Sociology,Mathematics & Statistics,Computer Science,Other Health,Law",11001.0,7%,985,0.0895,35 : 65,35.0,65.0,Undergraduate & Postgraduate,-1.0,1021.181818181818,22,154.0,33.41943181818181,20.48181818181818,734.8571428571429,,30.8,24.9,29.7,7,49.8,52.54,21.5
U0345,Pusan National University,2024,382.0,9.0,,South Korea,Asia,Busan,Public,23.0,18.5,,204.0,541.0,17.1,100.0,60.19,General,17195.0,10%,2.211,0.0001,55:45:00,55.0,45.0,Undergraduate & Postgraduate,-1.0,667.5,18,62.0,43.17502777777778,24.98333333333333,605.0,,39.2,39.1,45.1,10,61.75,57.89,23.0
U0346,Tokyo Medical and Dental University (TMDU),2024,999.0,999.0,,Japan,Asia,Tokyo,Public,11.5,5.8,36.7,,0.0,18.2,100.0,50.0,"Psychology,Mathematics & Statistics,Geography,General Engineering,Economics & Econometrics,Art, Performing Arts & Design,Other Health,Politics & International Studies (incl Development Studies),Accounting & Finance,Agriculture & Forestry,Physics & Astronomy,History, Philosophy & Theology,Chemical Engineering,Sociology,Business & Management,Archaeology,Civil Engineering,Law,Architecture,Education,Languages, Literature & Linguistics,Computer Science,Medicine & Dentistry,Mechanical & Aerospace Engineering,Electrical & Electronic Engineering,Chemistry,Geology, Environmental, Earth & Marine Sciences,Sport Science,Veterinary Science,Biological Sciences,Communication & Media Studies",2990.0,12%,930,0.311,57:43:00,57.0,43.0,Undergraduate & Postgraduate,-1.0,1011.972972972973,37,29.0,35.23782432432433,24.98108108108108,567.8518518518518,,46.7,31.3,53.4,12,0.0,54.62,11.5
U0347,University of Minho,2024,522.0,5.0,,Portugal,Europe,Braga,Public,15.6,8.7,51.2,507.0,363.0,18.7,100.0,75.32,"Medicine & Dentistry,Mathematics & Statistics,Business & Management,General Engineering,Geography,Civil Engineering,Physics & Astronomy,Economics & Econometrics,Electrical & Electronic Engineering,Politics & International Studies (incl Development Studies),Art, Performing Arts & Design,Computer Science,Chemistry,History, Philosophy & Theology,Other Health,Geology, Environmental, Earth & Marine Sciences,Languages, Literature & Linguistics,Law,Psychology,Architecture,Chemical Engineering,Agriculture & Forestry,Archaeology,Education,Biological Sciences,Sociology,Accounting & Finance,Mechanical & Aerospace Engineering,Communication & Media Studies",20001.0,13%,2.182,0.0001,56:44:00,56.0,44.0,Undergraduate & Postgraduate,-1.0,561.25,4,436.0,43.51375,24.425,492.5,,26.3,30.3,59.3,13,47.69,57.72,15.6
U0348,Chang Gung University,2024,510.0,7.0,,Taiwan,Asia,Taoyuan City,Private,5.7,4.6,,314.0,1001.0,43.0,100.0,65.68,General,7017.0,5%,889,0.1267,49:51:00,49.0,51.0,Undergraduate & Postgraduate,-1.0,1021.181818181818,22,154.0,33.41943181818181,20.48181818181818,734.8571428571429,,26.5,34.6,47.2,5,48.9,68.25,5.7
U0349,Northwestern Polytechnical University,2024,543.0,41.0,,China (Mainland),Asia,Xi'an,Public,5.9,2.5,,326.0,898.0,53.6,100.0,66.28,General,36797.0,4%,3.483,0.0001,25 : 75,25.0,75.0,Undergraduate & Postgraduate,-1.0,328.4,35,12.0,56.53822857142857,28.66857142857143,574.8823529411765,12.0,37.4,40.6,74.7,4,45.58,72.49,5.9
U0350,Stevens Institute of Technology,2024,999.0,999.0,,United States,North America,Hoboken,Private,2.7,2.9,,,0.0,52.4,100.0,50.0,General,6393.0,30%,315,0.0493,29 : 71,29.0,71.0,Undergraduate & Postgraduate,-1.0,362.265306122449,98,2.0,56.84324489795918,31.06530612244898,265.6666666666667,23.5,26.9,25.3,74.6,30,0.0,72.01,2.7
U0351,Universitat Ramon Llull,2024,999.0,999.0,,Spain,Europe,Barcelona,Private,10.4,43.7,,,0.0,8.5,75.0,37.5,General,15125.0,20%,963,0.0637,51:49:00,51.0,49.0,Undergraduate & Postgraduate,-1.0,727.0,9,313.0,39.44405555555555,25.51111111111111,558.7142857142857,,20.7,18.2,70.3,20,0.0,44.45,10.4
U0352,University of Ljubljana,2024,370.0,1.0,,Slovenia,Europe,Ljubljana,Public,20.0,9.5,,260.0,405.0,6.3,100.0,62.99,General,40607.0,9%,3.981,0.0001,60:40:00,60.0,40.0,Undergraduate & Postgraduate,-1.0,1212.3333333333333,3,884.0,28.492166666666662,10.033333333333331,651.5,,24.5,20.1,54.6,9,62.95,53.57,20.0
U0353,University of the Basque Country,2024,359.0,8.0,,Spain,Europe,Leioa,Public,19.4,6.4,,288.0,541.0,17.4,100.0,64.39,General,38301.0,5%,3.500,0.0001,55:45:00,55.0,45.0,Undergraduate & Postgraduate,-1.0,727.0,9,313.0,39.44405555555555,25.51111111111111,558.7142857142857,,27.0,23.9,65.8,5,64.06,58.01,19.4
U0354,Zhengzhou University,2024,590.0,47.0,,China (Mainland),Unknown,Unknown,Unknown,5.4,19.7,,346.0,1001.0,65.6,,67.28,General,74052.0,4%,0,0.0,48:52:00,48.0,52.0,Undergraduate & Postgraduate,-1.0,328.4,35,12.0,56.53822857142857,28.66857142857143,574.8823529411765,12.0,18.7,19.8,82.5,4,40.86,77.29,5.4
U0355,Boston College,2024,512.0,141.0,,United States,North America,Newton,Private,20.5,12.9,78.0,813.0,363.0,21.5,100.0,90.61,"Computer Science,Medicine & Dentistry,Physics & Astronomy,Psychology,History, Philosophy & Theology,Communication & Media Studies,Geology, Environmental, Earth & Marine Sciences,Education,Sociology,Economics & Econometrics,Biological Sciences,Art, Performing Arts & Design,Law,Chemistry,Politics & International Studies (incl Development Studies),General Engineering,Mathematics & Statistics,Accounting & Finance,Languages, Literature & Linguistics,Business & Management",13156.0,10%,1.048,0.0001,55:45:00,55.0,45.0,Undergraduate & Postgraduate,-1.0,362.265306122449,98,2.0,56.84324489795918,31.06530612244898,265.6666666666667,23.5,43.5,30.5,84.6,10,48.69,64.2,20.5
U0356,Palacký University Olomouc,2024,610.0,3.0,,Czech Republic,Europe,Olomouc,Public,15.0,17.9,,690.0,405.0,8.6,100.0,84.47,General,19474.0,14%,1.807,0.0001,68:32:00,68.0,32.0,Undergraduate & Postgraduate,-1.0,1151.7272727272727,11,459.0,29.91190909090909,13.754545454545456,587.6666666666666,,23.4,23.9,49.8,14,38.86,54.49,15.0
U0357,Ritsumeikan University,2024,926.0,52.0,,Japan,Asia,Kyoto,Private,15.2,68.4,,1001.0,541.0,3.8,75.0,87.5,General,35119.0,10%,2.095,0.0001,37 : 63,37.0,63.0,Undergraduate & Postgraduate,-1.0,1011.972972972973,37,29.0,35.23782432432433,24.98108108108108,567.8518518518518,,19.8,13.9,27.4,10,7.13,42.57,15.2
U0358,Far Eastern Federal University,2024,999.0,999.0,,Russia,Europe,Vladivostok,Public,10.6,3.5,,,0.0,1.8,75.0,37.5,General,15631.0,21%,2.268,0.0001,59:41:00,59.0,41.0,Undergraduate & Postgraduate,-1.0,1185.0416666666667,24,95.0,29.87127083333333,13.9625,541.0,,31.5,19.6,21.0,21,0.0,41.77,10.6
U0359,Free University of Bozen-Bolzano,2024,999.0,999.0,,Italy,Europe,Bolzano,Public,5.0,1.5,,,0.0,47.6,100.0,50.0,General,4244.0,14%,279,0.0657,67:33:00,67.0,33.0,Undergraduate & Postgraduate,-1.0,458.72222222222223,18,181.0,47.393,24.450000000000003,335.6666666666667,,31.8,22.8,85.5,14,0.0,70.09,5.0
U0360,Memorial University of Newfoundland,2024,579.0,22.0,,Canada,North America,St. John's,Public,7.0,4.6,,662.0,460.0,28.5,75.0,70.57,General,16318.0,23%,1.089,0.0001,55:45:00,55.0,45.0,Undergraduate & Postgraduate,-1.0,315.2173913043478,23,21.0,55.883456521739134,32.3,294.85714285714283,,27.5,24.5,60.9,23,41.97,52.45,7.0
U0361,The New School,2024,999.0,999.0,,United States,North America,New York,Private,15.9,14.9,,,0.0,2.8,100.0,50.0,General,8644.0,34%,1.087,0.0001,73:27:00,73.0,27.0,Undergraduate & Postgraduate,-1.0,362.265306122449,98,2.0,56.84324489795918,31.06530612244898,265.6666666666667,23.5,29.8,15.5,45.8,34,0.0,52.17,15.9
U0362,University of Bradford,2024,999.0,999.0,,United Kingdom,Europe,Bradford,Public,8.7,7.3,,,0.0,18.1,100.0,50.0,General,8970.0,31%,500,0.0557,57:43:00,57.0,43.0,Undergraduate & Postgraduate,-1.0,455.4347826086956,69,1.0,50.81734057971014,25.96666666666667,388.05,48.5,23.3,22.4,73.8,31,0.0,58.29,8.7
U0363,University of Houston,2024,299.0,103.0,,United States,North America,Houston,Public,13.9,10.9,23.6,358.0,275.0,34.0,100.0,67.88,"Chemical Engineering,Psychology,Accounting & Finance,Electrical & Electronic Engineering,Communication & Media Studies,Business & Management,General Engineering,Geology, Environmental, Earth & Marine Sciences,Languages, Literature & Linguistics,Mechanical & Aerospace Engineering,Geography,Architecture,Economics & Econometrics,Sport Science,Civil Engineering,Chemistry,Computer Science,Mathematics & Statistics,History, Philosophy & Theology,Education,Physics & Astronomy,Medicine & Dentistry,Law,Sociology,Art, Performing Arts & Design,Biological Sciences,Politics & International Studies (incl Development Studies),Other Health",47963.0,7%,1.702,0.0,52:48:00,52.0,48.0,Undergraduate & Postgraduate,-1.0,362.265306122449,98,2.0,56.84324489795918,31.06530612244898,265.6666666666667,23.5,33.8,29.7,65.8,7,70.08,58.32,13.9
U0364,University of Modena and Reggio Emilia,2024,462.0,22.0,,Italy,Europe,Modena,Public,8.7,3.2,50.8,523.0,275.0,50.3,75.0,63.62,"History, Philosophy & Theology,Mathematics & Statistics,Languages, Literature & Linguistics,General Engineering,Psychology,Computer Science,Agriculture & Forestry,Accounting & Finance,Electrical & Electronic Engineering,Physics & Astronomy,Education,Law,Other Health,Chemistry,Geography,Business & Management,Civil Engineering,Communication & Media Studies,Medicine & Dentistry,Geology, Environmental, Earth & Marine Sciences,Economics & Econometrics,Biological Sciences,Chemical Engineering,Mechanical & Aerospace Engineering,Sociology",21836.0,5%,684,0.0313,54:46:00,54.0,46.0,Undergraduate & Postgraduate,-1.0,458.72222222222223,18,181.0,47.393,24.450000000000003,335.6666666666667,,32.0,24.6,79.6,5,53.71,60.28,8.7
U0365,University of Windsor,2024,952.0,28.0,,Canada,North America,Windsor,Public,3.6,4.8,,933.0,1001.0,33.1,75.0,84.1,General,14849.0,35%,323,0.0218,50:50,,,Undergraduate & Postgraduate,-1.0,315.2173913043478,23,21.0,55.883456521739134,32.3,294.85714285714283,,28.7,29.8,56.7,35,4.52,54.29,3.6
U0366,COMSATS University Islamabad,2024,999.0,999.0,,Pakistan,Asia,Islamabad,Public,10.4,29.2,,,0.0,13.9,100.0,50.0,General,34323.0,1%,"2,264",0.066,42:58:00,42.0,58.0,Undergraduate & Postgraduate,-1.0,981.5,6,486.0,33.59258333333333,10.95,541.0,,17.9,16.6,88.2,1,0.0,56.61,10.4
U0367,University of Haifa,2024,620.0,7.0,,Israel,Asia,Haifa,Public,13.1,7.4,,619.0,898.0,30.1,100.0,80.92,General,17353.0,3%,1.978,0.0001,66:34:00,66.0,34.0,Undergraduate & Postgraduate,-1.0,476.0,3,209.0,47.23766666666666,18.1,574.0,,23.9,30.1,68.4,3,37.85,63.09,13.1
U0368,University of Hohenheim,2024,779.0,49.0,,Germany,Europe,Stuttgart,Public,9.8,5.3,,877.0,541.0,39.4,100.0,93.81,General,8369.0,14%,401,0.0479,57:43:00,57.0,43.0,Undergraduate & Postgraduate,-1.0,234.0,9,31.0,59.47188888888888,32.65555555555556,257.5,,35.0,35.5,85.7,14,21.89,66.81,9.8
U0369,Aberystwyth University,2024,920.0,59.0,,United Kingdom,Europe,Aberystwyth,Public,9.5,6.4,56.6,1001.0,673.0,23.5,100.0,100.0,"Geology, Environmental, Earth & Marine Sciences,Sociology,Education,Biological Sciences,Geography,Agriculture & Forestry,Art, Performing Arts & Design,Law,Politics & International Studies (incl Development Studies),Computer Science,Mathematics & Statistics,Electrical & Electronic Engineering,History, Philosophy & Theology,Economics & Econometrics,Languages, Literature & Linguistics,Physics & Astronomy,Communication & Media Studies,Psychology,Veterinary Science,Other Health,Business & Management,Accounting & Finance,Sport Science",6180.0,23%,516,0.0835,51:49:00,51.0,49.0,Undergraduate & Postgraduate,-1.0,455.4347826086956,69,1.0,50.81734057971014,25.96666666666667,388.05,48.5,26.3,23.0,68.5,23,7.73,60.72,9.5
U0370,Brandeis University,2024,250.0,90.0,,United States,North America,Waltham,Private,9.8,4.3,90.2,948.0,405.0,16.3,100.0,97.35,"Languages, Literature & Linguistics,Physics & Astronomy,Computer Science,Chemistry,Mathematics & Statistics,Biological Sciences,Art, Performing Arts & Design,Psychology,Agriculture & Forestry,Business & Management,Sociology,Economics & Econometrics,Politics & International Studies (incl Development Studies),History, Philosophy & Theology",4791.0,33%,611,0.1275,59:41:00,59.0,41.0,Undergraduate & Postgraduate,-1.0,362.265306122449,98,2.0,56.84324489795918,31.06530612244898,265.6666666666667,23.5,36.7,28.3,84.6,33,75.0,64.56,9.8
U0371,Lebanese American University,2024,999.0,999.0,,Lebanon,Asia,Byblos,Private,10.5,28.2,,,0.0,3.2,50.0,25.0,General,7100.0,17%,692,0.0975,52:48:00,52.0,48.0,Undergraduate & Postgraduate,-1.0,792.5,2,591.0,37.52125,17.1,,,26.7,13.2,76.4,17,0.0,32.33,10.5
U0372,Middlesex University,2024,999.0,999.0,,United Kingdom,Europe,London,Public,5.6,4.8,,,0.0,14.3,75.0,37.5,General,15545.0,50%,943,0.0607,59:41:00,59.0,41.0,Undergraduate & Postgraduate,-1.0,455.4347826086956,69,1.0,50.81734057971014,25.96666666666667,388.05,48.5,22.8,18.5,80.0,50,0.0,46.77,5.6
U0373,Middlesex University,2024,999.0,999.0,,United Kingdom,Europe,London,Public,5.6,4.8,,,0.0,14.3,75.0,37.5,General,15545.0,50%,943,0.0607,59:41:00,59.0,41.0,Undergraduate & Postgraduate,-1.0,455.4347826086956,69,1.0,50.81734057971014,25.96666666666667,388.05,48.5,22.8,18.5,80.0,50,0.0,46.77,5.6
U0374,National Chung Hsing University,2024,521.0,8.0,,Taiwan,Asia,Taichung City,Public,20.2,24.1,,467.0,541.0,11.8,100.0,73.33,General,14394.0,6%,1.068,0.0001,42:58:00,42.0,58.0,Undergraduate & Postgraduate,-1.0,1021.181818181818,22,154.0,33.41943181818181,20.48181818181818,734.8571428571429,,23.8,25.2,33.8,6,47.79,55.77,20.2
U0375,Princess Nourah bint Abdulrahman University,2024,999.0,999.0,,Saudi Arabia,Asia,Unknown,Public,16.6,16.5,,,0.0,1.9,50.0,25.0,General,22552.0,17%,2.324,0.0001,100:00:00,100.0,0.0,Undergraduate & Postgraduate,-1.0,721.5555555555555,9,424.0,39.266333333333336,13.544444444444444,898.0,,26.7,16.3,66.1,17,0.0,31.81,16.6
U0376,Tokyo University of Science,2024,723.0,30.0,,Japan,Asia,Kagurazaka,Private,11.0,54.8,,597.0,1001.0,11.7,100.0,79.82,General,17662.0,4%,1.136,0.0001,25 : 75,25.0,75.0,Undergraduate & Postgraduate,-1.0,1011.972972972973,37,29.0,35.23782432432433,24.98108108108108,567.8518518518518,,24.0,26.1,26.4,4,27.51,55.73,11.0
U0377,Universidad Panamericana (UP),2024,999.0,999.0,,Mexico,Latin America,Mexico City,Private,8.7,22.0,,,0.0,1.2,75.0,37.5,General,15469.0,2%,1.751,0.0001,48:52:00,48.0,52.0,Undergraduate & Postgraduate,-1.0,1769.3333333333333,3,1741.0,16.540166666666664,14.8,,,23.9,9.1,12.0,2,0.0,41.53,8.7
U0378,Universitas Padjadjaran,2024,999.0,999.0,,Indonesia,Asia,Bandung,Public,16.8,34.0,,,0.0,1.4,100.0,50.0,General,35498.0,1%,3.116,0.0001,59:41:00,59.0,41.0,Undergraduate & Postgraduate,-1.0,1580.0,11,1332.0,21.125681818181818,12.318181818181818,,,28.5,12.2,19.2,1,0.0,51.61,16.8
U0379,Carleton University,2024,557.0,21.0,,Canada,North America,Ottawa,Public,10.9,13.9,61.6,548.0,405.0,21.8,100.0,77.37,"Sociology,Psychology,Communication & Media Studies,Economics & Econometrics,Sport Science,Languages, Literature & Linguistics,Electrical & Electronic Engineering,Physics & Astronomy,History, Philosophy & Theology,Law,Accounting & Finance,Agriculture & Forestry,Business & Management,Geology, Environmental, Earth & Marine Sciences,Civil Engineering,Veterinary Science,Politics & International Studies (incl Development Studies),Archaeology,Chemical Engineering,Biological Sciences,Architecture,Mechanical & Aerospace Engineering,Art, Performing Arts & Design,General Engineering,Mathematics & Statistics,Computer Science,Chemistry,Geography",29656.0,21%,939,0.0317,50:50:00,50.0,50.0,Undergraduate & Postgraduate,-1.0,315.2173913043478,23,21.0,55.883456521739134,32.3,294.85714285714283,,22.6,31.2,67.0,21,44.18,61.04,10.9
U0380,University of Debrecen,2024,696.0,3.0,,Hungary,Europe,Debrecen,Public,17.3,10.3,,696.0,541.0,3.7,75.0,72.27,General,19964.0,24%,2.011,0.0001,56:44:00,56.0,44.0,Undergraduate & Postgraduate,-1.0,1190.875,8,779.0,28.8165,12.025,629.25,,41.2,22.5,40.7,24,30.22,42.53,17.3
U0381,University of Greenwich,2024,999.0,999.0,,United Kingdom,Europe,London,Public,4.5,4.2,,,0.0,10.6,75.0,37.5,General,17095.0,46%,879,0.0514,58:42:00,58.0,42.0,Undergraduate & Postgraduate,-1.0,455.4347826086956,69,1.0,50.81734057971014,25.96666666666667,388.05,48.5,17.8,17.5,81.2,46,0.0,45.29,4.5
U0382,University of Manitoba,2024,231.0,10.0,,Canada,North America,Winnipeg,Public,14.5,12.0,27.7,281.0,275.0,10.0,100.0,64.04,"Archaeology,Architecture,Sport Science,Geography,Law,Chemistry,Chemical Engineering,Medicine & Dentistry,Accounting & Finance,Business & Management,Politics & International Studies (incl Development Studies),Psychology,Civil Engineering,History, Philosophy & Theology,General Engineering,Geology, Environmental, Earth & Marine Sciences,Languages, Literature & Linguistics,Art, Performing Arts & Design,Computer Science,Agriculture & Forestry,Sociology,Mathematics & Statistics,Education,Mechanical & Aerospace Engineering,Other Health,Electrical & Electronic Engineering,Physics & Astronomy,Economics & Econometrics,Biological Sciences",30316.0,21%,3.137,0.0001,54:46:00,54.0,46.0,Undergraduate & Postgraduate,-1.0,315.2173913043478,23,21.0,55.883456521739134,32.3,294.85714285714283,,31.8,34.7,76.3,21,76.91,49.54,14.5
U0383,De La Salle University,2024,999.0,999.0,,Philippines,Asia,Manila,Private,21.0,45.1,,,0.0,4.2,75.0,37.5,General,14905.0,3%,788,0.0529,50:50:00,50.0,50.0,Undergraduate & Postgraduate,-1.0,1347.25,4,1050.0,25.6985,21.65,,,19.6,12.8,31.3,3,0.0,42.73,21.0
U0384,East China University of Science and Technology,2024,497.0,35.0,,China (Mainland),Asia,Shanghai,Public,7.5,2.6,,300.0,898.0,61.4,100.0,64.99,General,30974.0,2%,2.046,0.0001,44:56:00,44.0,56.0,Undergraduate & Postgraduate,-1.0,328.4,35,12.0,56.53822857142857,28.66857142857143,574.8823529411765,12.0,29.9,25.8,60.2,2,50.2,75.61,7.5
U0385,Shiraz University,2024,857.0,9.0,,"Iran, Islamic Republic of",Asia,Shiraz,Public,5.7,10.4,,604.0,898.0,54.9,100.0,80.17,General,14857.0,2%,695,0.0468,53:47:00,53.0,47.0,Undergraduate & Postgraduate,-1.0,553.5,6,325.0,44.60775,8.5,818.1666666666666,,29.3,24.6,55.0,2,14.06,73.01,5.7
U0386,Taras Shevchenko National University of Kyiv,2024,999.0,999.0,,Ukraine,Europe,Kyiv,Public,19.2,38.6,,,0.0,2.3,100.0,50.0,General,25937.0,5%,2.442,0.0001,56:44:00,56.0,44.0,Undergraduate & Postgraduate,-1.0,1438.6,5,786.0,23.9251,8.58,,,30.0,13.1,20.2,5,0.0,51.97,19.2
U0387,University of Kentucky,2024,259.0,95.0,,United States,North America,Lexington,Public,10.9,11.5,35.2,227.0,200.0,26.1,100.0,61.34,"Geology, Environmental, Earth & Marine Sciences,Sociology,Chemical Engineering,Psychology,Chemistry,Architecture,Computer Science,Biological Sciences,Art, Performing Arts & Design,Medicine & Dentistry,Veterinary Science,Geography,Business & Management,Other Health,Agriculture & Forestry,Physics & Astronomy,Civil Engineering,Sport Science,Mechanical & Aerospace Engineering,History, Philosophy & Theology,Electrical & Electronic Engineering,Law,Economics & Econometrics,Education,Communication & Media Studies,Languages, Literature & Linguistics,Mathematics & Statistics,General Engineering,Politics & International Studies (incl Development Studies),Accounting & Finance",27540.0,3%,2.239,0.0001,58:42:00,58.0,42.0,Undergraduate & Postgraduate,-1.0,362.265306122449,98,2.0,56.84324489795918,31.06530612244898,265.6666666666667,23.5,41.3,30.8,71.8,3,74.1,57.48,10.9
U0388,Inha University,2024,609.0,20.0,,South Korea,Asia,Incheon,Private,10.9,15.3,,434.0,673.0,11.7,100.0,71.68,General,16035.0,8%,2.235,0.0001,42:58:00,42.0,58.0,Undergraduate & Postgraduate,-1.0,667.5,18,62.0,43.17502777777778,24.98333333333333,605.0,,31.2,27.2,41.7,8,38.96,55.73,10.9
U0389,University of Dhaka,2024,999.0,999.0,,Bangladesh,Asia,Dhaka,Public,21.3,44.9,,,0.0,2.6,50.0,25.0,General,216258.0,3%,2.268,0.0,50:50:00,50.0,50.0,Undergraduate & Postgraduate,-1.0,1101.428571428571,7,855.0,30.61642857142857,11.542857142857144,,,17.5,10.0,68.8,3,0.0,32.09,21.3
U0390,University of Trieste,2024,392.0,14.0,,Italy,Europe,Trieste,Public,11.9,3.6,76.9,535.0,254.0,45.5,75.0,64.22,"Economics & Econometrics,Other Health,Electrical & Electronic Engineering,Communication & Media Studies,Medicine & Dentistry,Law,Archaeology,Chemical Engineering,Mathematics & Statistics,Business & Management,General Engineering,Geography,Architecture,Civil Engineering,Geology, Environmental, Earth & Marine Sciences,Accounting & Finance,Mechanical & Aerospace Engineering,Politics & International Studies (incl Development Studies),Languages, Literature & Linguistics,Computer Science,Psychology,History, Philosophy & Theology,Education,Physics & Astronomy,Biological Sciences,Sociology,Chemistry",17196.0,7%,736,0.0428,57:43:00,57.0,43.0,Undergraduate & Postgraduate,-1.0,458.72222222222223,18,181.0,47.393,24.450000000000003,335.6666666666667,,31.9,25.1,74.2,7,60.74,63.58,11.9
U0391,Altai State University,2024,999.0,999.0,,Russia,Europe,Barnaul,Public,10.0,3.7,,,0.0,1.4,100.0,50.0,General,9271.0,27%,1.197,0.0001,56:44:00,56.0,44.0,Undergraduate & Postgraduate,-1.0,1185.0416666666667,24,95.0,29.87127083333333,13.9625,541.0,,20.5,16.5,15.2,27,0.0,51.61,10.0
U0392,Chiba University,2024,482.0,15.0,,Japan,Asia,Chiba City,Public,16.8,8.4,,415.0,898.0,10.9,100.0,70.73,General,13832.0,6%,1.790,0.0001,38 : 62,38.0,62.0,Undergraduate & Postgraduate,-1.0,1011.972972972973,37,29.0,35.23782432432433,24.98108108108108,567.8518518518518,,33.2,20.9,42.0,6,51.71,55.41,16.8
U0393,Eötvös Loránd University,2024,413.0,1.0,,Hungary,Europe,Budapest,Public,23.9,16.8,,629.0,405.0,7.8,100.0,81.42,General,30414.0,11%,2.302,0.0001,61:39:00,61.0,39.0,Undergraduate & Postgraduate,-1.0,1190.875,8,779.0,28.8165,12.025,629.25,,28.6,19.2,57.3,11,58.63,54.17,23.9
U0394,Wake Forest University,2024,239.0,85.0,,United States,North America,Winston-Salem,Private,5.4,6.1,79.2,366.0,167.0,11.0,100.0,68.28,"Law,Chemistry,Accounting & Finance,Biological Sciences,History, Philosophy & Theology,Sport Science,Business & Management,General Engineering,Sociology,Economics & Econometrics,Mathematics & Statistics,Languages, Literature & Linguistics,Education,Communication & Media Studies,Other Health,Physics & Astronomy,Medicine & Dentistry,Psychology,Geology, Environmental, Earth & Marine Sciences,Art, Performing Arts & Design,Computer Science,Politics & International Studies (incl Development Studies)",8293.0,9%,2.276,0.0003,54:46:00,54.0,46.0,Undergraduate & Postgraduate,-1.0,362.265306122449,98,2.0,56.84324489795918,31.06530612244898,265.6666666666667,23.5,39.6,22.0,80.6,9,76.1,60.24,5.4
U0395,Zayed University,2024,999.0,999.0,,United Arab Emirates,Asia,"Abu Dhabi,",Public,14.5,17.3,,,0.0,6.3,75.0,37.5,General,9036.0,2%,634,0.0702,87:13:00,87.0,13.0,Undergraduate & Postgraduate,-1.0,399.2,5,229.0,49.6779,18.2,,,28.3,25.4,85.7,2,0.0,43.57,14.5
U0396,Istanbul University,2024,560.0,2.0,,Turkey,Asia,Istanbul,Public,26.4,19.1,,364.0,673.0,4.2,75.0,55.68,General,61369.0,9%,2.429,0.0,56:44:00,56.0,44.0,Undergraduate & Postgraduate,-1.0,965.9,10,382.0,34.57495,16.61,499.5,,23.5,22.0,34.4,9,43.88,42.73,26.4
U0397,Savitribai Phule Pune University,2024,999.0,999.0,,India,Asia,Pune,Public,7.8,11.3,,,0.0,30.4,100.0,50.0,General,5871.0,4%,686,0.1168,44:56:00,44.0,56.0,Undergraduate & Postgraduate,-1.0,783.3125,16,218.0,38.128875,14.1375,777.0,,44.0,11.8,54.5,4,0.0,63.21,7.8
U0398,"University of Maryland, Baltimore County",2024,639.0,164.0,,United States,North America,Baltimore,Public,10.6,13.1,52.8,894.0,541.0,18.1,75.0,82.16,"Sociology,Languages, Literature & Linguistics,Civil Engineering,Physics & Astronomy,Art, Performing Arts & Design,Biological Sciences,Psychology,Economics & Econometrics,Mechanical & Aerospace Engineering,Politics & International Studies (incl Development Studies),Geography,General Engineering,History, Philosophy & Theology,Agriculture & Forestry,Electrical & Electronic Engineering,Chemistry,Computer Science,Communication & Media Studies,Other Health,Accounting & Finance,Business & Management,Education,Mathematics & Statistics,Chemical Engineering",11668.0,11%,834,0.0715,46:54:00,46.0,54.0,Undergraduate & Postgraduate,-1.0,362.265306122449,98,2.0,56.84324489795918,31.06530612244898,265.6666666666667,23.5,28.8,24.6,61.5,11,35.94,47.8,10.6
U0399,University of Westminster,2024,999.0,999.0,,United Kingdom,Europe,London,Public,12.9,6.7,,,0.0,6.0,75.0,37.5,General,17315.0,48%,861,0.0497,60:40:00,60.0,40.0,Undergraduate & Postgraduate,-1.0,455.4347826086956,69,1.0,50.81734057971014,25.96666666666667,388.05,48.5,19.4,18.1,55.3,48,0.0,43.45,12.9
U0400,Jeonbuk National University,2024,999.0,999.0,,South Korea,Asia,Jeonju,Public,16.7,10.7,,,0.0,9.7,100.0,50.0,General,20118.0,7%,2.345,0.0001,46:54:00,46.0,54.0,Undergraduate & Postgraduate,-1.0,667.5,18,62.0,43.17502777777778,24.98333333333333,605.0,,30.2,27.3,45.0,7,0.0,54.93,16.7
U0401,Temple University,2024,341.0,112.0,,United States,North America,Philadelphia,Public,12.5,7.9,43.3,382.0,327.0,18.8,100.0,69.08,"Accounting & Finance,General Engineering,Physics & Astronomy,Architecture,Medicine & Dentistry,Communication & Media Studies,Law,Languages, Literature & Linguistics,Computer Science,Sport Science,Sociology,History, Philosophy & Theology,Education,Agriculture & Forestry,Mechanical & Aerospace Engineering,Geography,Business & Management,Art, Performing Arts & Design,Biological Sciences,Civil Engineering,Chemistry,Politics & International Studies (incl Development Studies),Economics & Econometrics,Mathematics & Statistics,Other Health,Geology, Environmental, Earth & Marine Sciences,Electrical & Electronic Engineering,Psychology",34069.0,6%,2.767,0.0001,56:44:00,56.0,44.0,Undergraduate & Postgraduate,-1.0,362.265306122449,98,2.0,56.84324489795918,31.06530612244898,265.6666666666667,23.5,40.7,24.3,85.2,6,65.86,56.18,12.5
U0402,Ton Duc Thang University,2024,999.0,999.0,,Vietnam,Asia,Ho Chi Minh City,Private,4.2,10.2,,,0.0,34.6,100.0,50.0,General,28400.0,1%,"1,512",0.0532,57:43:00,57.0,43.0,Undergraduate & Postgraduate,-1.0,966.0,3,629.0,33.961,7.0,,,12.9,16.0,90.6,1,0.0,64.89,4.2
U0403,University of Belgrade,2024,343.0,1.0,,Serbia,Europe,Belgrade,Public,17.8,5.2,,157.0,327.0,5.3,100.0,57.84,General,91494.0,5%,"4,674",0.0511,62:38:00,62.0,38.0,Undergraduate & Postgraduate,-1.0,1193.6666666666667,3,964.0,28.84233333333333,10.2,327.0,,21.3,27.0,49.4,5,65.66,53.17,17.8
U0404,University of Oregon,2024,428.0,122.0,,United States,North America,Eugene,Public,17.7,8.6,70.4,592.0,405.0,24.0,100.0,79.57,"History, Philosophy & Theology,Computer Science,Other Health,Politics & International Studies (incl Development Studies),Languages, Literature & Linguistics,Law,Geography,Art, Performing Arts & Design,Chemistry,Business & Management,Psychology,Economics & Econometrics,Physics & Astronomy,Architecture,Geology, Environmental, Earth & Marine Sciences,Education,Sociology,Accounting & Finance,Mathematics & Statistics,Biological Sciences,Communication & Media Studies",21185.0,6%,1.583,0.0001,55:45:00,55.0,45.0,Undergraduate & Postgraduate,-1.0,362.265306122449,98,2.0,56.84324489795918,31.06530612244898,265.6666666666667,23.5,31.1,30.5,79.4,6,57.13,63.68,17.7
U0405,"Adam Mickiewicz University, Poznań",2024,999.0,999.0,,Poland,Europe,Poznań,Public,15.8,8.7,,,0.0,5.0,100.0,50.0,General,33268.0,6%,2.808,0.0001,68:32:00,68.0,32.0,Undergraduate & Postgraduate,-1.0,1234.625,8,614.0,28.03875,13.5375,479.0,,19.7,28.4,43.5,6,0.0,53.05,15.8
U0406,Alfaisal University,2024,999.0,999.0,,Saudi Arabia,Unknown,Unknown,Unknown,3.9,3.2,,,0.0,10.7,,50.0,General,3274.0,32%,0,0.0,56:44:00,56.0,44.0,Undergraduate & Postgraduate,-1.0,721.5555555555555,9,424.0,39.266333333333336,13.544444444444444,898.0,,24.1,15.2,72.7,32,0.0,55.33,3.9
U0407,Bournemouth University,2024,999.0,999.0,,United Kingdom,Europe,Poole,Public,5.7,8.3,,,0.0,17.4,75.0,37.5,General,14260.0,21%,773,0.0542,53:47:00,53.0,47.0,Undergraduate & Postgraduate,-1.0,455.4347826086956,69,1.0,50.81734057971014,25.96666666666667,388.05,48.5,23.2,21.1,86.7,21,0.0,48.01,5.7
U0408,University of Siena,2024,445.0,20.0,,Italy,Europe,Siena,Public,12.5,2.6,,506.0,304.0,33.2,75.0,62.77,General,13115.0,10%,741,0.0565,63:37:00,63.0,37.0,Undergraduate & Postgraduate,-1.0,458.72222222222223,18,181.0,47.393,24.450000000000003,335.6666666666667,,25.0,25.6,75.9,10,55.42,54.33,12.5
U0409,Budapest University of Technology and Economics,2024,823.0,5.0,,Hungary,Europe,Budapest,Public,14.3,19.4,,767.0,673.0,8.9,100.0,88.31,General,18621.0,13%,1.320,0.0001,31 : 69,31.0,69.0,Undergraduate & Postgraduate,-1.0,1190.875,8,779.0,28.8165,12.025,629.25,,22.2,18.3,35.8,13,17.47,54.61,14.3
U0410,Instituto Politécnico Nacional (IPN),2024,999.0,999.0,,Mexico,Latin America,Ciudad de México,Public,20.4,40.2,,,0.0,2.1,100.0,50.0,General,141583.0,0%,8.262,0.0001,42:58:00,42.0,58.0,Undergraduate & Postgraduate,-1.0,1769.3333333333333,3,1741.0,16.540166666666664,14.8,,,20.7,9.9,14.5,0,0.0,51.89,20.4
U0411,Jadavpur University,2024,761.0,9.0,,India,Asia,Kolkata,Public,16.3,5.1,,659.0,460.0,37.9,100.0,82.92,General,14338.0,0%,718,0.0501,31 : 69,31.0,69.0,Undergraduate & Postgraduate,-1.0,783.3125,16,218.0,38.128875,14.1375,777.0,,35.3,15.8,46.0,0,23.69,66.21,16.3
U0412,University of the Punjab,2024,999.0,999.0,,Pakistan,Asia,Lahore,Public,14.2,52.3,,,0.0,9.8,100.0,50.0,General,28692.0,1%,"1,340",0.0467,52:48:00,52.0,48.0,Undergraduate & Postgraduate,-1.0,981.5,6,486.0,33.59258333333333,10.95,541.0,,27.7,14.7,62.4,1,0.0,54.97,14.2
U0413,University of the West of England,2024,999.0,999.0,,United Kingdom,Europe,Bristol,Public,9.2,9.4,,,0.0,10.8,100.0,50.0,General,26890.0,25%,"1,568",0.0583,52:48:00,52.0,48.0,Undergraduate & Postgraduate,-1.0,455.4347826086956,69,1.0,50.81734057971014,25.96666666666667,388.05,48.5,19.5,15.0,82.6,25,0.0,55.37,9.2
U0414,Kasetsart University,2024,999.0,999.0,,Thailand,Asia,Bangkok,Public,24.3,21.8,,,0.0,2.5,75.0,37.5,General,70633.0,1%,3.489,0.0,62:38:00,62.0,38.0,Undergraduate & Postgraduate,-1.0,1271.3,10,612.0,27.2866,24.82,732.25,,18.1,12.6,23.5,1,0.0,42.05,24.3
U0415,Liverpool John Moores University,2024,695.0,47.0,,United Kingdom,Europe,Liverpool ,Public,9.9,6.8,48.4,885.0,673.0,14.5,100.0,94.21,"Sport Science,Art, Performing Arts & Design,Education,Civil Engineering,Electrical & Electronic Engineering,Other Health,Architecture,Geology, Environmental, Earth & Marine Sciences,Biological Sciences,Veterinary Science,Sociology,Computer Science,Accounting & Finance,Business & Management,Geography,Mechanical & Aerospace Engineering,Psychology,Chemistry,Languages, Literature & Linguistics,Physics & Astronomy,Law,Mathematics & Statistics,History, Philosophy & Theology,Politics & International Studies (incl Development Studies),General Engineering,Communication & Media Studies",23200.0,16%,1.367,0.0001,54:46:00,54.0,46.0,Undergraduate & Postgraduate,-1.0,455.4347826086956,69,1.0,50.81734057971014,25.96666666666667,388.05,48.5,21.6,19.3,77.7,16,30.32,55.48,9.9
U0416,Riga Technical University,2024,999.0,999.0,,Latvia,Europe,Riga,Public,11.4,28.2,,,0.0,2.9,100.0,50.0,General,10830.0,22%,891,0.0823,34 : 66,34.0,66.0,Undergraduate & Postgraduate,-1.0,1086.5,2,1081.0,30.578,11.95,,,26.4,23.9,32.0,22,0.0,52.21,11.4
U0417,Université du Québec,2024,999.0,999.0,,Canada,North America,Québec,Public,17.3,11.8,,,0.0,16.3,100.0,50.0,General,51748.0,11%,1.908,0.0,58:42:00,58.0,42.0,Undergraduate & Postgraduate,-1.0,315.2173913043478,23,21.0,55.883456521739134,32.3,294.85714285714283,,33.7,33.8,57.2,11,0.0,57.57,17.3
U0418,University of Zagreb,2024,463.0,1.0,,Croatia,Europe,Zagreb,Public,16.2,4.7,,296.0,460.0,4.2,100.0,64.79,General,58474.0,3%,5.259,0.0001,60:40:00,60.0,40.0,Undergraduate & Postgraduate,-1.0,1281.6666666666667,3,1096.0,26.878666666666664,9.333333333333334,432.5,,26.0,15.9,44.7,3,53.61,52.73,16.2
U0419,Wayne State University,2024,253.0,92.0,,United States,North America,Detroit,Public,7.8,3.2,55.2,266.0,163.0,12.3,100.0,63.29,"Sociology,Civil Engineering,Law,Biological Sciences,Sport Science,Chemistry,Other Health,Geology, Environmental, Earth & Marine Sciences,Economics & Econometrics,History, Philosophy & Theology,Chemical Engineering,Politics & International Studies (incl Development Studies),Computer Science,Art, Performing Arts & Design,Mathematics & Statistics,General Engineering,Medicine & Dentistry,Psychology,Business & Management,Education,Accounting & Finance,Mechanical & Aerospace Engineering,Languages, Literature & Linguistics,Electrical & Electronic Engineering,Physics & Astronomy,Communication & Media Studies",22523.0,5%,2.699,0.0001,61:39:00,61.0,39.0,Undergraduate & Postgraduate,-1.0,362.265306122449,98,2.0,56.84324489795918,31.06530612244898,265.6666666666667,23.5,36.4,20.4,70.2,5,74.7,55.96,7.8
U0420,King Khalid University,2024,999.0,999.0,,Saudi Arabia,Asia,Abha,Public,12.8,5.1,,,0.0,2.2,75.0,37.5,General,32078.0,16%,3.544,0.0001,61:39:00,61.0,39.0,Undergraduate & Postgraduate,-1.0,721.5555555555555,9,424.0,39.266333333333336,13.544444444444444,898.0,,29.8,20.1,70.3,16,0.0,41.93,12.8
U0421,Universiti Tenaga Nasional (UNITEN),2024,999.0,999.0,,Malaysia,Asia,Kajang,Private,7.3,13.8,,,0.0,14.6,100.0,50.0,General,4300.0,19%,469,0.1091,32 : 68,32.0,68.0,Undergraduate & Postgraduate,-1.0,1151.625,8,685.0,29.5884375,10.025,,,25.1,16.8,58.0,19,0.0,56.89,7.3
U0422,Virginia Commonwealth University,2024,246.0,88.0,,United States,North America,Richmond,Public,6.7,16.5,,330.0,304.0,13.7,100.0,66.48,General,25944.0,3%,2.771,0.0001,63:37:00,63.0,37.0,Undergraduate & Postgraduate,-1.0,362.265306122449,98,2.0,56.84324489795918,31.06530612244898,265.6666666666667,23.5,36.4,23.2,82.8,3,75.4,56.53,6.7
U0423,Sechenov University,2024,999.0,999.0,,Russia,Europe,Moscow,Public,5.8,4.4,,,0.0,3.4,100.0,50.0,General,15885.0,26%,2.027,0.0001,69:31:00,69.0,31.0,Undergraduate & Postgraduate,-1.0,1185.0416666666667,24,95.0,29.87127083333333,13.9625,541.0,,32.6,17.1,47.7,26,0.0,52.41,5.8
U0424,Shoolini University of Biotechnology and Management Sciences,2024,999.0,999.0,,India,Unknown,Unknown,Unknown,8.3,12.6,,,0.0,42.4,,50.0,General,3251.0,1%,0,0.0,47:53:00,47.0,53.0,Undergraduate & Postgraduate,-1.0,783.3125,16,218.0,38.128875,14.1375,777.0,,27.6,17.9,85.2,1,0.0,68.01,8.3
U0425,University of Brighton,2024,984.0,61.0,,United Kingdom,Europe,Brighton and Hove,Public,8.4,7.0,,1001.0,1001.0,15.8,75.0,87.5,General,14525.0,22%,993,0.0684,60:40:00,60.0,40.0,Undergraduate & Postgraduate,-1.0,455.4347826086956,69,1.0,50.81734057971014,25.96666666666667,388.05,48.5,19.8,16.5,53.9,22,1.31,47.37,8.4
U0426,Syracuse University,2024,555.0,149.0,,United States,North America,Syracuse,Private,13.6,9.6,87.1,678.0,541.0,13.7,100.0,83.87,"Economics & Econometrics,Chemical Engineering,Physics & Astronomy,History, Philosophy & Theology,Law,Geology, Environmental, Earth & Marine Sciences,Art, Performing Arts & Design,Electrical & Electronic Engineering,Communication & Media Studies,Architecture,Civil Engineering,Mathematics & Statistics,Education,Biological Sciences,Sociology,Languages, Literature & Linguistics,Mechanical & Aerospace Engineering,Accounting & Finance,Agriculture & Forestry,Politics & International Studies (incl Development Studies),Other Health,Chemistry,Computer Science,Sport Science,Geography,Business & Management,General Engineering,Psychology",19214.0,21%,1.374,0.0001,53:47:00,53.0,47.0,Undergraduate & Postgraduate,-1.0,362.265306122449,98,2.0,56.84324489795918,31.06530612244898,265.6666666666667,23.5,33.8,28.2,73.3,21,44.38,62.9,13.6
U0427,University of Alaska Fairbanks,2024,563.0,151.0,,United States,Unknown,Unknown,Unknown,3.1,3.2,57.4,819.0,363.0,13.4,,90.91,"Education,Accounting & Finance,Psychology,Politics & International Studies (incl Development Studies),Geology, Environmental, Earth & Marine Sciences,Physics & Astronomy,Art, Performing Arts & Design,General Engineering,Communication & Media Studies,Electrical & Electronic Engineering,Mechanical & Aerospace Engineering,Mathematics & Statistics,Geography,Sociology,Economics & Econometrics,Architecture,Biological Sciences,Other Health,History, Philosophy & Theology,Civil Engineering,Chemistry,Computer Science,Business & Management,Agriculture & Forestry,Languages, Literature & Linguistics",2829.0,6%,0,0.0,55:45:00,55.0,45.0,Undergraduate & Postgraduate,-1.0,362.265306122449,98,2.0,56.84324489795918,31.06530612244898,265.6666666666667,23.5,34.5,31.0,63.1,6,43.57,56.84,3.1
U0428,American University,2024,999.0,999.0,,United States,North America,Washington D.C.,Private,16.2,22.8,,,0.0,4.1,75.0,37.5,General,12771.0,12%,1.091,0.0001,62:38:00,62.0,38.0,Undergraduate & Postgraduate,-1.0,362.265306122449,98,2.0,56.84324489795918,31.06530612244898,265.6666666666667,23.5,35.2,17.1,57.2,12,0.0,42.69,16.2
U0429,Clarkson University,2024,999.0,999.0,,United States,North America,Potsdam,Private,1.6,2.4,,,0.0,39.0,100.0,50.0,General,3871.0,8%,291,0.0752,34 : 66,34.0,66.0,Undergraduate & Postgraduate,-1.0,362.265306122449,98,2.0,56.84324489795918,31.06530612244898,265.6666666666667,23.5,29.9,18.0,41.2,8,0.0,66.65,1.6
U0430,Diponegoro University,2024,999.0,999.0,,Indonesia,Asia,Semarang,Public,17.2,33.9,,,0.0,1.4,75.0,37.5,General,35688.0,2%,"2,852",0.0799,56:44:00,56.0,44.0,Undergraduate & Postgraduate,-1.0,1580.0,11,1332.0,21.125681818181818,12.318181818181818,,,27.1,15.4,19.1,2,0.0,41.61,17.2
U0431,Plekhanov Russian University of Economics,2024,999.0,999.0,,Russia,Europe,Moscow,Public,12.6,14.3,,,0.0,2.8,100.0,50.0,General,12595.0,15%,1.585,0.0001,57:43:00,57.0,43.0,Undergraduate & Postgraduate,-1.0,1185.0416666666667,24,95.0,29.87127083333333,13.9625,541.0,,25.9,12.9,44.7,15,0.0,52.17,12.6
U0432,University of Brescia,2024,703.0,37.0,,Italy,Europe,Brescia,Public,3.9,2.1,,705.0,898.0,50.4,100.0,85.21,General,14615.0,6%,523,0.0358,47:53:00,47.0,53.0,Undergraduate & Postgraduate,-1.0,458.72222222222223,18,181.0,47.393,24.450000000000003,335.6666666666667,,24.4,19.2,89.3,6,29.52,71.21,3.9
U0433,University of Engineering & Technology (UET) Lahore,2024,999.0,999.0,,Pakistan,Asia,Lahore,Public,8.9,44.8,,,0.0,5.7,100.0,50.0,General,12720.0,2%,1.020,0.0001,29 : 71,29.0,71.0,Undergraduate & Postgraduate,-1.0,981.5,6,486.0,33.59258333333333,10.95,541.0,,18.8,9.9,53.5,2,0.0,53.33,8.9
U0434,University of Patras,2024,670.0,5.0,,Greece,Europe,Patras,Public,12.1,17.7,,545.0,673.0,24.0,75.0,64.72,General,31172.0,5%,865,0.0277,51:49:00,51.0,49.0,Undergraduate & Postgraduate,-1.0,882.625,8,521.0,35.509249999999994,15.3625,455.0,,19.0,17.8,56.2,5,32.83,50.65,12.1
U0435,Auburn University,2024,546.0,147.0,,United States,North America,Auburn,Public,7.2,8.5,10.3,491.0,673.0,19.0,100.0,74.53,"Business & Management,Biological Sciences,Other Health,Education,History, Philosophy & Theology,Sport Science,Communication & Media Studies,Electrical & Electronic Engineering,Veterinary Science,Chemical Engineering,Art, Performing Arts & Design,Economics & Econometrics,Chemistry,Languages, Literature & Linguistics,Politics & International Studies (incl Development Studies),General Engineering,Physics & Astronomy,Geography,Agriculture & Forestry,Accounting & Finance,Mechanical & Aerospace Engineering,Psychology,Sociology,Architecture,Medicine & Dentistry,Law,Mathematics & Statistics,Civil Engineering,Geology, Environmental, Earth & Marine Sciences,Computer Science",27670.0,8%,1.507,0.0001,50:50:00,50.0,50.0,Undergraduate & Postgraduate,-1.0,362.265306122449,98,2.0,56.84324489795918,31.06530612244898,265.6666666666667,23.5,36.0,25.7,59.6,8,45.28,49.66,7.2
U0436,Australian Catholic University,2024,999.0,999.0,,Australia,Oceania,Melbourne,Public,8.3,10.5,,,0.0,13.5,100.0,50.0,General,23843.0,14%,1.109,0.0,76:24:00,76.0,24.0,Undergraduate & Postgraduate,-1.0,250.1428571428572,21,54.0,57.36819047619048,33.990476190476194,519.8125,,16.8,25.7,97.0,14,0.0,56.45,8.3
U0437,Bangladesh University of Engineering and Technology,2024,999.0,999.0,,Bangladesh,Asia,Dhaka,Public,15.6,34.8,,,0.0,12.0,100.0,50.0,General,6237.0,0%,486,0.0779,0.970833333,0.970833333,,Undergraduate & Postgraduate,-1.0,1101.428571428571,7,855.0,30.61642857142857,11.542857142857144,,,21.7,15.8,50.7,0,0.0,55.85,15.6
U0438,Clark University,2024,999.0,999.0,,United States,North America,Worcester,Private,3.0,5.3,,,0.0,18.3,100.0,50.0,General,3217.0,27%,276,0.0858,59:41:00,59.0,41.0,Undergraduate & Postgraduate,-1.0,362.265306122449,98,2.0,56.84324489795918,31.06530612244898,265.6666666666667,23.5,26.6,20.8,66.8,27,0.0,58.37,3.0
U0439,De Montfort University,2024,999.0,999.0,,United Kingdom,Europe,Leicester,Public,5.5,4.8,,,0.0,7.6,75.0,37.5,General,23125.0,37%,1.221,0.0001,56:44:00,56.0,44.0,Undergraduate & Postgraduate,-1.0,455.4347826086956,69,1.0,50.81734057971014,25.96666666666667,388.05,48.5,17.8,15.1,71.0,37,0.0,44.09,5.5
U0440,Edinburgh Napier University,2024,999.0,999.0,,United Kingdom,Europe,Edinburgh,Public,4.9,4.2,,,0.0,10.4,75.0,37.5,General,12415.0,34%,613,0.0494,52:48:00,52.0,48.0,Undergraduate & Postgraduate,-1.0,455.4347826086956,69,1.0,50.81734057971014,25.96666666666667,388.05,48.5,18.1,18.4,77.9,34,0.0,45.21,4.9
U0441,Immanuel Kant Baltic Federal University,2024,999.0,999.0,,Russia,Europe,Kaliningrad,Public,8.1,2.3,,,0.0,1.8,75.0,37.5,General,6857.0,19%,921,0.1343,59:41:00,59.0,41.0,Undergraduate & Postgraduate,-1.0,1185.0416666666667,24,95.0,29.87127083333333,13.9625,541.0,,35.9,18.8,16.9,19,0.0,41.77,8.1
U0442,Ivane Javakhishvili Tbilisi State University,2024,999.0,999.0,,Georgia,Asia,Unknown,Public,9.7,2.6,,,0.0,1.2,75.0,37.5,General,23278.0,3%,3.018,0.0001,61:39:00,61.0,39.0,Undergraduate & Postgraduate,-1.0,1602.5,2,1515.0,20.7345,8.0,,,15.9,11.3,22.2,3,0.0,41.53,9.7
U0443,Jouf University,2024,999.0,999.0,,Saudi Arabia,Asia,Sakaka,Public,8.8,5.3,,,0.0,1.9,50.0,25.0,General,19006.0,3%,2.371,0.0001,64:36:00,64.0,36.0,Undergraduate & Postgraduate,-1.0,721.5555555555555,9,424.0,39.266333333333336,13.544444444444444,898.0,,30.5,18.3,58.3,3,0.0,31.81,8.8
U0444,Kaunas University of Technology,2024,999.0,999.0,,Lithuania,Europe,Kaunas,Public,11.3,21.8,,,0.0,6.8,100.0,50.0,General,7986.0,8%,719,0.09,36 : 64,36.0,64.0,Undergraduate & Postgraduate,-1.0,1350.5,2,1259.0,25.48775,11.15,,,22.2,15.3,39.0,8,0.0,53.77,11.3
U0445,Louisiana State University,2024,219.0,82.0,,United States,North America,Baton Rouge,Public,9.7,8.3,,190.0,108.0,16.2,100.0,59.49,General,31112.0,4%,1.490,0.0,55:45:00,55.0,45.0,Undergraduate & Postgraduate,-1.0,362.265306122449,98,2.0,56.84324489795918,31.06530612244898,265.6666666666667,23.5,32.7,21.4,61.1,4,78.11,57.53,9.7
U0446,Maynooth University,2024,999.0,999.0,,Ireland,Europe,Maynooth,Public,10.0,9.2,22.1,,0.0,12.6,100.0,50.0,"Geology, Environmental, Earth & Marine Sciences,Education,Languages, Literature & Linguistics,Politics & International Studies (incl Development Studies),Biological Sciences,General Engineering,Sociology,Computer Science,Mathematics & Statistics,Accounting & Finance,Economics & Econometrics,History, Philosophy & Theology,Communication & Media Studies,Law,Business & Management,Physics & Astronomy,Geography,Psychology,Chemistry,Electrical & Electronic Engineering",11885.0,12%,686,0.0577,56:44:00,56.0,44.0,Undergraduate & Postgraduate,-1.0,484.2857142857143,7,231.0,47.20792857142857,23.4,544.0,,21.1,30.7,77.0,12,0.0,49.46,10.0
U0447,Nagasaki University,2024,629.0,24.0,,Japan,Asia,Nagasaki City,Public,6.9,2.2,,666.0,460.0,6.2,100.0,83.27,General,8782.0,5%,1.303,0.0001,39 : 61,39.0,61.0,Undergraduate & Postgraduate,-1.0,1011.972972972973,37,29.0,35.23782432432433,24.98108108108108,567.8518518518518,,29.4,14.8,28.5,5,36.95,53.53,6.9
U0448,Nanjing University of Aeronautics and Astronautics,2024,636.0,52.0,,China (Mainland),Asia,Nanjing,Public,4.7,2.6,,469.0,673.0,47.3,100.0,73.43,General,33883.0,3%,2.129,0.0001,50:50,,,Undergraduate & Postgraduate,-1.0,328.4,35,12.0,56.53822857142857,28.66857142857143,574.8823529411765,12.0,28.2,31.6,50.1,3,36.24,69.97,4.7
U0449,North-West University,2024,964.0,7.0,,South Africa,Africa,Potchefstroom,Public,7.1,9.1,,823.0,1001.0,13.0,100.0,91.11,General,39684.0,3%,"1,659",0.0418,61:39:00,61.0,39.0,Undergraduate & Postgraduate,-1.0,629.0,8,167.0,43.0708125,17.4875,559.4,,22.7,18.7,64.3,3,3.31,56.25,7.1
U0450,Texas Tech University,2024,437.0,126.0,,United States,North America,Lubbock,Public,11.0,11.8,,423.0,363.0,15.3,75.0,58.63,General,37331.0,6%,1.772,0.0,50:50:00,50.0,50.0,Undergraduate & Postgraduate,-1.0,362.265306122449,98,2.0,56.84324489795918,31.06530612244898,265.6666666666667,23.5,30.7,20.9,56.9,6,56.22,47.17,11.0
U0451,Universiti Tunku Abdul Rahman (UTAR),2024,999.0,999.0,,Malaysia,Asia,Sungai Long,Private,12.9,36.4,,,0.0,5.1,50.0,25.0,General,19080.0,9%,1.124,0.0001,51:49:00,51.0,49.0,Undergraduate & Postgraduate,-1.0,1151.625,8,685.0,29.5884375,10.025,,,16.8,17.1,48.1,9,0.0,33.09,12.9
U0452,University of Alicante,2024,767.0,27.0,,Spain,Europe,Alicante,Public,13.4,6.2,,700.0,673.0,8.0,100.0,84.97,General,22767.0,10%,1.838,0.0001,59:41:00,59.0,41.0,Undergraduate & Postgraduate,-1.0,727.0,9,313.0,39.44405555555555,25.51111111111111,558.7142857142857,,25.0,19.8,43.8,10,23.09,54.25,13.4
U0453,University of Calcutta,2024,997.0,17.0,,India,Asia,Kolkata,Public,15.7,4.3,,798.0,1001.0,20.3,100.0,89.86,General,17879.0,0%,773,0.0432,54:46:00,54.0,46.0,Undergraduate & Postgraduate,-1.0,783.3125,16,218.0,38.128875,14.1375,777.0,,40.0,15.2,33.7,0,0.0,59.17,15.7
U0454,University of Latvia,2024,999.0,999.0,,Latvia,Europe,Riga,Public,12.5,17.8,,,0.0,6.1,75.0,37.5,General,12125.0,7%,570,0.047,69:31:00,69.0,31.0,Undergraduate & Postgraduate,-1.0,1086.5,2,1081.0,30.578,11.95,,,18.6,27.1,40.3,7,0.0,43.49,12.5
U0455,University of Salerno,2024,611.0,28.0,,Italy,Europe,Fisciano,Public,7.9,2.1,,610.0,541.0,31.9,100.0,80.47,General,26142.0,2%,"1,174",0.0449,55:45:00,55.0,45.0,Undergraduate & Postgraduate,-1.0,458.72222222222223,18,181.0,47.393,24.450000000000003,335.6666666666667,,21.9,24.4,79.2,2,38.76,63.81,7.9
U0456,University of Santo Tomas,2024,999.0,999.0,,Philippines,Asia,Manila,Private,11.5,33.5,,,0.0,1.3,50.0,25.0,General,31813.0,7%,"1,990",0.0626,51:49:00,51.0,49.0,Undergraduate & Postgraduate,-1.0,1347.25,4,1050.0,25.6985,21.65,,,19.6,9.5,25.8,7,0.0,31.57,11.5
U0457,Verona University,2024,999.0,999.0,,Italy,Europe,Verona,Public,8.7,2.9,,,0.0,40.0,75.0,37.5,General,20968.0,4%,904,0.0431,64:36:00,64.0,36.0,Undergraduate & Postgraduate,-1.0,458.72222222222223,18,181.0,47.393,24.450000000000003,335.6666666666667,,29.6,26.2,84.1,4,0.0,57.05,8.7
U0458,Vytautas Magnus University,2024,999.0,999.0,,Lithuania,Europe,Kaunas,Public,11.0,20.6,,,0.0,2.1,100.0,50.0,General,8210.0,15%,686,0.0836,61:39:00,61.0,39.0,Undergraduate & Postgraduate,-1.0,1350.5,2,1259.0,25.48775,11.15,,,22.4,12.3,27.4,15,0.0,51.89,11.0
U0459,Yokohama City University,2024,597.0,19.0,,Japan,Asia,Yokohama City,Public,3.3,2.6,,790.0,541.0,10.3,100.0,89.46,General,5144.0,3%,889,0.1728,55:45:00,55.0,45.0,Undergraduate & Postgraduate,-1.0,1011.972972972973,37,29.0,35.23782432432433,24.98108108108108,567.8518518518518,,28.4,11.3,59.4,3,40.16,55.17,3.3
U0460,Chonnam National University,2024,432.0,12.0,,South Korea,Asia,Gwangju,Public,11.7,5.0,,317.0,405.0,14.3,100.0,65.83,General,22051.0,7%,2.342,0.0001,49:51:00,49.0,51.0,Undergraduate & Postgraduate,-1.0,667.5,18,62.0,43.17502777777778,24.98333333333333,605.0,,28.5,28.3,43.6,7,56.73,56.77,11.7
U0461,Chungnam National University,2024,607.0,18.0,,South Korea,Asia,Daejeon,Public,11.7,8.0,,403.0,1001.0,10.6,100.0,70.13,General,20334.0,4%,1.977,0.0001,47:53:00,47.0,53.0,Undergraduate & Postgraduate,-1.0,667.5,18,62.0,43.17502777777778,24.98333333333333,605.0,,29.9,29.7,34.9,4,39.16,55.29,11.7
U0462,CY Cergy Paris University,2024,999.0,999.0,,France,Europe,Unknown,Public,3.4,2.7,,,0.0,6.5,100.0,50.0,General,16082.0,26%,790,0.0491,52:48:00,52.0,48.0,Undergraduate & Postgraduate,-1.0,373.0,9,58.0,54.703833333333336,38.41111111111111,207.0,,23.8,25.3,44.4,26,0.0,53.65,3.4
U0463,Gdańsk University of Technology,2024,999.0,999.0,,Poland,Europe,Gdańsk,Public,9.2,14.4,,,0.0,11.8,100.0,50.0,General,13903.0,5%,1.187,0.0001,38 : 62,38.0,62.0,Undergraduate & Postgraduate,-1.0,1234.625,8,614.0,28.03875,13.5375,479.0,,19.7,17.0,48.3,5,0.0,55.77,9.2
U0464,Georgia State University,2024,480.0,132.0,,United States,North America,Atlanta,Public,11.7,13.6,34.4,554.0,405.0,20.3,100.0,77.67,"Biological Sciences,Economics & Econometrics,Geography,Mathematics & Statistics,Other Health,Physics & Astronomy,Sport Science,Politics & International Studies (incl Development Studies),Art, Performing Arts & Design,History, Philosophy & Theology,Chemistry,Psychology,Languages, Literature & Linguistics,Education,Accounting & Finance,Law,Sociology,Business & Management,Computer Science,Communication & Media Studies,Medicine & Dentistry,Geology, Environmental, Earth & Marine Sciences",30821.0,7%,1.281,0.0,61:39:00,61.0,39.0,Undergraduate & Postgraduate,-1.0,362.265306122449,98,2.0,56.84324489795918,31.06530612244898,265.6666666666667,23.5,35.0,25.4,72.6,7,51.91,55.0,11.7
U0465,Kanazawa University,2024,561.0,17.0,,Japan,Asia,Kanazawa,Public,9.3,4.4,,533.0,673.0,12.1,100.0,76.62,General,10271.0,6%,1.239,0.0001,37 : 63,37.0,63.0,Undergraduate & Postgraduate,-1.0,1011.972972972973,37,29.0,35.23782432432433,24.98108108108108,567.8518518518518,,35.5,18.8,35.4,6,43.78,55.89,9.3
U0466,King Faisal University,2024,999.0,999.0,,Saudi Arabia,Asia,Hofuf,Public,15.0,8.6,,,0.0,2.4,75.0,37.5,General,29628.0,2%,2.100,0.0001,60:40:00,60.0,40.0,Undergraduate & Postgraduate,-1.0,721.5555555555555,9,424.0,39.266333333333336,13.544444444444444,898.0,,19.9,12.2,68.0,2,0.0,42.01,15.0
U0467,King Faisal University,2024,999.0,999.0,,Saudi Arabia,Asia,Hofuf,Public,15.0,8.6,,,0.0,2.4,75.0,37.5,General,29628.0,2%,2.100,0.0001,60:40:00,60.0,40.0,Undergraduate & Postgraduate,-1.0,721.5555555555555,9,424.0,39.266333333333336,13.544444444444444,898.0,,19.9,12.2,68.0,2,0.0,42.01,15.0
U0468,Kuwait University,2024,999.0,999.0,,Kuwait,Asia,Kuwait City,Public,13.6,8.3,,,0.0,2.2,50.0,25.0,General,34147.0,13%,"1,693",0.0496,73:27:00,73.0,27.0,Undergraduate & Postgraduate,-1.0,1055.0,1,1055.0,31.4095,13.6,,,19.5,9.9,55.5,13,0.0,31.93,13.6
U0469,London South Bank University,2024,999.0,999.0,,United Kingdom,Europe,London,Public,3.5,2.9,,,0.0,5.6,75.0,37.5,General,14510.0,37%,814,0.0561,56:44:00,56.0,44.0,Undergraduate & Postgraduate,-1.0,455.4347826086956,69,1.0,50.81734057971014,25.96666666666667,388.05,48.5,18.6,12.4,65.9,37,0.0,43.29,3.5
U0470,National Research Saratov State University,2024,999.0,999.0,,Russia,Europe,Saratov,Public,5.2,2.5,,,0.0,1.7,100.0,50.0,General,9664.0,11%,1.718,0.0002,58:42:00,58.0,42.0,Undergraduate & Postgraduate,-1.0,1185.0416666666667,24,95.0,29.87127083333333,13.9625,541.0,,26.8,16.1,17.6,11,0.0,51.73,5.2
U0471,Niigata University,2024,618.0,22.0,,Japan,Asia,Niigata City,Public,4.9,3.3,,615.0,673.0,4.6,75.0,68.22,General,11942.0,3%,1.960,0.0002,37 : 63,37.0,63.0,Undergraduate & Postgraduate,-1.0,1011.972972972973,37,29.0,35.23782432432433,24.98108108108108,567.8518518518518,,30.6,15.0,41.8,3,38.05,42.89,4.9
U0472,North South University,2024,999.0,999.0,,Bangladesh,Asia,Dhaka,Private,12.1,48.4,,,0.0,2.3,50.0,25.0,General,18681.0,0%,715,0.0383,42:58:00,42.0,58.0,Undergraduate & Postgraduate,-1.0,1101.428571428571,7,855.0,30.61642857142857,11.542857142857144,,,12.9,10.0,76.1,0,0.0,31.97,12.1
U0473,Pavol Jozef Šafárik University in Košice,2024,999.0,999.0,,Slovakia,Europe,Košice,Public,5.1,3.6,,,0.0,3.6,75.0,37.5,General,7060.0,24%,810,0.1147,67:33:00,67.0,33.0,Undergraduate & Postgraduate,-1.0,1314.0,3,1054.0,26.376166666666663,6.833333333333333,,,40.7,10.2,17.1,24,0.0,42.49,5.1
U0474,Southern Federal University,2024,999.0,999.0,,Russia,Europe,Rostov-on-Don,Public,7.6,3.6,,,0.0,1.8,100.0,50.0,General,19181.0,11%,2.631,0.0001,54:46:00,54.0,46.0,Undergraduate & Postgraduate,-1.0,1185.0416666666667,24,95.0,29.87127083333333,13.9625,541.0,,27.9,14.3,21.4,11,0.0,51.77,7.6
U0475,Technological University Dublin,2024,999.0,999.0,,Ireland,Europe,Dublin,Public,12.1,12.4,,,0.0,3.1,75.0,37.5,General,20801.0,18%,1.445,0.0001,44:56:00,44.0,56.0,Undergraduate & Postgraduate,-1.0,484.2857142857143,7,231.0,47.20792857142857,23.4,544.0,,19.1,13.1,45.6,18,0.0,42.29,12.1
U0476,TU Dortmund University,2024,999.0,999.0,,Germany,Europe,Dortmund,Public,13.6,13.8,,,0.0,7.4,100.0,50.0,General,19477.0,15%,2.137,0.0001,49:51:00,49.0,51.0,Undergraduate & Postgraduate,-1.0,234.0,9,31.0,59.47188888888888,32.65555555555556,257.5,,35.7,42.2,62.3,15,0.0,54.01,13.6
U0477,University of Bucharest,2024,827.0,3.0,,Romania,Europe,Bucharest,Public,15.5,13.8,,674.0,673.0,4.2,100.0,83.67,General,32362.0,2%,"1,972",0.0609,70:30:00,70.0,30.0,Undergraduate & Postgraduate,-1.0,1481.6666666666667,6,1139.0,23.05858333333333,6.883333333333333,673.0,,24.8,21.1,43.2,2,17.07,52.73,15.5
U0478,University of East London,2024,999.0,999.0,,United Kingdom,Europe,London,Public,3.6,3.5,,,0.0,6.7,75.0,37.5,General,14480.0,52%,582,0.0402,56:44:00,56.0,44.0,Undergraduate & Postgraduate,-1.0,455.4347826086956,69,1.0,50.81734057971014,25.96666666666667,388.05,48.5,21.8,15.1,41.0,52,0.0,43.73,3.6
U0479,University of Hertfordshire,2024,809.0,54.0,,United Kingdom,Europe,Hatfield,Public,4.7,4.8,55.5,1001.0,541.0,5.6,75.0,87.5,"Business & Management,General Engineering,Architecture,Physics & Astronomy,Geography,Communication & Media Studies,Mechanical & Aerospace Engineering,Electrical & Electronic Engineering,Accounting & Finance,Geology, Environmental, Earth & Marine Sciences,Civil Engineering,Sport Science,Psychology,Art, Performing Arts & Design,Education,Biological Sciences,Computer Science,Politics & International Studies (incl Development Studies),Other Health,Veterinary Science,Sociology,Law,Mathematics & Statistics,Economics & Econometrics",20480.0,40%,1.234,0.0001,52:48:00,52.0,48.0,Undergraduate & Postgraduate,-1.0,455.4347826086956,69,1.0,50.81734057971014,25.96666666666667,388.05,48.5,18.6,13.4,67.2,40,18.88,43.34,4.7
U0480,University of Lincoln,2024,999.0,999.0,,United Kingdom,Europe,Lincoln,Public,6.1,5.1,,,0.0,11.3,75.0,37.5,General,15020.0,13%,959,0.0638,55:45:00,55.0,45.0,Undergraduate & Postgraduate,-1.0,455.4347826086956,69,1.0,50.81734057971014,25.96666666666667,388.05,48.5,19.9,18.7,82.2,13,0.0,45.57,6.1
U0481,University of Malta,2024,999.0,999.0,,Malta,Europe,Msida,Public,5.3,5.2,,,0.0,6.5,75.0,37.5,General,10056.0,14%,900,0.0895,59:41:00,59.0,41.0,Undergraduate & Postgraduate,-1.0,919.0,1,919.0,34.636,5.3,,,23.4,16.2,60.6,14,0.0,43.65,5.3
U0482,University of Maribor,2024,978.0,2.0,,Slovenia,Europe,Maribor,Public,7.0,6.7,,871.0,898.0,6.7,75.0,81.01,General,12919.0,11%,1.248,0.0001,54:46:00,54.0,46.0,Undergraduate & Postgraduate,-1.0,1212.3333333333333,3,884.0,28.492166666666662,10.033333333333331,651.5,,20.1,16.9,40.8,11,1.91,43.73,7.0
U0483,University of Palermo,2024,509.0,26.0,,Italy,Europe,Palermo,Public,10.9,2.4,,438.0,460.0,27.5,100.0,71.88,General,33972.0,1%,1.434,0.0,59:41:00,59.0,41.0,Undergraduate & Postgraduate,-1.0,458.72222222222223,18,181.0,47.393,24.450000000000003,335.6666666666667,,18.9,22.5,69.8,1,49.0,62.05,10.9
U0484,University of Parma,2024,475.0,24.0,,Italy,Europe,Parma,Public,9.4,2.7,,516.0,327.0,34.6,75.0,63.27,General,29840.0,6%,"1,007",0.0337,58:42:00,58.0,42.0,Undergraduate & Postgraduate,-1.0,458.72222222222223,18,181.0,47.393,24.450000000000003,335.6666666666667,,19.4,22.6,72.2,6,52.41,54.89,9.4
U0485,University of Salford,2024,999.0,999.0,,United Kingdom,Europe,Salford,Public,7.4,4.0,,,0.0,7.8,75.0,37.5,General,20010.0,23%,"1,124",0.0562,55:45:00,55.0,45.0,Undergraduate & Postgraduate,-1.0,455.4347826086956,69,1.0,50.81734057971014,25.96666666666667,388.05,48.5,18.8,15.0,61.1,23,0.0,44.17,7.4
U0486,University of South Africa,2024,999.0,999.0,,South Africa,Unknown,Unknown,Unknown,9.6,4.9,,,0.0,8.8,,50.0,General,198816.0,3%,0,0.0,74:26:00,74.0,26.0,Undergraduate & Postgraduate,-1.0,629.0,8,167.0,43.0708125,17.4875,559.4,,24.7,19.3,50.5,3,0.0,54.57,9.6
U0487,Worcester Polytechnic Institute,2024,999.0,999.0,,United States,North America,Worcester,Private,3.9,5.7,,,0.0,27.5,100.0,50.0,General,5834.0,14%,432,0.074,38 : 62,38.0,62.0,Undergraduate & Postgraduate,-1.0,362.265306122449,98,2.0,56.84324489795918,31.06530612244898,265.6666666666667,23.5,30.0,22.1,61.2,14,0.0,62.05,3.9
U0488,Athens University of Economics and Business,2024,999.0,999.0,,Greece,Europe,Athens,Public,7.4,33.3,,,0.0,17.7,100.0,50.0,General,10477.0,5%,233,0.0222,45:55:00,45.0,55.0,Undergraduate & Postgraduate,-1.0,882.625,8,521.0,35.509249999999994,15.3625,455.0,,18.1,23.6,53.3,5,0.0,58.13,7.4
U0489,Donghua University,2024,705.0,65.0,,China (Mainland),Unknown,Unknown,Unknown,4.0,1.5,,626.0,460.0,37.9,,81.27,General,23099.0,6%,0,0.0,44:56:00,44.0,56.0,Undergraduate & Postgraduate,-1.0,328.4,35,12.0,56.53822857142857,28.66857142857143,574.8823529411765,12.0,27.8,22.1,72.8,6,29.32,66.21,4.0
U0490,Kumamoto University,2024,628.0,23.0,,Japan,Asia,Kumamoto City,Public,7.6,3.1,,611.0,898.0,12.3,100.0,80.52,General,9384.0,6%,1.267,0.0001,39 : 61,39.0,61.0,Undergraduate & Postgraduate,-1.0,1011.972972972973,37,29.0,35.23782432432433,24.98108108108108,567.8518518518518,,33.6,19.6,40.9,6,37.05,55.97,7.6
U0491,Mendel University in Brno,2024,999.0,999.0,,Czech Republic,Europe,Brno,Public,6.4,8.6,,,0.0,3.9,100.0,50.0,General,9019.0,17%,743,0.0824,57:43:00,57.0,43.0,Undergraduate & Postgraduate,-1.0,1151.7272727272727,11,459.0,29.91190909090909,13.754545454545456,587.6666666666666,,20.9,19.4,36.8,17,0.0,52.61,6.4
U0492,National Chung Cheng University,2024,999.0,999.0,,Taiwan,Asia,Minxiong Township,Public,13.0,26.2,,,0.0,5.2,100.0,50.0,General,8748.0,4%,710,0.0812,44:56:00,44.0,56.0,Undergraduate & Postgraduate,-1.0,1021.181818181818,22,154.0,33.41943181818181,20.48181818181818,734.8571428571429,,23.5,22.2,25.0,4,0.0,53.13,13.0
U0493,Okayama University,2024,389.0,14.0,,Japan,Asia,Okayama City,Public,8.9,3.9,,381.0,363.0,8.4,75.0,56.53,General,13027.0,7%,1.697,0.0001,40 : 60,40.0,60.0,Undergraduate & Postgraduate,-1.0,1011.972972972973,37,29.0,35.23782432432433,24.98108108108108,567.8518518518518,,34.6,21.5,36.4,7,61.04,44.41,8.9
U0494,Prince of Songkla University,2024,999.0,999.0,,Thailand,Asia,Hat Yai,Public,20.1,7.1,,,0.0,3.2,75.0,37.5,General,33318.0,2%,2.553,0.0001,69:31:00,69.0,31.0,Undergraduate & Postgraduate,-1.0,1271.3,10,612.0,27.2866,24.82,732.25,,23.4,14.8,32.6,2,0.0,42.33,20.1
U0495,Qassim University,2024,999.0,999.0,,Saudi Arabia,Asia,Buraydah,Public,7.2,2.9,,,0.0,1.6,50.0,25.0,General,37222.0,7%,4.148,0.0001,62:38:00,62.0,38.0,Undergraduate & Postgraduate,-1.0,721.5555555555555,9,424.0,39.266333333333336,13.544444444444444,898.0,,36.0,20.4,42.8,7,0.0,31.69,7.2
U0496,Robert Gordon University,2024,999.0,999.0,,United Kingdom,Europe,Aberdeen,Public,3.5,11.7,,,0.0,4.9,75.0,37.5,General,10095.0,26%,518,0.0513,60:40:00,60.0,40.0,Undergraduate & Postgraduate,-1.0,455.4347826086956,69,1.0,50.81734057971014,25.96666666666667,388.05,48.5,17.5,13.2,53.4,26,0.0,43.01,3.5
U0497,Samara National Research University (Samara University),2024,999.0,999.0,,Russia,Europe,Samara,Public,4.6,2.2,,,0.0,2.3,100.0,50.0,General,9198.0,14%,1.286,0.0001,48:52:00,48.0,52.0,Undergraduate & Postgraduate,-1.0,1185.0416666666667,24,95.0,29.87127083333333,13.9625,541.0,,27.5,14.8,21.8,14,0.0,51.97,4.6
U0498,University of Central Lancashire,2024,999.0,999.0,,United Kingdom,Europe,Preston,Public,5.9,5.8,,,0.0,4.4,75.0,37.5,General,21525.0,28%,1.443,0.0001,58:42:00,58.0,42.0,Undergraduate & Postgraduate,-1.0,455.4347826086956,69,1.0,50.81734057971014,25.96666666666667,388.05,48.5,18.3,13.8,51.9,28,0.0,42.81,5.9
U0499,University of Denver,2024,830.0,189.0,,United States,North America,Denver,Private,5.3,7.5,,1001.0,673.0,11.1,100.0,100.0,General,10367.0,5%,1.000,0.0001,60:40:00,60.0,40.0,Undergraduate & Postgraduate,-1.0,362.265306122449,98,2.0,56.84324489795918,31.06530612244898,265.6666666666667,23.5,39.9,24.3,64.2,5,16.77,55.49,5.3
U0500,University of Murcia,2024,640.0,19.0,,Spain,Europe,Murcia,Public,12.6,2.8,,557.0,673.0,5.7,75.0,65.32,General,28862.0,5%,2.466,0.0001,62:38:00,62.0,38.0,Undergraduate & Postgraduate,-1.0,727.0,9,313.0,39.44405555555555,25.51111111111111,558.7142857142857,,25.2,19.9,52.6,5,35.84,43.33,12.6
U0501,"Birla Institute of Technology and Science, Pilani",2024,999.0,999.0,,India,Asia,Pilani,Private,9.1,14.4,,,0.0,17.3,100.0,50.0,General,16339.0,2%,776,0.0475,0.888888889,0.888888889,,Undergraduate & Postgraduate,-1.0,783.3125,16,218.0,38.128875,14.1375,777.0,,23.7,17.0,67.4,2,0.0,57.97,9.1
U0502,George Mason University,2024,322.0,109.0,,United States,North America,Fairfax,Public,9.0,6.0,42.6,560.0,460.0,11.4,100.0,77.97,"Psychology,Communication & Media Studies,Civil Engineering,Art, Performing Arts & Design,General Engineering,Education,Law,Sociology,Physics & Astronomy,History, Philosophy & Theology,Business & Management,Biological Sciences,Sport Science,Mechanical & Aerospace Engineering,Accounting & Finance,Geography,Electrical & Electronic Engineering,Chemistry,Other Health,Languages, Literature & Linguistics,Economics & Econometrics,Politics & International Studies (incl Development Studies),Mathematics & Statistics,Geology, Environmental, Earth & Marine Sciences,Computer Science",32959.0,11%,2.011,0.0001,53:47:00,53.0,47.0,Undergraduate & Postgraduate,-1.0,362.265306122449,98,2.0,56.84324489795918,31.06530612244898,265.6666666666667,23.5,29.7,27.5,82.7,11,67.77,53.08,9.0
U0503,Gifu University,2024,896.0,47.0,,Japan,Asia,Gifu City,Public,6.3,2.5,,717.0,1001.0,7.3,100.0,85.81,General,7134.0,4%,1.003,0.0001,38 : 62,38.0,62.0,Undergraduate & Postgraduate,-1.0,1011.972972972973,37,29.0,35.23782432432433,24.98108108108108,567.8518518518518,,30.6,23.2,29.5,4,10.14,53.97,6.3
U0504,Gunma University,2024,816.0,35.0,,Japan,Asia,Maebashi,Public,3.8,2.2,,794.0,898.0,4.7,100.0,89.66,General,6248.0,4%,1.067,0.0002,37 : 63,37.0,63.0,Undergraduate & Postgraduate,-1.0,1011.972972972973,37,29.0,35.23782432432433,24.98108108108108,567.8518518518518,,28.6,14.2,20.7,4,18.17,52.93,3.8
U0505,Jamia Millia Islamia,2024,999.0,999.0,,India,Asia,Unknown,Public,8.0,2.6,,,0.0,20.7,100.0,50.0,General,10235.0,4%,935,0.0914,52:48:00,52.0,48.0,Undergraduate & Postgraduate,-1.0,783.3125,16,218.0,38.128875,14.1375,777.0,,41.1,14.4,75.7,4,0.0,59.33,8.0
U0506,Khon Kaen University,2024,990.0,4.0,,Thailand,Asia,Khon Kaen,Public,16.4,12.1,,879.0,898.0,4.1,75.0,81.41,General,32895.0,2%,1.862,0.0001,62:38:00,62.0,38.0,Undergraduate & Postgraduate,-1.0,1271.3,10,612.0,27.2866,24.82,732.25,,23.3,15.7,35.5,2,0.7,42.69,16.4
U0507,Lviv Polytechnic National University,2024,999.0,999.0,,Ukraine,Europe,Unknown,Public,8.1,14.8,,,0.0,1.8,75.0,37.5,General,22580.0,1%,2.148,0.0001,41:59:00,41.0,59.0,Undergraduate & Postgraduate,-1.0,1438.6,5,786.0,23.9251,8.58,,,22.9,11.3,34.2,1,0.0,41.77,8.1
U0508,Makerere University,2024,771.0,1.0,,Uganda,Africa,Kampala,Public,10.2,4.7,,981.0,673.0,4.6,75.0,86.5,General,29510.0,3%,"1,468",0.0497,46:54:00,46.0,54.0,Undergraduate & Postgraduate,-1.0,969.0,1,969.0,33.311499999999995,10.2,673.0,,23.4,25.3,39.6,3,22.69,42.89,10.2
U0509,Sumy State University,2024,999.0,999.0,,Ukraine,Europe,Sumy,Public,5.6,5.7,,,0.0,2.3,75.0,37.5,General,8449.0,24%,893,0.1057,45:55:00,45.0,55.0,Undergraduate & Postgraduate,-1.0,1438.6,5,786.0,23.9251,8.58,,,24.3,13.5,68.9,24,0.0,41.97,5.6
U0510,The University of Alabama,2024,999.0,999.0,,United States,North America,Tuscaloosa,Public,9.7,19.0,,,0.0,12.8,100.0,50.0,General,34810.0,4%,1.694,0.0,57:43:00,57.0,43.0,Undergraduate & Postgraduate,-1.0,362.265306122449,98,2.0,56.84324489795918,31.06530612244898,265.6666666666667,23.5,26.0,21.2,64.4,4,0.0,56.17,9.7
U0511,Tokyo Metropolitan University,2024,581.0,18.0,,Japan,Asia,Tokyo,Public,12.6,5.4,84.3,772.0,304.0,14.3,100.0,88.56,"Accounting & Finance,Law,Computer Science,Psychology,Art, Performing Arts & Design,Civil Engineering,Mechanical & Aerospace Engineering,Geography,History, Philosophy & Theology,Chemical Engineering,Geology, Environmental, Earth & Marine Sciences,Politics & International Studies (incl Development Studies),Electrical & Electronic Engineering,Economics & Econometrics,Physics & Astronomy,Sociology,Languages, Literature & Linguistics,Architecture,Education,Mathematics & Statistics,Biological Sciences,Archaeology,Other Health,Chemistry,Communication & Media Studies,Sport Science,Business & Management",8903.0,7%,822,0.0923,39 : 61,39.0,61.0,Undergraduate & Postgraduate,-1.0,1011.972972972973,37,29.0,35.23782432432433,24.98108108108108,567.8518518518518,,29.8,16.2,39.2,7,41.77,62.58,12.6
U0512,University of Baghdad,2024,999.0,999.0,,Iraq,Asia,Baghdad,Public,9.5,11.4,,,0.0,1.5,75.0,37.5,General,77128.0,0%,6.696,0.0001,57:43:00,57.0,43.0,Undergraduate & Postgraduate,-1.0,1654.2,5,1346.0,19.2213,4.9,,,25.1,12.6,19.8,0,0.0,41.65,9.5
U0513,University of Calabria,2024,661.0,33.0,,Italy,Europe,Rende,Public,5.7,2.0,,669.0,460.0,25.7,100.0,83.42,General,12784.0,5%,954,0.0746,62:38:00,62.0,38.0,Undergraduate & Postgraduate,-1.0,458.72222222222223,18,181.0,47.393,24.450000000000003,335.6666666666667,,34.9,19.5,69.6,5,33.73,61.33,5.7
U0514,University of Ghana,2024,999.0,999.0,,Ghana,Africa,Legon,Public,10.5,9.4,,,0.0,5.1,75.0,37.5,General,59744.0,1%,"1,497",0.0251,49:51:00,49.0,51.0,Undergraduate & Postgraduate,-1.0,1114.0,2,1048.0,30.1295,8.2,,,14.9,21.3,42.1,1,0.0,43.09,10.5
U0515,University of Peshawar,2024,999.0,999.0,,Pakistan,Unknown,Peshawar,Unknown,6.0,9.0,,,0.0,17.4,,50.0,General,20494.0,0%,0,0.0,0.806944444,0.806944444,,Undergraduate & Postgraduate,-1.0,981.5,6,486.0,33.59258333333333,10.95,541.0,,19.4,12.2,61.0,0,0.0,58.01,6.0
U0516,University of the Western Cape,2024,999.0,999.0,,South Africa,Africa,Cape Town,Public,8.4,7.8,,,0.0,15.1,75.0,37.5,General,24605.0,6%,785,0.0319,61:39:00,61.0,39.0,Undergraduate & Postgraduate,-1.0,629.0,8,167.0,43.0708125,17.4875,559.4,,22.0,23.8,59.3,6,0.0,47.09,8.4
U0517,Yokohama National University,2024,818.0,36.0,,Japan,Asia,Yokohama City,Public,9.6,18.3,,1001.0,673.0,8.3,100.0,100.0,General,9649.0,8%,760,0.0788,28 : 72,28.0,72.0,Undergraduate & Postgraduate,-1.0,1011.972972972973,37,29.0,35.23782432432433,24.98108108108108,567.8518518518518,,26.0,22.5,19.1,8,17.97,54.37,9.6
U0518,University of Ioannina,2024,712.0,6.0,,Greece,Unknown,Unknown,Unknown,6.9,3.7,,741.0,541.0,24.6,,87.01,General,32155.0,5%,0,0.0,54:46:00,54.0,46.0,Undergraduate & Postgraduate,-1.0,882.625,8,521.0,35.509249999999994,15.3625,455.0,,14.0,12.4,55.9,5,28.61,60.89,6.9
U0519,Aligarh Muslim University,2024,999.0,999.0,,India,Asia,Aligarh,Public,9.7,2.5,,,0.0,10.2,100.0,50.0,General,20428.0,1%,"1,535",0.0751,40 : 60,40.0,60.0,Undergraduate & Postgraduate,-1.0,783.3125,16,218.0,38.128875,14.1375,777.0,,41.1,14.0,61.6,1,0.0,55.13,9.7
U0520,Amity University,2024,999.0,999.0,,India,Asia,Noida,Private,8.5,7.6,,,0.0,5.9,100.0,50.0,General,30989.0,7%,"2,236",0.0722,52:48:00,52.0,48.0,Undergraduate & Postgraduate,-1.0,783.3125,16,218.0,38.128875,14.1375,777.0,,23.6,14.0,62.3,7,0.0,53.41,8.5
U0521,Amrita Vishwa Vidyapeetham,2024,999.0,999.0,,India,Asia,Amritapuri,Private,4.8,4.1,,,0.0,5.2,75.0,37.5,General,22085.0,5%,"1,696",0.0768,50:50,,,Undergraduate & Postgraduate,-1.0,783.3125,16,218.0,38.128875,14.1375,777.0,,28.4,20.5,60.8,5,0.0,43.13,4.8
U0522,An-Najah National University,2024,999.0,999.0,,"Palestinian Territory, Occupied",Asia,Nablus,Public,6.4,16.5,,,0.0,2.2,50.0,25.0,General,24835.0,11%,"1,011",0.0407,66:34:00,66.0,34.0,Undergraduate & Postgraduate,-1.0,1038.0,1,1038.0,31.8155,6.4,,,13.3,9.8,65.4,11,0.0,31.93,6.4
U0523,"Arab Academy for Science, Technology and Maritime Transport",2024,999.0,999.0,,Egypt,Unknown,Unknown,Unknown,5.3,5.8,,,0.0,1.5,,50.0,General,37942.0,10%,0,0.0,32 : 68,32.0,68.0,Undergraduate & Postgraduate,-1.0,1062.7142857142858,7,818.0,31.52378571428571,13.071428571428571,719.5,,28.1,12.3,32.9,10,0.0,51.65,5.3
U0524,Baku State University,2024,999.0,999.0,,Azerbaijan,Asia,Baku,Public,9.6,3.2,,,0.0,1.4,75.0,37.5,General,23684.0,2%,"2,106",0.0889,66:34:00,66.0,34.0,Undergraduate & Postgraduate,-1.0,1790.0,1,1790.0,16.014,9.6,,,20.1,8.6,13.8,2,0.0,41.61,9.6
U0525,Banaras Hindu University,2024,774.0,10.0,,India,Asia,Varanasi,Public,12.1,6.5,,543.0,898.0,7.8,75.0,64.62,General,12620.0,3%,"5,525",0.4378,43:57:00,43.0,57.0,Undergraduate & Postgraduate,-1.0,783.3125,16,218.0,38.128875,14.1375,777.0,,47.2,16.4,66.4,3,22.39,44.17,12.1
U0526,Baylor University,2024,568.0,153.0,,United States,North America,Waco,Private,6.1,16.8,,787.0,363.0,8.3,100.0,89.31,General,20859.0,6%,"1,294",0.062,61:39:00,61.0,39.0,Undergraduate & Postgraduate,-1.0,362.265306122449,98,2.0,56.84324489795918,31.06530612244898,265.6666666666667,23.5,39.2,19.7,61.3,6,43.07,54.37,6.1
U0527,BRAC University,2024,999.0,999.0,,Bangladesh,Asia,Dhaka,Private,10.6,29.1,,,0.0,1.9,75.0,37.5,General,13027.0,1%,730,0.056,43:57:00,43.0,57.0,Undergraduate & Postgraduate,-1.0,1101.428571428571,7,855.0,30.61642857142857,11.542857142857144,,,14.8,12.3,71.1,1,0.0,41.81,10.6
U0528,Canterbury Christ Church University,2024,999.0,999.0,,United Kingdom,Europe,Bexleyheath,Public,5.7,2.1,,,0.0,4.1,75.0,37.5,General,11155.0,15%,674,0.0604,68:32:00,68.0,32.0,Undergraduate & Postgraduate,-1.0,455.4347826086956,69,1.0,50.81734057971014,25.96666666666667,388.05,48.5,20.7,13.8,44.6,15,0.0,42.69,5.7
U0529,Chung Yuan Christian University,2024,971.0,17.0,,Taiwan,Asia,Taoyuan City,Public,5.8,5.2,,924.0,898.0,15.1,75.0,83.65,General,15939.0,7%,727,0.0456,46:54:00,46.0,54.0,Undergraduate & Postgraduate,-1.0,1021.181818181818,22,154.0,33.41943181818181,20.48181818181818,734.8571428571429,,18.1,24.4,39.0,7,2.61,47.09,5.8
U0530,Chungbuk National University,2024,811.0,28.0,,South Korea,Asia,Cheongju,Public,5.4,2.8,,633.0,898.0,8.6,75.0,69.12,General,17075.0,5%,"1,324",0.0775,44:56:00,44.0,56.0,Undergraduate & Postgraduate,-1.0,667.5,18,62.0,43.17502777777778,24.98333333333333,605.0,,26.5,21.2,29.9,5,18.67,44.49,5.4
U0531,Doshisha University,2024,999.0,999.0,,Japan,Asia,Kyoto,Private,9.0,13.7,,,0.0,2.1,75.0,37.5,General,27624.0,4%,"1,441",0.0522,42:58:00,42.0,58.0,Undergraduate & Postgraduate,-1.0,1011.972972972973,37,29.0,35.23782432432433,24.98108108108108,567.8518518518518,,17.9,10.9,11.1,4,0.0,41.89,9.0
U0532,Escuela Politécnica Nacional,2024,999.0,999.0,,Ecuador,Latin America,Unknown,Public,6.3,17.6,,,0.0,3.3,75.0,37.5,General,7458.0,1%,476,0.0638,28 : 72,28.0,72.0,Undergraduate & Postgraduate,-1.0,1573.0,1,1573.0,21.4465,6.3,,,18.2,9.4,29.0,1,0.0,42.37,6.3
U0533,Ferdowsi University of Mashhad,2024,872.0,10.0,,"Iran, Islamic Republic of",Unknown,Unknown,Unknown,5.8,10.3,,627.0,898.0,25.8,,81.32,General,25009.0,11%,0,0.0,54:46:00,54.0,46.0,Undergraduate & Postgraduate,-1.0,553.5,6,325.0,44.60775,8.5,818.1666666666666,,28.6,26.8,48.2,11,12.55,61.37,5.8
U0534,Financial University under the Government of the Russian Federation,2024,999.0,999.0,,Russia,Europe,Moscow,Public,5.5,7.8,,,0.0,1.6,100.0,50.0,General,16580.0,9%,2.033,0.0001,51:49:00,51.0,49.0,Undergraduate & Postgraduate,-1.0,1185.0416666666667,24,95.0,29.87127083333333,13.9625,541.0,,26.7,18.0,50.3,9,0.0,51.69,5.5
U0535,German Jordanian University,2024,999.0,999.0,,Jordan,Asia,Unknown,Public,7.1,13.4,,,0.0,4.8,100.0,50.0,General,4255.0,11%,357,0.0839,38 : 62,38.0,62.0,Undergraduate & Postgraduate,-1.0,1287.6,5,1156.0,26.732,7.92,,,17.8,11.4,40.6,11,0.0,52.97,7.1
U0536,Glasgow Caledonian University,2024,999.0,999.0,,United Kingdom,Europe,London,Public,5.5,4.9,,,0.0,6.5,75.0,37.5,General,14840.0,18%,723,0.0487,58:42:00,58.0,42.0,Undergraduate & Postgraduate,-1.0,455.4347826086956,69,1.0,50.81734057971014,25.96666666666667,388.05,48.5,20.7,13.9,66.7,18,0.0,43.65,5.5
U0537,Harbin Engineering University,2024,851.0,84.0,,China (Mainland),Asia,Harbin,Public,4.6,2.0,,764.0,673.0,23.0,100.0,88.16,General,33528.0,2%,1.509,0.0,0.970833333,0.970833333,,Undergraduate & Postgraduate,-1.0,328.4,35,12.0,56.53822857142857,28.66857142857143,574.8823529411765,12.0,28.1,30.6,43.6,2,14.66,60.25,4.6
U0538,Howard University,2024,947.0,204.0,,United States,North America,Washington D.C.,Private,6.5,7.7,,1001.0,541.0,3.4,75.0,87.5,General,10199.0,5%,1.111,0.0001,71:29:00,71.0,29.0,Undergraduate & Postgraduate,-1.0,362.265306122449,98,2.0,56.84324489795918,31.06530612244898,265.6666666666667,23.5,48.0,18.8,41.6,5,5.02,42.41,6.5
U0539,Hungarian University of Agriculture and Life Sciences,2024,999.0,999.0,,Hungary,Unknown,Unknown,Unknown,5.6,4.0,,,0.0,2.9,,50.0,General,10252.0,16%,0,0.0,53:47:00,53.0,47.0,Undergraduate & Postgraduate,-1.0,1190.875,8,779.0,28.8165,12.025,629.25,,25.8,11.6,32.5,16,0.0,52.21,5.6
U0540,Jiangnan University,2024,680.0,57.0,,China (Mainland),Unknown,Unknown,Unknown,4.9,6.8,,476.0,898.0,20.5,,73.78,General,31018.0,1%,0,0.0,50:50,,,Undergraduate & Postgraduate,-1.0,328.4,35,12.0,56.53822857142857,28.66857142857143,574.8823529411765,12.0,24.7,22.4,60.2,1,31.83,59.25,4.9
U0541,Kagoshima University,2024,882.0,45.0,,Japan,Asia,Kagoshima City,Public,6.1,2.9,,757.0,1001.0,3.9,75.0,75.31,General,10257.0,3%,1.331,0.0001,38 : 62,38.0,62.0,Undergraduate & Postgraduate,-1.0,1011.972972972973,37,29.0,35.23782432432433,24.98108108108108,567.8518518518518,,25.7,13.5,24.0,3,11.55,42.61,6.1
U0542,Kazan National Research Technological University,2024,999.0,999.0,,Russia,Europe,Kazan,Public,5.0,3.6,,,0.0,1.4,75.0,37.5,General,13088.0,16%,1.184,0.0001,40 : 60,40.0,60.0,Undergraduate & Postgraduate,-1.0,1185.0416666666667,24,95.0,29.87127083333333,13.9625,541.0,,21.9,8.8,12.4,16,0.0,41.61,5.0
U0543,Kyoto Institute of Technology,2024,999.0,999.0,,Japan,Asia,Kyoto,Public,6.4,4.0,,,0.0,12.9,100.0,50.0,General,3943.0,6%,310,0.0786,29 : 71,29.0,71.0,Undergraduate & Postgraduate,-1.0,1011.972972972973,37,29.0,35.23782432432433,24.98108108108108,567.8518518518518,,27.2,17.1,15.2,6,0.0,56.21,6.4
U0544,Leeds Beckett University,2024,999.0,999.0,,United Kingdom,Europe,Leeds,Public,4.4,8.0,,,0.0,8.1,75.0,37.5,General,20360.0,15%,"1,015",0.0499,54:46:00,54.0,46.0,Undergraduate & Postgraduate,-1.0,455.4347826086956,69,1.0,50.81734057971014,25.96666666666667,388.05,48.5,17.7,16.2,65.0,15,0.0,44.29,4.4
U0545,Lodz University of Technology,2024,999.0,999.0,,Poland,Europe,Lodz,Public,5.4,3.7,,,0.0,8.3,100.0,50.0,General,11706.0,5%,1.207,0.0001,39 : 61,39.0,61.0,Undergraduate & Postgraduate,-1.0,1234.625,8,614.0,28.03875,13.5375,479.0,,21.2,15.7,34.4,5,0.0,54.37,5.4
U0546,Mansoura University,2024,884.0,3.0,,Egypt,Africa,Mansoura ,Public,12.9,8.1,,731.0,898.0,2.4,75.0,74.01,General,174302.0,4%,"7,556",0.0434,50:50:00,50.0,50.0,Undergraduate & Postgraduate,-1.0,1062.7142857142858,7,818.0,31.52378571428571,13.071428571428571,719.5,,19.5,12.4,68.1,4,11.35,42.01,12.9
U0547,Meiji University,2024,999.0,999.0,,Japan,Asia,Tokyo,Private,7.4,24.5,,,0.0,1.7,75.0,37.5,General,32810.0,5%,"1,693",0.0516,35 : 65,35.0,65.0,Undergraduate & Postgraduate,-1.0,1011.972972972973,37,29.0,35.23782432432433,24.98108108108108,567.8518518518518,,16.3,12.1,13.5,5,0.0,41.73,7.4
U0548,Mississippi State University,2024,638.0,163.0,,United States,North America,Starkville,Public,6.0,5.8,,622.0,673.0,18.4,100.0,81.07,General,21181.0,4%,"1,103",0.0521,53:47:00,53.0,47.0,Undergraduate & Postgraduate,-1.0,362.265306122449,98,2.0,56.84324489795918,31.06530612244898,265.6666666666667,23.5,27.3,20.0,58.8,4,36.04,58.41,6.0
U0549,Mustansiriyah University,2024,999.0,999.0,,Iraq,Asia,Baghdad,Public,3.7,5.3,,,0.0,1.3,50.0,25.0,General,30964.0,1%,"4,704",0.1519,52:48:00,52.0,48.0,Undergraduate & Postgraduate,-1.0,1654.2,5,1346.0,19.2213,4.9,,,25.3,8.4,16.0,1,0.0,31.57,3.7
U0550,Mutah University,2024,999.0,999.0,,Jordan,Asia,Mu'tah,Public,7.6,8.9,,,0.0,1.7,50.0,25.0,General,11348.0,18%,699,0.0616,44:56:00,44.0,56.0,Undergraduate & Postgraduate,-1.0,1287.6,5,1156.0,26.732,7.92,,,29.7,11.5,27.6,18,0.0,31.73,7.6
U0551,Nanjing Normal University,2024,745.0,71.0,,China (Mainland),Unknown,Nanjing,Unknown,5.1,1.7,,682.0,898.0,21.6,,84.07,General,32700.0,2%,0,0.0,69:31:00,69.0,31.0,Undergraduate & Postgraduate,-1.0,328.4,35,12.0,56.53822857142857,28.66857142857143,574.8823529411765,12.0,25.1,15.1,66.5,2,25.3,59.69,5.1
U0552,Novosibirsk State Technical University,2024,999.0,999.0,,Russia,Europe,Novosibirsk,Public,6.8,5.9,,,0.0,1.8,100.0,50.0,General,12615.0,17%,1.143,0.0001,40 : 60,40.0,60.0,Undergraduate & Postgraduate,-1.0,1185.0416666666667,24,95.0,29.87127083333333,13.9625,541.0,,20.2,12.4,12.8,17,0.0,51.77,6.8
U0553,Panjab University,2024,807.0,13.0,,India,Asia,Chandigarh,Public,6.7,5.9,84.7,774.0,673.0,21.0,100.0,88.66,"Chemistry,History, Philosophy & Theology,Accounting & Finance,Communication & Media Studies,Economics & Econometrics,Geography,Mechanical & Aerospace Engineering,Law,Psychology,Business & Management,Physics & Astronomy,Art, Performing Arts & Design,Geology, Environmental, Earth & Marine Sciences,Chemical Engineering,Computer Science,Sociology,Archaeology,Education,Mathematics & Statistics,Sport Science,Medicine & Dentistry,Politics & International Studies (incl Development Studies),General Engineering,Languages, Literature & Linguistics,Other Health,Electrical & Electronic Engineering,Biological Sciences",19695.0,1%,"1,048",0.0532,51:49:00,51.0,49.0,Undergraduate & Postgraduate,-1.0,783.3125,16,218.0,38.128875,14.1375,777.0,,32.6,16.2,67.9,1,19.08,65.34,6.7
U0554,Russian Presidential Academy of National Economy and Public Administration,2024,999.0,999.0,,Russia,Europe,Moscow,Public,5.2,6.8,,,0.0,1.1,100.0,50.0,General,18646.0,4%,4.984,0.0003,63:37:00,63.0,37.0,Undergraduate & Postgraduate,-1.0,1185.0416666666667,24,95.0,29.87127083333333,13.9625,541.0,,26.8,17.1,18.1,4,0.0,51.49,5.2
U0555,Saint-Petersburg Mining University,2024,999.0,999.0,,Russia,Europe,St. Petersburg,Public,3.7,3.1,,,0.0,2.2,100.0,50.0,General,8345.0,12%,"1,363",0.1633,41:59:00,41.0,59.0,Undergraduate & Postgraduate,-1.0,1185.0416666666667,24,95.0,29.87127083333333,13.9625,541.0,,29.7,16.9,69.3,12,0.0,51.93,3.7
U0556,San Diego State University,2024,486.0,135.0,,United States,North America,San Diego ,Public,5.2,3.0,61.1,648.0,405.0,17.1,100.0,82.37,"Computer Science,Art, Performing Arts & Design,Mathematics & Statistics,Other Health,Civil Engineering,Biological Sciences,Physics & Astronomy,Education,Electrical & Electronic Engineering,Geology, Environmental, Earth & Marine Sciences,Economics & Econometrics,History, Philosophy & Theology,Sociology,Mechanical & Aerospace Engineering,Languages, Literature & Linguistics,Psychology,General Engineering,Communication & Media Studies,Geography,Accounting & Finance,Business & Management,Politics & International Studies (incl Development Studies),Chemistry",32069.0,5%,"1,262",0.0394,58:42:00,58.0,42.0,Undergraduate & Postgraduate,-1.0,362.265306122449,98,2.0,56.84324489795918,31.06530612244898,265.6666666666667,23.5,21.5,11.9,71.1,5,51.31,59.06,5.2
U0557,Sheffield Hallam University,2024,999.0,999.0,,United Kingdom,Europe,Unknown,Public,6.5,12.1,,,0.0,4.9,75.0,37.5,General,26580.0,12%,"1,660",0.0625,55:45:00,55.0,45.0,Undergraduate & Postgraduate,-1.0,455.4347826086956,69,1.0,50.81734057971014,25.96666666666667,388.05,48.5,19.4,14.4,66.7,12,0.0,43.01,6.5
U0558,Silesian University of Technology,2024,999.0,999.0,,Poland,Europe,Gliwice,Public,6.5,3.6,,,0.0,6.2,100.0,50.0,General,17424.0,4%,1.632,0.0001,32 : 68,32.0,68.0,Undergraduate & Postgraduate,-1.0,1234.625,8,614.0,28.03875,13.5375,479.0,,21.8,15.6,39.4,4,0.0,53.53,6.5
U0559,Slovak University of Technology in Bratislava,2024,999.0,999.0,,Slovakia,Europe,Bratislava,Public,9.7,7.9,,,0.0,3.6,100.0,50.0,General,10678.0,7%,1.255,0.0001,31 : 69,31.0,69.0,Undergraduate & Postgraduate,-1.0,1314.0,3,1054.0,26.376166666666663,6.833333333333333,,,27.6,12.0,22.3,7,0.0,52.49,9.7
U0560,Soonchunhyang University,2024,999.0,35.0,,South Korea,Unknown,Unknown,Unknown,5.0,2.9,,881.0,898.0,7.3,,94.01,General,10329.0,6%,0,0.0,51:49:00,51.0,49.0,Undergraduate & Postgraduate,-1.0,667.5,18,62.0,43.17502777777778,24.98333333333333,605.0,,19.8,25.4,33.0,6,0.0,53.97,5.0
U0561,Széchenyi István University,2024,999.0,999.0,,Hungary,Europe,Győr,Private,8.1,24.7,,,0.0,1.6,50.0,25.0,General,9573.0,5%,688,0.0719,45:55:00,45.0,55.0,Undergraduate & Postgraduate,-1.0,1190.875,8,779.0,28.8165,12.025,629.25,,19.1,11.7,23.2,5,0.0,31.69,8.1
U0562,Taibah University,2024,999.0,999.0,,Saudi Arabia,Asia,Medina,Public,5.7,2.3,,,0.0,3.2,50.0,25.0,General,61471.0,2%,"2,497",0.0406,61:39:00,61.0,39.0,Undergraduate & Postgraduate,-1.0,721.5555555555555,9,424.0,39.266333333333336,13.544444444444444,898.0,,14.4,10.2,54.2,2,0.0,32.33,5.7
U0563,Technical University of Liberec,2024,999.0,999.0,,Czech Republic,Europe,Liberec,Public,4.3,3.2,,,0.0,4.3,100.0,50.0,General,5303.0,10%,543,0.1024,54:46:00,54.0,46.0,Undergraduate & Postgraduate,-1.0,1151.7272727272727,11,459.0,29.91190909090909,13.754545454545456,587.6666666666666,,21.0,18.9,18.2,10,0.0,52.77,4.3
U0564,Telkom University,2024,999.0,999.0,,Indonesia,Asia,Bandung,Private,7.4,9.4,,,0.0,1.4,75.0,37.5,General,18956.0,3%,"1,794",0.0946,42:58:00,42.0,58.0,Undergraduate & Postgraduate,-1.0,1580.0,11,1332.0,21.125681818181818,12.318181818181818,,,15.0,11.0,28.5,3,0.0,41.61,7.4
U0565,Tokai University,2024,850.0,40.0,,Japan,Asia,Hiratsuka City,Private,11.4,6.4,,792.0,898.0,3.0,75.0,77.06,General,28334.0,4%,"2,079",0.0734,27 : 73,27.0,73.0,Undergraduate & Postgraduate,-1.0,1011.972972972973,37,29.0,35.23782432432433,24.98108108108108,567.8518518518518,,18.3,12.0,36.5,4,14.76,42.25,11.4
U0566,Tokushima University,2024,797.0,33.0,,Japan,Asia,Tokushima City,Public,4.8,1.9,,736.0,1001.0,6.6,100.0,86.76,General,7482.0,2%,967,0.1292,35 : 65,35.0,65.0,Undergraduate & Postgraduate,-1.0,1011.972972972973,37,29.0,35.23782432432433,24.98108108108108,567.8518518518518,,29.2,24.0,24.4,2,20.08,53.69,4.8
U0567,Universidad del Valle,2024,999.0,999.0,,Colombia,Latin America,Cali,Public,18.2,15.0,,,0.0,2.0,50.0,25.0,General,33442.0,1%,1.825,0.0001,50:50:00,50.0,50.0,Undergraduate & Postgraduate,-1.0,1498.0,2,1236.0,22.158,11.55,,,23.2,8.7,12.2,1,0.0,31.85,18.2
U0568,Universitas Sebelas Maret,2024,999.0,999.0,,Indonesia,Asia,Surakarta,Public,10.7,11.5,,,0.0,1.5,75.0,37.5,General,27580.0,2%,"1,829",0.0663,64:36:00,64.0,36.0,Undergraduate & Postgraduate,-1.0,1580.0,11,1332.0,21.125681818181818,12.318181818181818,,,19.3,19.3,33.9,2,0.0,41.65,10.7
U0569,Université de Poitiers,2024,999.0,999.0,,France,Europe,Poitiers,Public,8.7,2.0,,,0.0,6.2,100.0,50.0,General,29280.0,11%,"1,308",0.0447,57:43:00,57.0,43.0,Undergraduate & Postgraduate,-1.0,373.0,9,58.0,54.703833333333336,38.41111111111111,207.0,,28.6,25.7,36.0,11,0.0,53.53,8.7
U0570,Universiti Malaysia Perlis,2024,999.0,999.0,,Malaysia,Asia,Kangar,Public,7.3,5.5,,,0.0,7.5,100.0,50.0,General,10836.0,3%,1.127,0.0001,47:53:00,47.0,53.0,Undergraduate & Postgraduate,-1.0,1151.625,8,685.0,29.5884375,10.025,,,21.6,12.5,46.0,3,0.0,54.05,7.3
U0571,Universiti Malaysia Sabah (UMS),2024,999.0,999.0,,Malaysia,Asia,Kota Kinabalu,Public,13.6,10.0,,,0.0,3.3,50.0,25.0,General,17316.0,4%,913,0.0527,66:34:00,66.0,34.0,Undergraduate & Postgraduate,-1.0,1151.625,8,685.0,29.5884375,10.025,,,17.8,14.3,25.0,4,0.0,32.37,13.6
U0572,Universiti Malaysia Sarawak (UNIMAS),2024,999.0,999.0,,Malaysia,Asia,Kuching,Public,12.6,8.7,,,0.0,3.0,50.0,25.0,General,12158.0,13%,894,0.0735,71:29:00,71.0,29.0,Undergraduate & Postgraduate,-1.0,1151.625,8,685.0,29.5884375,10.025,,,29.9,19.3,22.9,13,0.0,32.25,12.6
U0573,Universiti Malaysia Terengganu (UMT),2024,999.0,999.0,,Malaysia,Asia,Kuala Terengganu,Public,10.0,4.6,,,0.0,9.3,100.0,50.0,General,10143.0,5%,652,0.0643,69:31:00,69.0,31.0,Undergraduate & Postgraduate,-1.0,1151.625,8,685.0,29.5884375,10.025,,,19.1,18.7,47.6,5,0.0,54.77,10.0
U0574,University of Colombo,2024,999.0,999.0,,Sri Lanka,Asia,"Colombo,",Public,11.7,14.8,,,0.0,3.1,75.0,37.5,General,34058.0,0%,837,0.0246,60:40:00,60.0,40.0,Undergraduate & Postgraduate,-1.0,1012.0,1,1012.0,32.3225,11.7,,,25.4,10.6,60.2,0,0.0,42.29,11.7
U0575,University of Derby,2024,999.0,999.0,,United Kingdom,Europe,Derby,Public,4.8,3.2,,,0.0,4.7,75.0,37.5,General,16170.0,18%,"1,065",0.0659,60:40:00,60.0,40.0,Undergraduate & Postgraduate,-1.0,455.4347826086956,69,1.0,50.81734057971014,25.96666666666667,388.05,48.5,18.5,12.8,71.8,18,0.0,42.93,4.8
U0576,University of Deusto,2024,999.0,999.0,,Spain,Unknown,Unknown,Unknown,5.8,20.9,,,0.0,6.8,,50.0,General,9570.0,6%,0,0.0,57:43:00,57.0,43.0,Undergraduate & Postgraduate,-1.0,727.0,9,313.0,39.44405555555555,25.51111111111111,558.7142857142857,,22.5,23.2,54.3,6,0.0,53.77,5.8
U0577,University of Karachi,2024,999.0,999.0,,Pakistan,Asia,Karachi,Public,10.4,15.3,,,0.0,4.6,75.0,37.5,General,47337.0,0%,"1,063",0.0225,60:40:00,60.0,40.0,Undergraduate & Postgraduate,-1.0,981.5,6,486.0,33.59258333333333,10.95,541.0,,14.1,10.6,19.5,0,0.0,42.89,10.4
U0578,University of Nairobi,2024,999.0,999.0,,Kenya,Africa,Nairobi,Public,9.6,14.6,,,0.0,1.7,50.0,25.0,General,52678.0,2%,"2,492",0.0473,24 : 76,24.0,76.0,Undergraduate & Postgraduate,-1.0,1393.0,1,1393.0,24.871,9.6,,,12.0,10.6,45.9,2,0.0,31.73,9.6
U0579,University of North Carolina at Charlotte,2024,773.0,185.0,,United States,North America,Charlotte,Public,5.7,4.5,,855.0,541.0,14.1,100.0,92.71,General,26819.0,6%,"1,303",0.0486,49:51:00,49.0,51.0,Undergraduate & Postgraduate,-1.0,362.265306122449,98,2.0,56.84324489795918,31.06530612244898,265.6666666666667,23.5,23.2,22.1,74.4,6,22.49,56.69,5.7
U0580,University of Novi Sad,2024,999.0,999.0,,Serbia,Europe,Novi Sad,Public,8.8,3.6,,,0.0,3.4,75.0,37.5,General,47978.0,1%,"2,743",0.0572,57:43:00,57.0,43.0,Undergraduate & Postgraduate,-1.0,1193.6666666666667,3,964.0,28.84233333333333,10.2,327.0,,19.0,11.7,29.1,1,0.0,42.41,8.8
U0581,University of Pardubice,2024,999.0,999.0,,Czech Republic,Europe,Pardubice,Public,4.8,2.6,,,0.0,3.3,100.0,50.0,General,7375.0,10%,443,0.0601,56:44:00,56.0,44.0,Undergraduate & Postgraduate,-1.0,1151.7272727272727,11,459.0,29.91190909090909,13.754545454545456,587.6666666666666,,21.1,17.7,17.7,10,0.0,52.37,4.8
U0582,University of Primorska,2024,999.0,999.0,,Slovenia,Unknown,Koper,Unknown,3.1,2.3,,,0.0,5.1,,50.0,General,5805.0,18%,0,0.0,77:23:00,77.0,23.0,Undergraduate & Postgraduate,-1.0,1212.3333333333333,3,884.0,28.492166666666662,10.033333333333331,651.5,,16.4,14.9,26.5,18,0.0,53.09,3.1
U0583,University of Regina,2024,842.0,26.0,,Canada,Unknown,Unknown,Unknown,3.5,2.9,,1001.0,405.0,21.2,,100.0,General,14167.0,26%,0,0.0,49:51:00,49.0,51.0,Undergraduate & Postgraduate,-1.0,315.2173913043478,23,21.0,55.883456521739134,32.3,294.85714285714283,,17.8,19.5,62.9,26,15.56,59.53,3.5
U0584,University of the Free State,2024,999.0,999.0,,South Africa,Unknown,Bloemfontein,Unknown,5.6,6.6,,,0.0,7.9,,50.0,General,33247.0,2%,0,0.0,63:37:00,63.0,37.0,Undergraduate & Postgraduate,-1.0,629.0,8,167.0,43.0708125,17.4875,559.4,,22.4,18.7,56.4,2,0.0,54.21,5.6
U0585,University of Toledo,2024,765.0,183.0,,United States,Unknown,Unknown,Unknown,3.8,4.4,,791.0,898.0,21.4,,89.51,General,16199.0,9%,0,0.0,53:47:00,53.0,47.0,Undergraduate & Postgraduate,-1.0,362.265306122449,98,2.0,56.84324489795918,31.06530612244898,265.6666666666667,23.5,35.7,16.7,54.5,9,23.29,59.61,3.8
U0586,University of Wolverhampton,2024,999.0,999.0,,United Kingdom,Europe,Telford,Public,3.4,3.2,,,0.0,9.4,75.0,37.5,General,15115.0,28%,877,0.058,62:38:00,62.0,38.0,Undergraduate & Postgraduate,-1.0,455.4347826086956,69,1.0,50.81734057971014,25.96666666666667,388.05,48.5,19.1,14.7,64.7,28,0.0,44.81,3.4
U0587,University of Wyoming,2024,499.0,138.0,,United States,North America,Laramie,Public,3.0,1.4,36.7,715.0,363.0,23.4,100.0,85.71,"Computer Science,Sociology,Business & Management,Economics & Econometrics,Agriculture & Forestry,Psychology,Accounting & Finance,Biological Sciences,Communication & Media Studies,Medicine & Dentistry,Civil Engineering,Geology, Environmental, Earth & Marine Sciences,Art, Performing Arts & Design,Mechanical & Aerospace Engineering,Politics & International Studies (incl Development Studies),History, Philosophy & Theology,Electrical & Electronic Engineering,Geography,Education,Sport Science,Chemistry,Chemical Engineering,Physics & Astronomy,Other Health,Law,Languages, Literature & Linguistics,Mathematics & Statistics",10174.0,4%,904,0.0889,52:48:00,52.0,48.0,Undergraduate & Postgraduate,-1.0,362.265306122449,98,2.0,56.84324489795918,31.06530612244898,265.6666666666667,23.5,35.9,20.3,62.1,4,50.0,56.7,3.0
U0588,University of Žilina,2024,999.0,999.0,,Slovakia,Europe,Zilina,Public,5.7,1.0,,,0.0,6.2,100.0,50.0,General,7154.0,3%,750,0.1048,32 : 68,32.0,68.0,Undergraduate & Postgraduate,-1.0,1314.0,3,1054.0,26.376166666666663,6.833333333333333,,,27.7,18.0,48.2,3,0.0,53.53,5.7
U0589,VSB - Technical University of Ostrava,2024,999.0,999.0,,Czech Republic,Europe,Ostrava,Public,5.4,10.3,,,0.0,4.3,100.0,50.0,General,11390.0,13%,"1,123",0.0986,33 : 67,33.0,67.0,Undergraduate & Postgraduate,-1.0,1151.7272727272727,11,459.0,29.91190909090909,13.754545454545456,587.6666666666666,,26.8,19.7,27.8,13,0.0,52.77,5.4
U0590,Western Michigan University,2024,999.0,999.0,,United States,North America,Kalamazoo,Public,5.3,3.6,,,0.0,5.8,75.0,37.5,General,16486.0,8%,"1,144",0.0694,53:47:00,53.0,47.0,Undergraduate & Postgraduate,-1.0,362.265306122449,98,2.0,56.84324489795918,31.06530612244898,265.6666666666667,23.5,24.0,17.1,39.2,8,0.0,43.37,5.3
U0591,Yarmouk University,2024,999.0,999.0,,Jordan,Asia,Irbid,Public,11.9,14.5,,,0.0,2.5,50.0,25.0,General,31177.0,11%,"1,113",0.0357,57:43:00,57.0,43.0,Undergraduate & Postgraduate,-1.0,1287.6,5,1156.0,26.732,7.92,,,19.9,12.9,41.5,11,0.0,32.05,11.9
U0592,Yerevan State University,2024,999.0,999.0,,Armenia,Asia,Unknown,Public,7.0,3.0,,,0.0,1.4,75.0,37.5,General,13838.0,2%,"1,095",0.0791,53:47:00,53.0,47.0,Undergraduate & Postgraduate,-1.0,1591.0,1,1591.0,21.098,7.0,,,23.9,8.6,26.8,2,0.0,41.61,7.0
U0593,Lucian Blaga University of Sibiu,2024,999.0,999.0,,Romania,Europe,Sibiu,Public,3.7,2.5,,,0.0,1.8,50.0,25.0,General,13369.0,3%,795,0.0595,59:41:00,59.0,41.0,Undergraduate & Postgraduate,-1.0,1481.6666666666667,6,1139.0,23.05858333333333,6.883333333333333,673.0,,18.5,14.0,29.7,3,0.0,31.77,3.7
U0594,Al-Azhar University,2024,999.0,999.0,,Egypt,Africa,Cairo,Public,11.2,6.8,,,0.0,1.3,75.0,37.5,General,269733.0,9%,"18,933",0.0702,42:58:00,42.0,58.0,Undergraduate & Postgraduate,-1.0,1062.7142857142858,7,818.0,31.52378571428571,13.071428571428571,719.5,,19.2,10.9,69.2,9,0.0,41.57,11.2
U0595,Alexandru Ioan Cuza University,2024,999.0,999.0,,Romania,Europe,Iași,Public,8.0,8.0,,,0.0,2.9,100.0,50.0,General,25443.0,8%,"1,077",0.0423,56:44:00,56.0,44.0,Undergraduate & Postgraduate,-1.0,1481.6666666666667,6,1139.0,23.05858333333333,6.883333333333333,673.0,,16.5,12.1,31.6,8,0.0,52.21,8.0
U0596,Anadolu University,2024,999.0,999.0,,Turkey,Asia,Eskisehir,Public,4.0,4.0,,,0.0,2.9,100.0,50.0,General,21491.0,8%,"1,509",0.0702,53:47:00,53.0,47.0,Undergraduate & Postgraduate,-1.0,965.9,10,382.0,34.57495,16.61,499.5,,22.3,11.8,41.2,8,0.0,52.21,4.0
U0597,Aoyama Gakuin University,2024,999.0,999.0,,Japan,Asia,Tokyo,Private,6.9,12.3,,,0.0,2.0,75.0,37.5,General,19692.0,3%,949,0.0482,49:51:00,49.0,51.0,Undergraduate & Postgraduate,-1.0,1011.972972972973,37,29.0,35.23782432432433,24.98108108108108,567.8518518518518,,20.0,8.9,10.4,3,0.0,41.85,6.9
U0598,Benemérita Universidad Autónoma de Puebla,2024,999.0,999.0,,Mexico,Latin America,Puebla,Public,15.3,6.5,,,0.0,2.0,50.0,25.0,General,79695.0,1%,"2,414",0.0303,52:48:00,52.0,48.0,Undergraduate & Postgraduate,-1.0,1769.3333333333333,3,1741.0,16.540166666666664,14.8,,,15.6,9.5,17.1,1,0.0,31.85,15.3
U0599,Central Michigan University,2024,999.0,999.0,,United States,Unknown,Unknown,Unknown,3.6,4.2,,,0.0,8.1,,50.0,General,13780.0,3%,0,0.0,60:40:00,60.0,40.0,Undergraduate & Postgraduate,-1.0,362.265306122449,98,2.0,56.84324489795918,31.06530612244898,265.6666666666667,23.5,28.8,15.3,46.8,3,0.0,54.29,3.6
U0600,Chaoyang University of Technology,2024,999.0,999.0,,Taiwan,Unknown,Unknown,Unknown,5.6,6.7,,,0.0,3.5,,50.0,General,14432.0,5%,0,0.0,55:45:00,55.0,45.0,Undergraduate & Postgraduate,-1.0,1021.181818181818,22,154.0,33.41943181818181,20.48181818181818,734.8571428571429,,14.1,18.2,28.2,5,0.0,52.45,5.6
U0601,Feng Chia University,2024,999.0,999.0,,Taiwan,Asia,Taichung City,Private,10.0,7.5,,,0.0,6.0,100.0,50.0,General,19770.0,7%,855,0.0432,40 : 60,40.0,60.0,Undergraduate & Postgraduate,-1.0,1021.181818181818,22,154.0,33.41943181818181,20.48181818181818,734.8571428571429,,18.4,18.9,25.5,7,0.0,53.45,10.0
U0602,Fu Jen Catholic University,2024,999.0,999.0,,Taiwan,Asia,New Taipei City,Private,7.3,7.5,,,0.0,6.8,50.0,25.0,General,16382.0,6%,791,0.0483,59:41:00,59.0,41.0,Undergraduate & Postgraduate,-1.0,1021.181818181818,22,154.0,33.41943181818181,20.48181818181818,734.8571428571429,,24.0,29.2,26.3,6,0.0,33.77,7.3
U0603,German University in Cairo,2024,999.0,999.0,,Egypt,Africa,Cairo,Private,7.9,11.4,,,0.0,2.1,50.0,25.0,General,12332.0,2%,743,0.0602,43:57:00,43.0,57.0,Undergraduate & Postgraduate,-1.0,1062.7142857142858,7,818.0,31.52378571428571,13.071428571428571,719.5,,18.6,8.7,34.0,2,0.0,31.89,7.9
U0604,Hanoi University of Science and Technology,2024,999.0,999.0,,Vietnam,Asia,Hanoi,Public,6.1,8.7,,,0.0,4.3,100.0,50.0,General,37891.0,0%,"1,119",0.0295,0.888888889,0.888888889,,Undergraduate & Postgraduate,-1.0,966.0,3,629.0,33.961,7.0,,,15.7,15.7,27.4,0,0.0,52.77,6.1
U0605,Ivan Franko National University of Lviv,2024,999.0,999.0,,Ukraine,Europe,Lviv,Public,4.3,10.1,,,0.0,1.3,75.0,37.5,General,19799.0,2%,"1,774",0.0896,63:37:00,63.0,37.0,Undergraduate & Postgraduate,-1.0,1438.6,5,786.0,23.9251,8.58,,,24.5,10.5,10.0,2,0.0,41.57,4.3
U0606,Jahangirnagar University,2024,999.0,999.0,,Bangladesh,Unknown,Unknown,Unknown,8.5,13.7,,,0.0,,,50.0,General,12649.0,0%,0,0.0,49:51:00,49.0,51.0,Undergraduate & Postgraduate,-1.0,1101.428571428571,7,855.0,30.61642857142857,11.542857142857144,,,24.1,8.9,71.9,0,0.0,58.17,8.5
U0607,King Mongkut's University of Technology North Bangkok,2024,999.0,999.0,,Thailand,Unknown,Bangkok,Unknown,8.1,5.8,,,0.0,3.0,,50.0,General,28122.0,0%,0,0.0,42:58:00,42.0,58.0,Undergraduate & Postgraduate,-1.0,1271.3,10,612.0,27.2866,24.82,732.25,,16.2,12.7,50.9,0,0.0,52.25,8.1
U0608,Kwansei Gakuin University,2024,999.0,999.0,,Japan,Unknown,Unknown,Unknown,4.2,6.4,,,0.0,2.5,,50.0,General,25232.0,4%,0,0.0,49:51:00,49.0,51.0,Undergraduate & Postgraduate,-1.0,1011.972972972973,37,29.0,35.23782432432433,24.98108108108108,567.8518518518518,,15.7,9.5,15.4,4,0.0,52.05,4.2
U0609,Marmara University,2024,999.0,999.0,,Turkey,Asia,Istanbul,Public,6.8,8.3,,,0.0,2.3,100.0,50.0,General,62991.0,5%,"3,317",0.0527,51:49:00,51.0,49.0,Undergraduate & Postgraduate,-1.0,965.9,10,382.0,34.57495,16.61,499.5,,17.0,11.7,31.9,5,0.0,51.97,6.8
U0610,Marquette University,2024,999.0,999.0,,United States,North America,Milwaukee,Private,3.4,3.8,,,0.0,9.3,100.0,50.0,General,10317.0,3%,913,0.0885,58:42:00,58.0,42.0,Undergraduate & Postgraduate,-1.0,362.265306122449,98,2.0,56.84324489795918,31.06530612244898,265.6666666666667,23.5,36.9,18.2,54.0,3,0.0,54.77,3.4
U0611,Mendeleev University of Chemical Technology,2024,999.0,999.0,,Russia,Europe,Moscow,Public,4.9,3.9,,,0.0,2.7,100.0,50.0,General,7338.0,6%,683,0.0931,56:44:00,56.0,44.0,Undergraduate & Postgraduate,-1.0,1185.0416666666667,24,95.0,29.87127083333333,13.9625,541.0,,19.6,14.1,14.3,6,0.0,52.13,4.9
U0612,Naresuan University,2024,999.0,999.0,,Thailand,Unknown,Unknown,Unknown,6.5,3.3,,,0.0,2.0,,50.0,General,27234.0,1%,0,0.0,68:32:00,68.0,32.0,Undergraduate & Postgraduate,-1.0,1271.3,10,612.0,27.2866,24.82,732.25,,15.8,10.5,14.8,1,0.0,51.85,6.5
U0613,National Dong Hwa University,2024,999.0,999.0,,Taiwan,Asia,Hualien City,Public,6.3,2.3,,,0.0,6.4,100.0,50.0,General,9970.0,9%,563,0.0565,52:48:00,52.0,48.0,Undergraduate & Postgraduate,-1.0,1021.181818181818,22,154.0,33.41943181818181,20.48181818181818,734.8571428571429,,19.1,23.8,26.3,9,0.0,53.61,6.3
U0614,National Taipei University,2024,999.0,999.0,,Taiwan,Asia,New Taipei,Public,7.5,4.5,,,0.0,3.2,75.0,37.5,General,8386.0,6%,462,0.0551,55:45:00,55.0,45.0,Undergraduate & Postgraduate,-1.0,1021.181818181818,22,154.0,33.41943181818181,20.48181818181818,734.8571428571429,,20.6,15.1,22.4,6,0.0,42.33,7.5
U0615,National Taiwan Ocean University,2024,967.0,16.0,,Taiwan,Asia,Keelung City,Public,5.7,3.2,31.0,930.0,898.0,10.1,100.0,96.45,"Civil Engineering,Mathematics & Statistics,Languages, Literature & Linguistics,Electrical & Electronic Engineering,Chemistry,Biological Sciences,Business & Management,History, Philosophy & Theology,General Engineering,Communication & Media Studies,Chemical Engineering,Geology, Environmental, Earth & Marine Sciences,Computer Science,Physics & Astronomy,Archaeology,Other Health,Mechanical & Aerospace Engineering,Geography,Economics & Econometrics,Law,Accounting & Finance,Agriculture & Forestry,Sociology,Art, Performing Arts & Design,Sport Science,Education,Politics & International Studies (incl Development Studies)",8244.0,8%,560,0.0679,32 : 68,32.0,68.0,Undergraduate & Postgraduate,-1.0,1021.181818181818,22,154.0,33.41943181818181,20.48181818181818,734.8571428571429,,19.7,25.0,30.2,8,3.01,50.24,5.7
U0616,National University of Life and Environmental Sciences of Ukraine,2024,999.0,999.0,,Ukraine,Unknown,Unknown,Unknown,5.7,4.4,,,0.0,1.4,,50.0,General,17628.0,1%,0,0.0,45:55:00,45.0,55.0,Undergraduate & Postgraduate,-1.0,1438.6,5,786.0,23.9251,8.58,,,20.3,8.9,30.1,1,0.0,51.61,5.7
U0617,Nova Southeastern University,2024,999.0,999.0,,United States,Unknown,Unknown,Unknown,2.9,3.3,,,0.0,3.1,,50.0,General,17973.0,4%,0,0.0,71:29:00,71.0,29.0,Undergraduate & Postgraduate,-1.0,362.265306122449,98,2.0,56.84324489795918,31.06530612244898,265.6666666666667,23.5,39.1,12.2,50.1,4,0.0,52.29,2.9
U0618,Óbuda University,2024,999.0,999.0,,Hungary,Unknown,Unknown,Unknown,4.5,3.9,,,0.0,6.6,,50.0,General,10997.0,7%,0,0.0,0.970833333,0.970833333,,Undergraduate & Postgraduate,-1.0,1190.875,8,779.0,28.8165,12.025,629.25,,14.4,16.4,55.7,7,0.0,53.69,4.5
U0619,Pondicherry University,2024,999.0,999.0,,India,Asia,Puducherry,Public,4.0,1.9,,,0.0,12.2,100.0,50.0,General,8187.0,1%,322,0.0393,46:54:00,46.0,54.0,Undergraduate & Postgraduate,-1.0,783.3125,16,218.0,38.128875,14.1375,777.0,,33.5,18.4,38.3,1,0.0,55.93,4.0
U0620,Portland State University,2024,815.0,187.0,,United States,North America,Portland,Public,4.3,2.1,,934.0,673.0,10.5,100.0,96.65,General,18763.0,5%,"1,091",0.0581,58:42:00,58.0,42.0,Undergraduate & Postgraduate,-1.0,362.265306122449,98,2.0,56.84324489795918,31.06530612244898,265.6666666666667,23.5,22.1,23.2,55.7,5,18.27,55.25,4.3
U0621,Rikkyo University,2024,999.0,999.0,,Japan,Asia,Tokyo,Private,4.1,12.0,,,0.0,2.6,75.0,37.5,General,19783.0,4%,"1,236",0.0625,50:50,,,Undergraduate & Postgraduate,-1.0,1011.972972972973,37,29.0,35.23782432432433,24.98108108108108,567.8518518518518,,18.6,9.3,34.0,4,0.0,42.09,4.1
U0622,Saitama University,2024,999.0,999.0,,Japan,Asia,Saitama City,Public,4.5,1.8,,,0.0,9.2,100.0,50.0,General,8321.0,6%,620,0.0745,32 : 68,32.0,68.0,Undergraduate & Postgraduate,-1.0,1011.972972972973,37,29.0,35.23782432432433,24.98108108108108,567.8518518518518,,22.9,15.5,19.4,6,0.0,54.73,4.5
U0623,Shibaura Institute of Technology,2024,999.0,999.0,,Japan,Asia,Koto City,Private,3.7,2.3,,,0.0,4.8,100.0,50.0,General,9001.0,5%,308,0.0342,0.806944444,0.806944444,,Undergraduate & Postgraduate,-1.0,1011.972972972973,37,29.0,35.23782432432433,24.98108108108108,567.8518518518518,,20.8,20.1,22.3,5,0.0,52.97,3.7
U0624,Silpakorn University,2024,999.0,999.0,,Thailand,Unknown,Bangkok,Unknown,6.2,6.7,,,0.0,2.7,,50.0,General,22163.0,2%,0,0.0,69:31:00,69.0,31.0,Undergraduate & Postgraduate,-1.0,1271.3,10,612.0,27.2866,24.82,732.25,,19.3,13.6,20.7,2,0.0,52.13,6.2
U0625,Soongsil University,2024,999.0,999.0,,South Korea,Unknown,Seoul,Unknown,5.0,6.5,,,0.0,4.3,,50.0,General,15808.0,12%,0,0.0,48:52:00,48.0,52.0,Undergraduate & Postgraduate,-1.0,667.5,18,62.0,43.17502777777778,24.98333333333333,605.0,,26.7,15.0,25.1,12,0.0,52.77,5.0
U0626,Suez Canal University,2024,999.0,999.0,,Egypt,Africa,Suez,Public,3.9,2.6,,,0.0,2.2,50.0,25.0,General,45981.0,1%,"3,365",0.0732,52:48:00,52.0,48.0,Undergraduate & Postgraduate,-1.0,1062.7142857142858,7,818.0,31.52378571428571,13.071428571428571,719.5,,19.7,8.8,57.6,1,0.0,31.93,3.9
U0627,Tamkang University,2024,999.0,999.0,,Taiwan,Asia,New Taipei City,Private,5.7,5.5,,,0.0,5.6,100.0,50.0,General,23600.0,7%,888,0.0376,47:53:00,47.0,53.0,Undergraduate & Postgraduate,-1.0,1021.181818181818,22,154.0,33.41943181818181,20.48181818181818,734.8571428571429,,15.3,12.7,34.1,7,0.0,53.29,5.7
U0628,Technical University of Cluj-Napoca,2024,999.0,999.0,,Romania,Europe,Cluj-Napoca,Public,5.0,4.8,,,0.0,3.7,100.0,50.0,General,19065.0,2%,"1,032",0.0541,37 : 63,37.0,63.0,Undergraduate & Postgraduate,-1.0,1481.6666666666667,6,1139.0,23.05858333333333,6.883333333333333,673.0,,17.0,13.2,39.3,2,0.0,52.53,5.0
U0629,The Hashemite University,2024,999.0,999.0,,Jordan,Asia,Zarqa,Public,8.0,13.0,,,0.0,3.4,50.0,25.0,General,17665.0,7%,834,0.0472,63:37:00,63.0,37.0,Undergraduate & Postgraduate,-1.0,1287.6,5,1156.0,26.732,7.92,,,13.2,14.2,40.6,7,0.0,32.41,8.0
U0630,Tunghai University,2024,999.0,999.0,,Taiwan,Asia,Taichung City,Private,6.2,6.1,,,0.0,4.5,75.0,37.5,General,15201.0,10%,748,0.0492,55:45:00,55.0,45.0,Undergraduate & Postgraduate,-1.0,1021.181818181818,22,154.0,33.41943181818181,20.48181818181818,734.8571428571429,,16.5,14.4,37.8,10,0.0,42.85,6.2
U0631,Universidad de Cartagena,2024,999.0,999.0,,Colombia,Unknown,Unknown,Unknown,4.9,5.4,,,0.0,4.3,,50.0,General,21749.0,1%,0,0.0,59:41:00,59.0,41.0,Undergraduate & Postgraduate,-1.0,1498.0,2,1236.0,22.158,11.55,,,13.8,9.1,56.8,1,0.0,52.77,4.9
U0632,Universidad Nacional del Litoral,2024,999.0,999.0,,Argentina,Latin America,Santa Fe,Public,11.7,5.8,,,0.0,2.7,75.0,37.5,General,50145.0,0%,"1,382",0.0276,63:37:00,63.0,37.0,Undergraduate & Postgraduate,-1.0,1848.0,1,1848.0,14.489999999999998,11.7,,,12.0,9.4,16.9,0,0.0,42.13,11.7
U0633,Universidade do Estado do Rio de Janeiro (UERJ),2024,999.0,999.0,,Brazil,Latin America,Rio de Janeiro,Public,9.4,4.0,,,0.0,2.6,75.0,37.5,General,22879.0,0%,"2,558",0.1118,56:44:00,56.0,44.0,Undergraduate & Postgraduate,-1.0,1481.8,5,1338.0,22.9358,6.8,,,31.8,13.5,24.6,0,0.0,42.09,9.4
U0634,Universidade Federal da Bahia,2024,999.0,999.0,,Brazil,Latin America,Salvador,Public,9.1,2.4,,,0.0,3.1,75.0,37.5,General,51291.0,0%,"2,629",0.0513,41:59:00,41.0,59.0,Undergraduate & Postgraduate,-1.0,1481.8,5,1338.0,22.9358,6.8,,,27.5,12.3,30.5,0,0.0,42.29,9.1
U0635,Universidade Federal do Ceará (UFC),2024,999.0,999.0,,Brazil,Latin America,Fortaleza,Public,7.3,3.1,,,0.0,5.8,75.0,37.5,General,40899.0,1%,"2,098",0.0513,44:56:00,44.0,56.0,Undergraduate & Postgraduate,-1.0,1481.8,5,1338.0,22.9358,6.8,,,24.2,16.6,24.6,1,0.0,43.37,7.3
U0636,Universitas Pendidikan Indonesia,2024,999.0,999.0,,Indonesia,Unknown,Unknown,Unknown,9.6,3.1,,,0.0,1.4,,50.0,General,32713.0,1%,0,0.0,61:39:00,61.0,39.0,Undergraduate & Postgraduate,-1.0,1580.0,11,1332.0,21.125681818181818,12.318181818181818,,,19.8,12.1,33.0,1,0.0,51.61,9.6
U0637,Universitas Sumatera Utara,2024,999.0,999.0,,Indonesia,Asia,Medan,Public,7.6,6.2,,,0.0,1.3,50.0,25.0,General,35761.0,2%,"2,720",0.0761,54:46:00,54.0,46.0,Undergraduate & Postgraduate,-1.0,1580.0,11,1332.0,21.125681818181818,12.318181818181818,,,16.5,10.5,26.6,2,0.0,31.57,7.6
U0638,Universiti Teknikal Malaysia Melaka,2024,999.0,999.0,,Malaysia,Unknown,Malacca,Unknown,6.0,6.2,,,0.0,5.4,,50.0,General,11730.0,6%,0,0.0,38 : 62,38.0,62.0,Undergraduate & Postgraduate,-1.0,1151.625,8,685.0,29.5884375,10.025,,,20.1,11.4,32.6,6,0.0,53.21,6.0
U0639,University of Babylon,2024,999.0,999.0,,Iraq,Asia,Hillah,Public,3.6,6.3,,,0.0,1.9,50.0,25.0,General,30973.0,0%,"2,079",0.0671,59:41:00,59.0,41.0,Undergraduate & Postgraduate,-1.0,1654.2,5,1346.0,19.2213,4.9,,,21.4,8.2,47.3,0,0.0,31.81,3.6
U0640,University of Basrah,2024,999.0,999.0,,Iraq,Asia,Basrah,Public,4.4,6.0,,,0.0,1.4,50.0,25.0,General,42848.0,0%,"2,919",0.0681,55:45:00,55.0,45.0,Undergraduate & Postgraduate,-1.0,1654.2,5,1346.0,19.2213,4.9,,,23.4,7.8,14.6,0,0.0,31.61,4.4
U0641,University of Iceland,2024,476.0,1.0,,Iceland,Unknown,Unknown,Unknown,7.8,5.5,62.4,770.0,327.0,,,88.46,"Medicine & Dentistry,Electrical & Electronic Engineering,Politics & International Studies (incl Development Studies),Computer Science,Psychology,Other Health,Sport Science,Geology, Environmental, Earth & Marine Sciences,Biological Sciences,Business & Management,Mechanical & Aerospace Engineering,Sociology,History, Philosophy & Theology,Chemical Engineering,Physics & Astronomy,Archaeology,Accounting & Finance,General Engineering,Geography,Languages, Literature & Linguistics,Education,Chemistry,Civil Engineering,Mathematics & Statistics,Economics & Econometrics,Law,Communication & Media Studies",9899.0,12%,0,0.0,68:32:00,68.0,32.0,Undergraduate & Postgraduate,-1.0,506.0,1,506.0,45.152,7.8,327.0,,23.4,34.0,70.6,12,52.31,59.6,7.8
U0642,University of Kufa,2024,999.0,999.0,,Iraq,Asia,Kufa,Public,3.3,8.5,,,0.0,1.4,50.0,25.0,General,28175.0,0%,"2,356",0.0836,65:35:00,65.0,35.0,Undergraduate & Postgraduate,-1.0,1654.2,5,1346.0,19.2213,4.9,,,20.0,8.7,18.0,0,0.0,31.61,3.3
U0643,University of Memphis,2024,962.0,205.0,,United States,Unknown,Unknown,Unknown,3.1,5.1,,918.0,1001.0,8.9,,95.85,General,16549.0,5%,0,0.0,62:38:00,62.0,38.0,Undergraduate & Postgraduate,-1.0,362.265306122449,98,2.0,56.84324489795918,31.06530612244898,265.6666666666667,23.5,27.5,19.0,55.0,5,3.51,54.61,3.1
U0644,University of Ostrava,2024,999.0,999.0,,Czech Republic,Europe,Ostrava,Public,6.0,1.0,,,0.0,4.1,100.0,50.0,General,8526.0,9%,564,0.0662,71:29:00,71.0,29.0,Undergraduate & Postgraduate,-1.0,1151.7272727272727,11,459.0,29.91190909090909,13.754545454545456,587.6666666666666,,19.5,16.3,23.2,9,0.0,52.69,6.0
U0645,University of Pannonia,2024,999.0,999.0,,Hungary,Unknown,Unknown,Unknown,4.5,3.5,,,0.0,8.3,,50.0,General,5241.0,7%,0,0.0,48:52:00,48.0,52.0,Undergraduate & Postgraduate,-1.0,1190.875,8,779.0,28.8165,12.025,629.25,,22.2,15.6,21.5,7,0.0,54.37,4.5
U0646,University of Rijeka,2024,999.0,999.0,,Croatia,Europe,Unknown,Public,5.9,2.7,,,0.0,4.3,75.0,37.5,General,13163.0,3%,923,0.0701,58:42:00,58.0,42.0,Undergraduate & Postgraduate,-1.0,1281.6666666666667,3,1096.0,26.878666666666664,9.333333333333334,432.5,,18.7,16.7,29.9,3,0.0,42.77,5.9
U0647,University of Silesia in Katowice,2024,899.0,9.0,,Poland,Europe,Katowice,Public,5.3,4.3,,806.0,673.0,3.3,100.0,90.26,General,19222.0,4%,"1,858",0.0967,67:33:00,67.0,33.0,Undergraduate & Postgraduate,-1.0,1234.625,8,614.0,28.03875,13.5375,479.0,,23.2,13.5,23.4,4,9.84,52.37,5.3
U0648,University of Split,2024,772.0,2.0,,Croatia,Europe,Split,Public,5.9,2.5,,997.0,405.0,3.9,75.0,87.3,General,19354.0,2%,"1,005",0.0519,58:42:00,58.0,42.0,Undergraduate & Postgraduate,-1.0,1281.6666666666667,3,1096.0,26.878666666666664,9.333333333333334,432.5,,17.9,13.9,49.1,2,22.59,42.61,5.9
U0649,University of Warmia and Mazury in Olsztyn,2024,999.0,999.0,,Poland,Unknown,Olsztyn,Unknown,6.0,10.8,,,0.0,3.5,,50.0,General,16899.0,3%,0,0.0,60:40:00,60.0,40.0,Undergraduate & Postgraduate,-1.0,1234.625,8,614.0,28.03875,13.5375,479.0,,16.9,13.5,35.3,3,0.0,52.45,6.0
U0650,Voronezh State University,2024,999.0,999.0,,Russia,Europe,Voronezh ,Public,5.9,2.3,,,0.0,1.3,75.0,37.5,General,16386.0,15%,"1,331",0.0812,52:48:00,52.0,48.0,Undergraduate & Postgraduate,-1.0,1185.0416666666667,24,95.0,29.87127083333333,13.9625,541.0,,22.7,10.7,7.7,15,0.0,41.57,5.9
U0651,Yogyakarta State University,2024,999.0,999.0,,Indonesia,Unknown,Unknown,Unknown,9.6,2.8,,,0.0,1.4,,50.0,General,24073.0,1%,0,0.0,61:39:00,61.0,39.0,Undergraduate & Postgraduate,-1.0,1580.0,11,1332.0,21.125681818181818,12.318181818181818,,,16.9,10.5,28.8,1,0.0,51.61,9.6
U0652,Yuan Ze University,2024,999.0,999.0,,Taiwan,Asia,Unknown,Private,5.4,5.4,58.3,,0.0,10.6,100.0,50.0,"Business & Management,Sociology,Electrical & Electronic Engineering,Languages, Literature & Linguistics,Other Health,Chemical Engineering,Computer Science,Accounting & Finance,General Engineering,Mechanical & Aerospace Engineering,Biological Sciences,Art, Performing Arts & Design",6852.0,8%,406,0.0593,44:56:00,44.0,56.0,Undergraduate & Postgraduate,-1.0,1021.181818181818,22,154.0,33.41943181818181,20.48181818181818,734.8571428571429,,18.5,24.1,32.1,8,0.0,55.9,5.4
U0653,Zagazig University,2024,999.0,999.0,,Egypt,Africa,Zagazig,Public,6.6,3.8,,,0.0,2.4,75.0,37.5,General,166653.0,2%,"5,871",0.0352,52:48:00,52.0,48.0,Undergraduate & Postgraduate,-1.0,1062.7142857142858,7,818.0,31.52378571428571,13.071428571428571,719.5,,14.2,9.2,71.4,2,0.0,42.01,6.6
U0654,Al-Balqa Applied University,2024,999.0,999.0,,Jordan,Asia,As-Salt,Public,5.0,6.7,,,0.0,2.4,50.0,25.0,General,27973.0,2%,"1,380",0.0493,59:41:00,59.0,41.0,Undergraduate & Postgraduate,-1.0,1287.6,5,1156.0,26.732,7.92,,,12.0,13.6,59.2,2,0.0,32.01,5.0
U0655,Cukurova University,2024,999.0,999.0,,Turkey,Asia,Adana,Public,4.4,2.8,,,0.0,2.5,50.0,25.0,General,35424.0,4%,"1,562",0.0441,45:55:00,45.0,55.0,Undergraduate & Postgraduate,-1.0,965.9,10,382.0,34.57495,16.61,499.5,,23.8,23.4,26.2,4,0.0,32.05,4.4
U0656,Georgian Technical University,2024,999.0,999.0,,Georgia,Unknown,Tbilisi,Unknown,6.3,4.2,,,0.0,,,50.0,General,19873.0,2%,0,0.0,0.110416667,0.110416667,,Undergraduate & Postgraduate,-1.0,1602.5,2,1515.0,20.7345,8.0,,,32.4,9.3,22.2,2,0.0,58.17,6.3
U0657,Irkutsk State University,2024,999.0,999.0,,Russia,Europe,Irkutsk,Public,3.6,1.6,,,0.0,1.4,75.0,37.5,General,13496.0,4%,"1,072",0.0794,68:32:00,68.0,32.0,Undergraduate & Postgraduate,-1.0,1185.0416666666667,24,95.0,29.87127083333333,13.9625,541.0,,18.6,11.5,9.1,4,0.0,41.61,3.6
U0658,Khulna University,2024,999.0,999.0,,Bangladesh,Unknown,Khulna,Unknown,5.9,5.3,,,0.0,,,50.0,General,6997.0,0%,0,0.0,43:57:00,43.0,57.0,Undergraduate & Postgraduate,-1.0,1101.428571428571,7,855.0,30.61642857142857,11.542857142857144,,,17.0,9.5,46.9,0,0.0,58.17,5.9
U0659,Kwame Nkrumah University of Science and Technology,2024,999.0,999.0,,Ghana,Unknown,Kumasi,Unknown,5.9,7.6,,,0.0,,,50.0,General,71529.0,1%,0,0.0,38 : 62,38.0,62.0,Undergraduate & Postgraduate,-1.0,1114.0,2,1048.0,30.1295,8.2,,,16.2,20.7,50.8,1,0.0,58.17,5.9
U0660,MIREA - Russian Technological University,2024,999.0,999.0,,Russia,Europe,Moscow,Public,5.2,4.9,,,0.0,1.4,100.0,50.0,General,26765.0,5%,"1,573",0.0588,26 : 74,26.0,74.0,Undergraduate & Postgraduate,-1.0,1185.0416666666667,24,95.0,29.87127083333333,13.9625,541.0,,15.0,11.7,8.6,5,0.0,51.61,5.2
U0661,Pontifícia Universidade Católica do Paraná,2024,999.0,999.0,,Brazil,Latin America,Curitiba,Private,4.3,2.7,,,0.0,4.2,75.0,37.5,General,11476.0,1%,758,0.0661,56:44:00,56.0,44.0,Undergraduate & Postgraduate,-1.0,1481.8,5,1338.0,22.9358,6.8,,,26.3,12.8,34.3,1,0.0,42.73,4.3
U0662,Sakarya University,2024,999.0,999.0,,Turkey,Asia,Adapazari,Public,3.7,3.0,,,0.0,3.1,50.0,25.0,General,42601.0,7%,"1,580",0.0371,51:49:00,51.0,49.0,Undergraduate & Postgraduate,-1.0,965.9,10,382.0,34.57495,16.61,499.5,,16.5,10.6,45.4,7,0.0,32.29,3.7
U0663,Shahjalal University of Science and Technology,2024,999.0,999.0,,Bangladesh,Unknown,Sylhet,Unknown,6.8,8.9,,,0.0,,,50.0,General,9585.0,0%,0,0.0,31 : 69,31.0,69.0,Undergraduate & Postgraduate,-1.0,1101.428571428571,7,855.0,30.61642857142857,11.542857142857144,,,13.2,8.4,43.4,0,0.0,58.17,6.8
U0664,State University of Malang,2024,999.0,999.0,,Indonesia,Unknown,Unknown,Unknown,5.3,2.3,,,0.0,1.7,,50.0,General,33358.0,4%,0,0.0,55:45:00,55.0,45.0,Undergraduate & Postgraduate,-1.0,1580.0,11,1332.0,21.125681818181818,12.318181818181818,,,18.5,11.1,30.0,4,0.0,51.73,5.3
U0665,Technical University of Crete,2024,999.0,999.0,,Greece,Unknown,Chania,Unknown,5.9,5.4,,,0.0,,,50.0,General,6935.0,4%,0,0.0,37 : 63,37.0,63.0,Undergraduate & Postgraduate,-1.0,882.625,8,521.0,35.509249999999994,15.3625,455.0,,13.1,11.1,50.4,4,0.0,58.17,5.9
U0666,Universidad Autónoma de Chile,2024,999.0,999.0,,Chile,Latin America,Unknown,Private,5.5,2.2,,,0.0,2.9,75.0,37.5,General,30336.0,1%,"1,570",0.0518,65:35:00,65.0,35.0,Undergraduate & Postgraduate,-1.0,1194.0,1,1194.0,28.3745,5.5,,,12.5,12.2,54.5,1,0.0,42.21,5.5
U0667,Universidade do Estado de Santa Catarina,2024,999.0,999.0,,Brazil,Unknown,Unknown,Unknown,3.9,1.3,,,0.0,1.6,,50.0,General,12417.0,1%,0,0.0,54:46:00,54.0,46.0,Undergraduate & Postgraduate,-1.0,1481.8,5,1338.0,22.9358,6.8,,,26.5,11.0,15.7,1,0.0,51.69,3.9
U0668,Universitas Andalas,2024,999.0,999.0,,Indonesia,Asia,Padang,Public,6.9,3.9,,,0.0,1.4,75.0,37.5,General,32695.0,1%,"1,364",0.0417,58:42:00,58.0,42.0,Undergraduate & Postgraduate,-1.0,1580.0,11,1332.0,21.125681818181818,12.318181818181818,,,24.7,12.7,16.5,1,0.0,41.61,6.9
U0669,University of Craiova,2024,999.0,999.0,,Romania,Unknown,Unknown,Unknown,4.1,2.0,,,0.0,2.0,,50.0,General,16907.0,4%,0,0.0,50:50:00,50.0,50.0,Undergraduate & Postgraduate,-1.0,1481.6666666666667,6,1139.0,23.05858333333333,6.883333333333333,673.0,,18.3,11.5,25.2,4,0.0,51.85,4.1
U0670,University of Ibadan,2024,991.0,1.0,,Nigeria,Unknown,Ibadan,Unknown,9.0,6.6,,1001.0,898.0,,,100.0,General,41269.0,0%,0,0.0,50:50:00,50.0,50.0,Undergraduate & Postgraduate,-1.0,980.5,2,935.0,33.12025,8.2,898.0,,27.6,14.4,59.3,0,0.6,58.17,9.0
U0671,University of Kragujevac,2024,999.0,999.0,,Serbia,Europe,Kragujevac,Public,4.0,2.4,,,0.0,3.6,100.0,50.0,General,16543.0,1%,908,0.0549,63:37:00,63.0,37.0,Undergraduate & Postgraduate,-1.0,1193.6666666666667,3,964.0,28.84233333333333,10.2,327.0,,23.8,10.7,60.0,1,0.0,52.49,4.0
U0672,University of Lagos,2024,999.0,999.0,,Nigeria,Unknown,Lagos,Unknown,7.4,5.6,,,0.0,,,50.0,General,41048.0,0%,0,0.0,51:49:00,51.0,49.0,Undergraduate & Postgraduate,-1.0,980.5,2,935.0,33.12025,8.2,898.0,,14.6,14.4,65.5,0,0.0,58.17,7.4
U0673,University of Lampung,2024,999.0,999.0,,Indonesia,Unknown,Unknown,Unknown,3.4,1.8,,,0.0,1.3,,50.0,General,34807.0,0%,0,0.0,60:40:00,60.0,40.0,Undergraduate & Postgraduate,-1.0,1580.0,11,1332.0,21.125681818181818,12.318181818181818,,,17.1,8.1,26.3,0,0.0,51.57,3.4
U0674,University of Oradea,2024,999.0,999.0,,Romania,Unknown,Unknown,Unknown,5.0,2.0,,,0.0,1.7,,50.0,General,15820.0,6%,0,0.0,56:44:00,56.0,44.0,Undergraduate & Postgraduate,-1.0,1481.6666666666667,6,1139.0,23.05858333333333,6.883333333333333,673.0,,16.7,14.6,35.0,6,0.0,51.73,5.0
U0675,University of Stavanger,2024,999.0,999.0,,Norway,Unknown,Unknown,Unknown,7.2,5.7,,,0.0,,,50.0,General,11428.0,13%,0,0.0,58:42:00,58.0,42.0,Undergraduate & Postgraduate,-1.0,378.3333333333333,3,127.0,52.4375,31.9,157.5,,24.7,15.6,66.6,13,0.0,58.17,7.2
